web-scraper-order,web-scraper-start-url,cat,cat-href,subcat,subcat-href,name
"1632409545-4933","https://www.officedepot.com/a/browse/cameras-and-camcorders/N=5+509515/","Security Cameras & Surveillance   (163)","https://www.officedepot.com/a/browse/security-cameras-and-surveillance/N=5+509545/","Security Cameras & Surveillance Accessories   (54)","https://www.officedepot.com/a/browse/security-camera-accessories/N=5+553745/","Apricorn Velocity Solo x1 - Performance SSD Upgrade Kit for Desktop PCs and MacP..."
"1632409425-4780","https://www.officedepot.com/a/browse/cameras-and-camcorders/N=5+509515/","Security Cameras & Surveillance   (163)","https://www.officedepot.com/a/browse/security-cameras-and-surveillance/N=5+509545/","Security Cameras   (53)","https://www.officedepot.com/a/browse/security-cameras/N=5+509546/","Ring Certified Refurbished Battery Powered Spotlight Camera, Black"
"1632409657-5004","https://www.officedepot.com/a/browse/cameras-and-camcorders/N=5+509515/","Camera Accessories   (478)","https://www.officedepot.com/a/browse/camera-accessories/N=5+509526/","Camera Lenses & Flashes   (67)","https://www.officedepot.com/a/browse/camera-lenses-and-flashes/N=5+509531/","Canon - 55 mm to 250 mm - f/5.6 - Telephoto Zoom Lens for Canon EF/EF-S - 58 mm ..."
"1632409508-4847","https://www.officedepot.com/a/browse/cameras-and-camcorders/N=5+509515/","Security Cameras & Surveillance   (163)","https://www.officedepot.com/a/browse/security-cameras-and-surveillance/N=5+509545/","Security Camera Bundles   (74)","https://www.officedepot.com/a/browse/security-camera-bundles/N=5+511274/","D-Link Vigilance DCS-4618EK 8 Megapixel HD Network Camera - Dome - 98.43 ft - H....0.0 out of 5 stars."
"1632409425-4755","https://www.officedepot.com/a/browse/cameras-and-camcorders/N=5+509515/","Security Cameras & Surveillance   (163)","https://www.officedepot.com/a/browse/security-cameras-and-surveillance/N=5+509545/","Security Cameras   (53)","https://www.officedepot.com/a/browse/security-cameras/N=5+509546/","Google™ Nest Cam Outdoor"
"1632409545-4930","https://www.officedepot.com/a/browse/cameras-and-camcorders/N=5+509515/","Security Cameras & Surveillance   (163)","https://www.officedepot.com/a/browse/security-cameras-and-surveillance/N=5+509545/","Security Cameras & Surveillance Accessories   (54)","https://www.officedepot.com/a/browse/security-camera-accessories/N=5+553745/","SYBA Multimedia SATA III 2 Internal 6Gbps Ports PCI-e Controller Card - Serial A..."
"1632409425-4786","https://www.officedepot.com/a/browse/cameras-and-camcorders/N=5+509515/","Security Cameras & Surveillance   (163)","https://www.officedepot.com/a/browse/security-cameras-and-surveillance/N=5+509545/","Security Cameras   (53)","https://www.officedepot.com/a/browse/security-cameras/N=5+509546/","Ring Wireless HD Indoor/Outdoor Battery-Powered Stick Up Cam, Black, 8SS1S8-BEN0"
"1632409508-4862","https://www.officedepot.com/a/browse/cameras-and-camcorders/N=5+509515/","Security Cameras & Surveillance   (163)","https://www.officedepot.com/a/browse/security-cameras-and-surveillance/N=5+509545/","Security Camera Bundles   (74)","https://www.officedepot.com/a/browse/security-camera-bundles/N=5+511274/","Technaxx TX-106 HD Surveillance Camera - MP4 - 1920 x 1080 - Wall Mount0.0 out of 5 stars."
"1632409425-4788","https://www.officedepot.com/a/browse/cameras-and-camcorders/N=5+509515/","Security Cameras & Surveillance   (163)","https://www.officedepot.com/a/browse/security-cameras-and-surveillance/N=5+509545/","Security Cameras   (53)","https://www.officedepot.com/a/browse/security-cameras/N=5+509546/","NetGear® Arlo™ Pro Wireless HD Indoor/Outdoor Add-On Security Camera, VMC4030-10..."
"1632409508-4800","https://www.officedepot.com/a/browse/cameras-and-camcorders/N=5+509515/","Security Cameras & Surveillance   (163)","https://www.officedepot.com/a/browse/security-cameras-and-surveillance/N=5+509545/","Security Camera Bundles   (74)","https://www.officedepot.com/a/browse/security-camera-bundles/N=5+511274/","Energizer HD Network Camera - 1 Pack - 15 ft Night Vision - H.264 - 1920 x 1080 ..."
"1632409508-4854","https://www.officedepot.com/a/browse/cameras-and-camcorders/N=5+509515/","Security Cameras & Surveillance   (163)","https://www.officedepot.com/a/browse/security-cameras-and-surveillance/N=5+509545/","Security Camera Bundles   (74)","https://www.officedepot.com/a/browse/security-camera-bundles/N=5+511274/","Fortinet FortiCam FD40 4 Megapixel HD Network Camera - Color, Monochrome - Dome ...0.0 out of 5 stars."
"1632409545-4929","https://www.officedepot.com/a/browse/cameras-and-camcorders/N=5+509515/","Security Cameras & Surveillance   (163)","https://www.officedepot.com/a/browse/security-cameras-and-surveillance/N=5+509545/","Security Cameras & Surveillance Accessories   (54)","https://www.officedepot.com/a/browse/security-camera-accessories/N=5+553745/","NetGear® Arlo™ Pro Wireless HD Indoor/Outdoor Security System With 3 Cameras, VM..."
"1632409545-4897","https://www.officedepot.com/a/browse/cameras-and-camcorders/N=5+509515/","Security Cameras & Surveillance   (163)","https://www.officedepot.com/a/browse/security-cameras-and-surveillance/N=5+509545/","Security Cameras & Surveillance Accessories   (54)","https://www.officedepot.com/a/browse/security-camera-accessories/N=5+553745/","Lumenology Portable Motion Indoor/Outdoor LED Light, Black"
"1632409508-4796","https://www.officedepot.com/a/browse/cameras-and-camcorders/N=5+509515/","Security Cameras & Surveillance   (163)","https://www.officedepot.com/a/browse/security-cameras-and-surveillance/N=5+509545/","Security Camera Bundles   (74)","https://www.officedepot.com/a/browse/security-camera-bundles/N=5+511274/","Lorex Video Surveillance System - Digital Video Recorder, Camera - 1920 x 1080 C..."
"1632409508-4842","https://www.officedepot.com/a/browse/cameras-and-camcorders/N=5+509515/","Security Cameras & Surveillance   (163)","https://www.officedepot.com/a/browse/security-cameras-and-surveillance/N=5+509545/","Security Camera Bundles   (74)","https://www.officedepot.com/a/browse/security-camera-bundles/N=5+511274/","Energizer HD Network Camera - 1 Pack - 15 ft Night Vision - H.264 - 1280 x 720 -...4.8 out of 5 stars. 24 reviews"
"1632409425-4783","https://www.officedepot.com/a/browse/cameras-and-camcorders/N=5+509515/","Security Cameras & Surveillance   (163)","https://www.officedepot.com/a/browse/security-cameras-and-surveillance/N=5+509545/","Security Cameras   (53)","https://www.officedepot.com/a/browse/security-cameras/N=5+509546/","Momentum Codi 2K Wireless Indoor Camera, White, MOCAMIND2K-01"
"1632409425-4760","https://www.officedepot.com/a/browse/cameras-and-camcorders/N=5+509515/","Security Cameras & Surveillance   (163)","https://www.officedepot.com/a/browse/security-cameras-and-surveillance/N=5+509545/","Security Cameras   (53)","https://www.officedepot.com/a/browse/security-cameras/N=5+509546/","ALC Wireless Full HD 1080p Indoor Wi-Fi Camera, AWF21"
"1632409425-4785","https://www.officedepot.com/a/browse/cameras-and-camcorders/N=5+509515/","Security Cameras & Surveillance   (163)","https://www.officedepot.com/a/browse/security-cameras-and-surveillance/N=5+509545/","Security Cameras   (53)","https://www.officedepot.com/a/browse/security-cameras/N=5+509546/","Ring Wireless HD Indoor/Outdoor Battery-Powered Stick Up Cam, White, 8SS1S8-WEN0"
"1632409425-4773","https://www.officedepot.com/a/browse/cameras-and-camcorders/N=5+509515/","Security Cameras & Surveillance   (163)","https://www.officedepot.com/a/browse/security-cameras-and-surveillance/N=5+509545/","Security Cameras   (53)","https://www.officedepot.com/a/browse/security-cameras/N=5+509546/","Ring Certified Refurbished Floodlight Camera, Black"
"1632409582-5002","https://www.officedepot.com/a/browse/cameras-and-camcorders/N=5+509515/","Camera Accessories   (478)","https://www.officedepot.com/a/browse/camera-accessories/N=5+509526/","Protectants & Cleaners   (4)","https://www.officedepot.com/a/browse/protectants-and-cleaners/N=5+1508949/","Endust® For Electronics Multi-Surface Wipes, 7"" x 5"" Sheets, Canister Of 70 Wipe..."
"1632409670-5028","https://www.officedepot.com/a/browse/cameras-and-camcorders/N=5+509515/","Camera Accessories   (478)","https://www.officedepot.com/a/browse/camera-accessories/N=5+509526/","Camera Kits   (9)","https://www.officedepot.com/a/browse/camera-kits/N=5+509530/","DigiPower Light Up Prosumer Smart Video Light For Cameras And Smartphones, DP-VL..."
"1632409508-4831","https://www.officedepot.com/a/browse/cameras-and-camcorders/N=5+509515/","Security Cameras & Surveillance   (163)","https://www.officedepot.com/a/browse/security-cameras-and-surveillance/N=5+509545/","Security Camera Bundles   (74)","https://www.officedepot.com/a/browse/security-camera-bundles/N=5+511274/","Bosch Dinion VEI-308V05-23W Outdoor Surveillance Camera - Monochrome, Color - 1 ..."
"1632409508-4849","https://www.officedepot.com/a/browse/cameras-and-camcorders/N=5+509515/","Security Cameras & Surveillance   (163)","https://www.officedepot.com/a/browse/security-cameras-and-surveillance/N=5+509545/","Security Camera Bundles   (74)","https://www.officedepot.com/a/browse/security-camera-bundles/N=5+511274/","ALC Wireless Full HD 1080p Outdoor Pan/Tilt Security Camera, AWF534.4 out of 5 stars. 14 reviews"
"1632409425-4782","https://www.officedepot.com/a/browse/cameras-and-camcorders/N=5+509515/","Security Cameras & Surveillance   (163)","https://www.officedepot.com/a/browse/security-cameras-and-surveillance/N=5+509545/","Security Cameras   (53)","https://www.officedepot.com/a/browse/security-cameras/N=5+509546/","Ring Refurbished Video Doorbell, Venetian Bronze"
"1632409508-4829","https://www.officedepot.com/a/browse/cameras-and-camcorders/N=5+509515/","Security Cameras & Surveillance   (163)","https://www.officedepot.com/a/browse/security-cameras-and-surveillance/N=5+509545/","Security Camera Bundles   (74)","https://www.officedepot.com/a/browse/security-camera-bundles/N=5+511274/","Arlo Ultra 4K UHD Wireless Security 2-Camera System, VMS5240"
"1632409657-5011","https://www.officedepot.com/a/browse/cameras-and-camcorders/N=5+509515/","Camera Accessories   (478)","https://www.officedepot.com/a/browse/camera-accessories/N=5+509526/","Camera Lenses & Flashes   (67)","https://www.officedepot.com/a/browse/camera-lenses-and-flashes/N=5+509531/","Olympus M.ZUIKO DIGITAL - 30 mm - f/3.5 - Macro Fixed Lens for Micro Four Thirds..."
"1632409425-4739","https://www.officedepot.com/a/browse/cameras-and-camcorders/N=5+509515/","Security Cameras & Surveillance   (163)","https://www.officedepot.com/a/browse/security-cameras-and-surveillance/N=5+509545/","Security Cameras   (53)","https://www.officedepot.com/a/browse/security-cameras/N=5+509546/","Ring Spotlight Cam Battery, Black"
"1632409582-5003","https://www.officedepot.com/a/browse/cameras-and-camcorders/N=5+509515/","Camera Accessories   (478)","https://www.officedepot.com/a/browse/camera-accessories/N=5+509526/","Protectants & Cleaners   (4)","https://www.officedepot.com/a/browse/protectants-and-cleaners/N=5+1508949/","Manhattan LCD Mini Cleaning Kit - Cleaning kit"
"1632409425-4740","https://www.officedepot.com/a/browse/cameras-and-camcorders/N=5+509515/","Security Cameras & Surveillance   (163)","https://www.officedepot.com/a/browse/security-cameras-and-surveillance/N=5+509545/","Security Cameras   (53)","https://www.officedepot.com/a/browse/security-cameras/N=5+509546/","Ring Stick Up Wired HD Indoor/Outdoor Plug-In Security Camera, White, 8SW1S9-WEN..."
"1632409545-4915","https://www.officedepot.com/a/browse/cameras-and-camcorders/N=5+509515/","Security Cameras & Surveillance   (163)","https://www.officedepot.com/a/browse/security-cameras-and-surveillance/N=5+509545/","Security Cameras & Surveillance Accessories   (54)","https://www.officedepot.com/a/browse/security-camera-accessories/N=5+553745/","Lumenology Dual LED Wireless Security Motion Light, Bronze"
"1632409657-5009","https://www.officedepot.com/a/browse/cameras-and-camcorders/N=5+509515/","Camera Accessories   (478)","https://www.officedepot.com/a/browse/camera-accessories/N=5+509526/","Camera Lenses & Flashes   (67)","https://www.officedepot.com/a/browse/camera-lenses-and-flashes/N=5+509531/","Panasonic - 11.80 mm to 14.60 mm - f/2.2 - Zoom Lens - 1.2x Optical Zoom - 5.5"" ..."
"1632409425-4784","https://www.officedepot.com/a/browse/cameras-and-camcorders/N=5+509515/","Security Cameras & Surveillance   (163)","https://www.officedepot.com/a/browse/security-cameras-and-surveillance/N=5+509545/","Security Cameras   (53)","https://www.officedepot.com/a/browse/security-cameras/N=5+509546/","Switchmate SimplySmart Home Cube Wireless 1080p Indoor/Outdoor Camera, CSM005"
"1632409425-4761","https://www.officedepot.com/a/browse/cameras-and-camcorders/N=5+509515/","Security Cameras & Surveillance   (163)","https://www.officedepot.com/a/browse/security-cameras-and-surveillance/N=5+509545/","Security Cameras   (53)","https://www.officedepot.com/a/browse/security-cameras/N=5+509546/","Ring Peephole Wireless 1080p HD Indoor/Outdoor Doorbell Camera, 8SPPS9-0EN0"
"1632409508-4830","https://www.officedepot.com/a/browse/cameras-and-camcorders/N=5+509515/","Security Cameras & Surveillance   (163)","https://www.officedepot.com/a/browse/security-cameras-and-surveillance/N=5+509545/","Security Camera Bundles   (74)","https://www.officedepot.com/a/browse/security-camera-bundles/N=5+511274/","Energizer HD Network Camera - 1 Pack - Night Vision - H.264 - 1280 x 720 - CMOS ..."
"1632409425-4790","https://www.officedepot.com/a/browse/cameras-and-camcorders/N=5+509515/","Security Cameras & Surveillance   (163)","https://www.officedepot.com/a/browse/security-cameras-and-surveillance/N=5+509545/","Security Cameras   (53)","https://www.officedepot.com/a/browse/security-cameras/N=5+509546/","Ring Certified Refurbished Video Doorbell Pro, Black/Silver"
"1632409425-4750","https://www.officedepot.com/a/browse/cameras-and-camcorders/N=5+509515/","Security Cameras & Surveillance   (163)","https://www.officedepot.com/a/browse/security-cameras-and-surveillance/N=5+509545/","Security Cameras   (53)","https://www.officedepot.com/a/browse/security-cameras/N=5+509546/","NetGear® Arlo™ Pro Wireless HD Indoor/Outdoor Security Camera, VMS4130-100NAS"
"1632409508-4821","https://www.officedepot.com/a/browse/cameras-and-camcorders/N=5+509515/","Security Cameras & Surveillance   (163)","https://www.officedepot.com/a/browse/security-cameras-and-surveillance/N=5+509545/","Security Camera Bundles   (74)","https://www.officedepot.com/a/browse/security-camera-bundles/N=5+511274/","D-Link DCS-6616 Network Camera - Color - MPEG-4, MJPEG - 3.80 mm Zoom Lens - 12x..."
"1632409425-4759","https://www.officedepot.com/a/browse/cameras-and-camcorders/N=5+509515/","Security Cameras & Surveillance   (163)","https://www.officedepot.com/a/browse/security-cameras-and-surveillance/N=5+509545/","Security Cameras   (53)","https://www.officedepot.com/a/browse/security-cameras/N=5+509546/","ALC SensorCam Wireless 720p HD Indoor Security Camera, AWFB17R"
"1632409573-4991","https://www.officedepot.com/a/browse/cameras-and-camcorders/N=5+509515/","Camera Accessories   (478)","https://www.officedepot.com/a/browse/camera-accessories/N=5+509526/","Tripods   (12)","https://www.officedepot.com/a/browse/tripods/N=5+509533/","Sunpak Floor Standing Tripod - 21.30"" to 58.30"" Height - 4.40 lb Load Capacity"
"1632409545-4885","https://www.officedepot.com/a/browse/cameras-and-camcorders/N=5+509515/","Security Cameras & Surveillance   (163)","https://www.officedepot.com/a/browse/security-cameras-and-surveillance/N=5+509545/","Security Cameras & Surveillance Accessories   (54)","https://www.officedepot.com/a/browse/security-camera-accessories/N=5+553745/","Ring Floodlight Cam, White"
"1632409545-4893","https://www.officedepot.com/a/browse/cameras-and-camcorders/N=5+509515/","Security Cameras & Surveillance   (163)","https://www.officedepot.com/a/browse/security-cameras-and-surveillance/N=5+509545/","Security Cameras & Surveillance Accessories   (54)","https://www.officedepot.com/a/browse/security-camera-accessories/N=5+553745/","Lumenology Dual LED Wireless Security Motion Light, White"
"1632409425-4778","https://www.officedepot.com/a/browse/cameras-and-camcorders/N=5+509515/","Security Cameras & Surveillance   (163)","https://www.officedepot.com/a/browse/security-cameras-and-surveillance/N=5+509545/","Security Cameras   (53)","https://www.officedepot.com/a/browse/security-cameras/N=5+509546/","Momentum® Aria LED Floodlight With Wi-Fi Camera"
"1632409545-4936","https://www.officedepot.com/a/browse/cameras-and-camcorders/N=5+509515/","Security Cameras & Surveillance   (163)","https://www.officedepot.com/a/browse/security-cameras-and-surveillance/N=5+509545/","Security Cameras & Surveillance Accessories   (54)","https://www.officedepot.com/a/browse/security-camera-accessories/N=5+553745/","WiebeTech MJ-1 Mouse Jiggler"
"1632409508-4834","https://www.officedepot.com/a/browse/cameras-and-camcorders/N=5+509515/","Security Cameras & Surveillance   (163)","https://www.officedepot.com/a/browse/security-cameras-and-surveillance/N=5+509545/","Security Camera Bundles   (74)","https://www.officedepot.com/a/browse/security-camera-bundles/N=5+511274/","LevelOne H.264 Mega Pixel FCS-1122 PoE 10/100 Mbps IP Network Camera w/2-way aud..."
"1632409545-4907","https://www.officedepot.com/a/browse/cameras-and-camcorders/N=5+509515/","Security Cameras & Surveillance   (163)","https://www.officedepot.com/a/browse/security-cameras-and-surveillance/N=5+509545/","Security Cameras & Surveillance Accessories   (54)","https://www.officedepot.com/a/browse/security-camera-accessories/N=5+553745/","VTech VM2251 Video Surveillance System - Camera Module, Monitoring Module - 2.4""..."
"1632409508-4797","https://www.officedepot.com/a/browse/cameras-and-camcorders/N=5+509515/","Security Cameras & Surveillance   (163)","https://www.officedepot.com/a/browse/security-cameras-and-surveillance/N=5+509545/","Security Camera Bundles   (74)","https://www.officedepot.com/a/browse/security-camera-bundles/N=5+511274/","D-Link mydlink DCS-8525LH HD Network Camera - Color, Monochrome - 16 ft - H.264 ..."
"1632409545-4883","https://www.officedepot.com/a/browse/cameras-and-camcorders/N=5+509515/","Security Cameras & Surveillance   (163)","https://www.officedepot.com/a/browse/security-cameras-and-surveillance/N=5+509545/","Security Cameras & Surveillance Accessories   (54)","https://www.officedepot.com/a/browse/security-camera-accessories/N=5+553745/","Ring Spotlight Cam Battery, Black"
"1632409508-4861","https://www.officedepot.com/a/browse/cameras-and-camcorders/N=5+509515/","Security Cameras & Surveillance   (163)","https://www.officedepot.com/a/browse/security-cameras-and-surveillance/N=5+509545/","Security Camera Bundles   (74)","https://www.officedepot.com/a/browse/security-camera-bundles/N=5+511274/","Lorex C881DA-E 8 Megapixel HD Surveillance Camera - Color - 1 Pack - Bullet - 13...4.5 out of 5 stars. 2 reviews"
"1632409508-4844","https://www.officedepot.com/a/browse/cameras-and-camcorders/N=5+509515/","Security Cameras & Surveillance   (163)","https://www.officedepot.com/a/browse/security-cameras-and-surveillance/N=5+509545/","Security Camera Bundles   (74)","https://www.officedepot.com/a/browse/security-camera-bundles/N=5+511274/","Arlo Ultra 4K UHD Wireless Security 3-Camera System, VMS53400.0 out of 5 stars."
"1632409508-4822","https://www.officedepot.com/a/browse/cameras-and-camcorders/N=5+509515/","Security Cameras & Surveillance   (163)","https://www.officedepot.com/a/browse/security-cameras-and-surveillance/N=5+509545/","Security Camera Bundles   (74)","https://www.officedepot.com/a/browse/security-camera-bundles/N=5+511274/","ALC SensorCam II Full HD 1080p Indoor Pan/Tilt Security Wi-Fi Camera With Siren,..."
"1632409508-4792","https://www.officedepot.com/a/browse/cameras-and-camcorders/N=5+509515/","Security Cameras & Surveillance   (163)","https://www.officedepot.com/a/browse/security-cameras-and-surveillance/N=5+509545/","Security Camera Bundles   (74)","https://www.officedepot.com/a/browse/security-camera-bundles/N=5+511274/","Amazon Blink Mini Network Camera, White, Pack Of 2"
"1632409508-4828","https://www.officedepot.com/a/browse/cameras-and-camcorders/N=5+509515/","Security Cameras & Surveillance   (163)","https://www.officedepot.com/a/browse/security-cameras-and-surveillance/N=5+509545/","Security Camera Bundles   (74)","https://www.officedepot.com/a/browse/security-camera-bundles/N=5+511274/","Arlo Ultra 4K UHD Wireless Security System With 1 Camera, VMS5140"
"1632409573-4997","https://www.officedepot.com/a/browse/cameras-and-camcorders/N=5+509515/","Camera Accessories   (478)","https://www.officedepot.com/a/browse/camera-accessories/N=5+509526/","Tripods   (12)","https://www.officedepot.com/a/browse/tripods/N=5+509533/","Norazza TD140 Monopod - 15.79"" to 52.17"" Height - 3.3 lb Load Capacity"
"1632409582-5001","https://www.officedepot.com/a/browse/cameras-and-camcorders/N=5+509515/","Camera Accessories   (478)","https://www.officedepot.com/a/browse/camera-accessories/N=5+509526/","Protectants & Cleaners   (4)","https://www.officedepot.com/a/browse/protectants-and-cleaners/N=5+1508949/","Office Depot® Brand Screen Cleaning Wipes, Pack Of 100"
"1632409425-4752","https://www.officedepot.com/a/browse/cameras-and-camcorders/N=5+509515/","Security Cameras & Surveillance   (163)","https://www.officedepot.com/a/browse/security-cameras-and-surveillance/N=5+509545/","Security Cameras   (53)","https://www.officedepot.com/a/browse/security-cameras/N=5+509546/","Ring Certified Refurbished Floodlight Camera, White"
"1632409545-4917","https://www.officedepot.com/a/browse/cameras-and-camcorders/N=5+509515/","Security Cameras & Surveillance   (163)","https://www.officedepot.com/a/browse/security-cameras-and-surveillance/N=5+509545/","Security Cameras & Surveillance Accessories   (54)","https://www.officedepot.com/a/browse/security-camera-accessories/N=5+553745/","Honeywell RPWL4045A Doorbell Adapter Converter - White"
"1632409425-4779","https://www.officedepot.com/a/browse/cameras-and-camcorders/N=5+509515/","Security Cameras & Surveillance   (163)","https://www.officedepot.com/a/browse/security-cameras-and-surveillance/N=5+509545/","Security Cameras   (53)","https://www.officedepot.com/a/browse/security-cameras/N=5+509546/","Momentum Teri 1080P Wireless Outdoor Camera, White, MOCAMOUT1080-02"
"1632409545-4923","https://www.officedepot.com/a/browse/cameras-and-camcorders/N=5+509515/","Security Cameras & Surveillance   (163)","https://www.officedepot.com/a/browse/security-cameras-and-surveillance/N=5+509545/","Security Cameras & Surveillance Accessories   (54)","https://www.officedepot.com/a/browse/security-camera-accessories/N=5+553745/","VTech® Digital Video Baby Monitor, VT-VM4261"
"1632409573-4992","https://www.officedepot.com/a/browse/cameras-and-camcorders/N=5+509515/","Camera Accessories   (478)","https://www.officedepot.com/a/browse/camera-accessories/N=5+509526/","Tripods   (12)","https://www.officedepot.com/a/browse/tripods/N=5+509533/","Sunpak Table Top Tripod - 5"" Height"
"1632409573-4999","https://www.officedepot.com/a/browse/cameras-and-camcorders/N=5+509515/","Camera Accessories   (478)","https://www.officedepot.com/a/browse/camera-accessories/N=5+509526/","Tripods   (12)","https://www.officedepot.com/a/browse/tripods/N=5+509533/","Urban Factory Telescopic Pole for GoPro - 8.86"" to 42.52"" Height"
"1632409508-4865","https://www.officedepot.com/a/browse/cameras-and-camcorders/N=5+509515/","Security Cameras & Surveillance   (163)","https://www.officedepot.com/a/browse/security-cameras-and-surveillance/N=5+509545/","Security Camera Bundles   (74)","https://www.officedepot.com/a/browse/security-camera-bundles/N=5+511274/","Lorex Video Surveillance System - Digital Video Recorder, Camera - 3840 x 2160 C..."
"1632409508-4853","https://www.officedepot.com/a/browse/cameras-and-camcorders/N=5+509515/","Security Cameras & Surveillance   (163)","https://www.officedepot.com/a/browse/security-cameras-and-surveillance/N=5+509545/","Security Camera Bundles   (74)","https://www.officedepot.com/a/browse/security-camera-bundles/N=5+511274/","Whistler WIC-4750 Network Camera - Color - AVI - 640 x 480 - CMOS - Water Proof,...0.0 out of 5 stars."
"1632409508-4845","https://www.officedepot.com/a/browse/cameras-and-camcorders/N=5+509515/","Security Cameras & Surveillance   (163)","https://www.officedepot.com/a/browse/security-cameras-and-surveillance/N=5+509545/","Security Camera Bundles   (74)","https://www.officedepot.com/a/browse/security-camera-bundles/N=5+511274/","Canary All-in-One Security Device, White0.0 out of 5 stars."
"1632409508-4817","https://www.officedepot.com/a/browse/cameras-and-camcorders/N=5+509515/","Security Cameras & Surveillance   (163)","https://www.officedepot.com/a/browse/security-cameras-and-surveillance/N=5+509545/","Security Camera Bundles   (74)","https://www.officedepot.com/a/browse/security-camera-bundles/N=5+511274/","VTech® Expandable Digital Video Baby Monitor With 2 Cameras, VM3251-2"
"1632409681-5038","https://www.officedepot.com/a/browse/cameras-and-camcorders/N=5+509515/","Camera Accessories   (478)","https://www.officedepot.com/a/browse/camera-accessories/N=5+509526/","Camera Film   (6)","https://www.officedepot.com/a/browse/camera-film/N=5+553088/","Polaroid® Originals Color 600 Film For Instant Cameras, Pack Of 8 Photos"
"1632409425-4763","https://www.officedepot.com/a/browse/cameras-and-camcorders/N=5+509515/","Security Cameras & Surveillance   (163)","https://www.officedepot.com/a/browse/security-cameras-and-surveillance/N=5+509545/","Security Cameras   (53)","https://www.officedepot.com/a/browse/security-cameras/N=5+509546/","ALC Connect Plus Home-Security System, AHS616"
"1632409425-4775","https://www.officedepot.com/a/browse/cameras-and-camcorders/N=5+509515/","Security Cameras & Surveillance   (163)","https://www.officedepot.com/a/browse/security-cameras-and-surveillance/N=5+509545/","Security Cameras   (53)","https://www.officedepot.com/a/browse/security-cameras/N=5+509546/","Ring Certified Refurbished Wired Spotlight Camera, Black"
"1632409545-4908","https://www.officedepot.com/a/browse/cameras-and-camcorders/N=5+509515/","Security Cameras & Surveillance   (163)","https://www.officedepot.com/a/browse/security-cameras-and-surveillance/N=5+509545/","Security Cameras & Surveillance Accessories   (54)","https://www.officedepot.com/a/browse/security-camera-accessories/N=5+553745/","ALC Panic Button Key Chain Remote"
"1632409545-4927","https://www.officedepot.com/a/browse/cameras-and-camcorders/N=5+509515/","Security Cameras & Surveillance   (163)","https://www.officedepot.com/a/browse/security-cameras-and-surveillance/N=5+509545/","Security Cameras & Surveillance Accessories   (54)","https://www.officedepot.com/a/browse/security-camera-accessories/N=5+553745/","Ring V4 Solar Panel, 7-3/4"" x 5-1/2"" x 1/2"", Black"
"1632409573-4988","https://www.officedepot.com/a/browse/cameras-and-camcorders/N=5+509515/","Camera Accessories   (478)","https://www.officedepot.com/a/browse/camera-accessories/N=5+509526/","Tripods   (12)","https://www.officedepot.com/a/browse/tripods/N=5+509533/","Vivitar® Expandable Tripod, 50"", Black"
"1632409508-4859","https://www.officedepot.com/a/browse/cameras-and-camcorders/N=5+509515/","Security Cameras & Surveillance   (163)","https://www.officedepot.com/a/browse/security-cameras-and-surveillance/N=5+509545/","Security Camera Bundles   (74)","https://www.officedepot.com/a/browse/security-camera-bundles/N=5+511274/","Lorell 5-Megapixel Bullet Surveillance Cameras, Pack Of 20.0 out of 5 stars."
"1632409425-4744","https://www.officedepot.com/a/browse/cameras-and-camcorders/N=5+509515/","Security Cameras & Surveillance   (163)","https://www.officedepot.com/a/browse/security-cameras-and-surveillance/N=5+509545/","Security Cameras   (53)","https://www.officedepot.com/a/browse/security-cameras/N=5+509546/","Ring Stick Up Wireless HD Indoor/Outdoor Security Camera With Battery, White, 8S..."
"1632409545-4935","https://www.officedepot.com/a/browse/cameras-and-camcorders/N=5+509515/","Security Cameras & Surveillance   (163)","https://www.officedepot.com/a/browse/security-cameras-and-surveillance/N=5+509545/","Security Cameras & Surveillance Accessories   (54)","https://www.officedepot.com/a/browse/security-camera-accessories/N=5+553745/","Ring Alarm Keypad, 4AK1S7-0EN0"
"1632409545-4895","https://www.officedepot.com/a/browse/cameras-and-camcorders/N=5+509515/","Security Cameras & Surveillance   (163)","https://www.officedepot.com/a/browse/security-cameras-and-surveillance/N=5+509545/","Security Cameras & Surveillance Accessories   (54)","https://www.officedepot.com/a/browse/security-camera-accessories/N=5+553745/","Google™ Nest Cam Outdoor"
"1632409508-4846","https://www.officedepot.com/a/browse/cameras-and-camcorders/N=5+509515/","Security Cameras & Surveillance   (163)","https://www.officedepot.com/a/browse/security-cameras-and-surveillance/N=5+509545/","Security Camera Bundles   (74)","https://www.officedepot.com/a/browse/security-camera-bundles/N=5+511274/","VTech® Digital Video Baby Monitor, VT-VM42610.0 out of 5 stars."
"1632409657-5017","https://www.officedepot.com/a/browse/cameras-and-camcorders/N=5+509515/","Camera Accessories   (478)","https://www.officedepot.com/a/browse/camera-accessories/N=5+509526/","Camera Lenses & Flashes   (67)","https://www.officedepot.com/a/browse/camera-lenses-and-flashes/N=5+509531/","Olympus M.ZUIKO DIGITAL - 17 mm - f/1.2 - Fixed Lens for Micro Four Thirds - Des..."
"1632409508-4812","https://www.officedepot.com/a/browse/cameras-and-camcorders/N=5+509515/","Security Cameras & Surveillance   (163)","https://www.officedepot.com/a/browse/security-cameras-and-surveillance/N=5+509545/","Security Camera Bundles   (74)","https://www.officedepot.com/a/browse/security-camera-bundles/N=5+511274/","Lorex LBV2531U 2.1 Megapixel HD Surveillance Camera - Color - 1 Pack - Bullet - ..."
"1632409545-4889","https://www.officedepot.com/a/browse/cameras-and-camcorders/N=5+509515/","Security Cameras & Surveillance   (163)","https://www.officedepot.com/a/browse/security-cameras-and-surveillance/N=5+509545/","Security Cameras & Surveillance Accessories   (54)","https://www.officedepot.com/a/browse/security-camera-accessories/N=5+553745/","Ring Chime Pro, White"
"1632409508-4856","https://www.officedepot.com/a/browse/cameras-and-camcorders/N=5+509515/","Security Cameras & Surveillance   (163)","https://www.officedepot.com/a/browse/security-cameras-and-surveillance/N=5+509545/","Security Camera Bundles   (74)","https://www.officedepot.com/a/browse/security-camera-bundles/N=5+511274/","VTech® Digital Video Baby Monitor, VT-VM3252-20.0 out of 5 stars."
"1632409670-5035","https://www.officedepot.com/a/browse/cameras-and-camcorders/N=5+509515/","Camera Accessories   (478)","https://www.officedepot.com/a/browse/camera-accessories/N=5+509526/","Camera Kits   (9)","https://www.officedepot.com/a/browse/camera-kits/N=5+509530/","Digipower MyStory DP-VRLK10 Personal Vlogging Kit"
"1632409657-5013","https://www.officedepot.com/a/browse/cameras-and-camcorders/N=5+509515/","Camera Accessories   (478)","https://www.officedepot.com/a/browse/camera-accessories/N=5+509526/","Camera Lenses & Flashes   (67)","https://www.officedepot.com/a/browse/camera-lenses-and-flashes/N=5+509531/","Canon EF 4426B002 - 70 mm to 300 mm - f/5.6 - Telephoto Zoom Lens for Canon EF/E..."
"1632409508-4793","https://www.officedepot.com/a/browse/cameras-and-camcorders/N=5+509515/","Security Cameras & Surveillance   (163)","https://www.officedepot.com/a/browse/security-cameras-and-surveillance/N=5+509545/","Security Camera Bundles   (74)","https://www.officedepot.com/a/browse/security-camera-bundles/N=5+511274/","ALC 4-Channel Surveillance System With 2 Cameras And 7"" Touch-Screen Monitor, AW..."
"1632409508-4813","https://www.officedepot.com/a/browse/cameras-and-camcorders/N=5+509515/","Security Cameras & Surveillance   (163)","https://www.officedepot.com/a/browse/security-cameras-and-surveillance/N=5+509545/","Security Camera Bundles   (74)","https://www.officedepot.com/a/browse/security-camera-bundles/N=5+511274/","Lorex C841CA-E 8 Megapixel HD Surveillance Camera - Color - 1 Pack - Bullet - 12..."
"1632409670-5036","https://www.officedepot.com/a/browse/cameras-and-camcorders/N=5+509515/","Camera Accessories   (478)","https://www.officedepot.com/a/browse/camera-accessories/N=5+509526/","Camera Kits   (9)","https://www.officedepot.com/a/browse/camera-kits/N=5+509530/","Cygnett V-Pro Video Light - 1 x Batteries Supported - CR2032 - Tripod Mount - Bl..."
"1632409508-4864","https://www.officedepot.com/a/browse/cameras-and-camcorders/N=5+509515/","Security Cameras & Surveillance   (163)","https://www.officedepot.com/a/browse/security-cameras-and-surveillance/N=5+509545/","Security Camera Bundles   (74)","https://www.officedepot.com/a/browse/security-camera-bundles/N=5+511274/","Foscam Wired/Wireless Outdoor Pan/Tilt IP Security Camera, White"
"1632409545-4902","https://www.officedepot.com/a/browse/cameras-and-camcorders/N=5+509515/","Security Cameras & Surveillance   (163)","https://www.officedepot.com/a/browse/security-cameras-and-surveillance/N=5+509545/","Security Cameras & Surveillance Accessories   (54)","https://www.officedepot.com/a/browse/security-camera-accessories/N=5+553745/","Ring Range Extender, 4AR1S7-0EN0"
"1632409545-4888","https://www.officedepot.com/a/browse/cameras-and-camcorders/N=5+509515/","Security Cameras & Surveillance   (163)","https://www.officedepot.com/a/browse/security-cameras-and-surveillance/N=5+509545/","Security Cameras & Surveillance Accessories   (54)","https://www.officedepot.com/a/browse/security-camera-accessories/N=5+553745/","VTech® 2-Camera Pan & Tilt Video Baby Monitor, VT-VM4261-2"
"1632409508-4825","https://www.officedepot.com/a/browse/cameras-and-camcorders/N=5+509515/","Security Cameras & Surveillance   (163)","https://www.officedepot.com/a/browse/security-cameras-and-surveillance/N=5+509545/","Security Camera Bundles   (74)","https://www.officedepot.com/a/browse/security-camera-bundles/N=5+511274/","Technaxx TX-106 Surveillance Camera - 26.25 ft - MP4 - 1920 x 1080 - Wall Mount"
"1632409545-4922","https://www.officedepot.com/a/browse/cameras-and-camcorders/N=5+509515/","Security Cameras & Surveillance   (163)","https://www.officedepot.com/a/browse/security-cameras-and-surveillance/N=5+509545/","Security Cameras & Surveillance Accessories   (54)","https://www.officedepot.com/a/browse/security-camera-accessories/N=5+553745/","Royal 29421N Keyfob Transmitter"
"1632409545-4919","https://www.officedepot.com/a/browse/cameras-and-camcorders/N=5+509515/","Security Cameras & Surveillance   (163)","https://www.officedepot.com/a/browse/security-cameras-and-surveillance/N=5+509545/","Security Cameras & Surveillance Accessories   (54)","https://www.officedepot.com/a/browse/security-camera-accessories/N=5+553745/","Momentum® Aria LED Floodlight With Wi-Fi Camera"
"1632409508-4808","https://www.officedepot.com/a/browse/cameras-and-camcorders/N=5+509515/","Security Cameras & Surveillance   (163)","https://www.officedepot.com/a/browse/security-cameras-and-surveillance/N=5+509545/","Security Camera Bundles   (74)","https://www.officedepot.com/a/browse/security-camera-bundles/N=5+511274/","D-Link Vigilance DCS-4614EK 4 Megapixel HD Network Camera - Dome - 98.43 ft Nigh..."
"1632409573-4989","https://www.officedepot.com/a/browse/cameras-and-camcorders/N=5+509515/","Camera Accessories   (478)","https://www.officedepot.com/a/browse/camera-accessories/N=5+509526/","Tripods   (12)","https://www.officedepot.com/a/browse/tripods/N=5+509533/","Vivitar VIV-VPT-3662 Floor Standing Tripod - 62"" Height"
"1632409670-5033","https://www.officedepot.com/a/browse/cameras-and-camcorders/N=5+509515/","Camera Accessories   (478)","https://www.officedepot.com/a/browse/camera-accessories/N=5+509526/","Camera Kits   (9)","https://www.officedepot.com/a/browse/camera-kits/N=5+509530/","B3E 300U-GC-KIT - Lamp head - 1 heads - LED - 5.5 W - DC"
"1632409657-5021","https://www.officedepot.com/a/browse/cameras-and-camcorders/N=5+509515/","Camera Accessories   (478)","https://www.officedepot.com/a/browse/camera-accessories/N=5+509526/","Camera Lenses & Flashes   (67)","https://www.officedepot.com/a/browse/camera-lenses-and-flashes/N=5+509531/","Panasonic ET-ELW22 - 13.27 mm to 16.56 mm - f/2.4 - Short Throw Zoom Lens - 1.3x..."
"1632409508-4843","https://www.officedepot.com/a/browse/cameras-and-camcorders/N=5+509515/","Security Cameras & Surveillance   (163)","https://www.officedepot.com/a/browse/security-cameras-and-surveillance/N=5+509545/","Security Camera Bundles   (74)","https://www.officedepot.com/a/browse/security-camera-bundles/N=5+511274/","Ubiquiti UniFi G3-MICRO 2 Megapixel HD Network Camera - Color - Bullet - 82 ft -...0.0 out of 5 stars."
"1632409545-4903","https://www.officedepot.com/a/browse/cameras-and-camcorders/N=5+509515/","Security Cameras & Surveillance   (163)","https://www.officedepot.com/a/browse/security-cameras-and-surveillance/N=5+509545/","Security Cameras & Surveillance Accessories   (54)","https://www.officedepot.com/a/browse/security-camera-accessories/N=5+553745/","ALC Connect Plus Home-Security System, AHS616"
"1632409545-4909","https://www.officedepot.com/a/browse/cameras-and-camcorders/N=5+509515/","Security Cameras & Surveillance   (163)","https://www.officedepot.com/a/browse/security-cameras-and-surveillance/N=5+509545/","Security Cameras & Surveillance Accessories   (54)","https://www.officedepot.com/a/browse/security-camera-accessories/N=5+553745/","StarTech.com 4 Port PCI Express 2.0 SATA III 6Gbps RAID Controller Card with Hyp..."
"1632409425-4789","https://www.officedepot.com/a/browse/cameras-and-camcorders/N=5+509515/","Security Cameras & Surveillance   (163)","https://www.officedepot.com/a/browse/security-cameras-and-surveillance/N=5+509545/","Security Cameras   (53)","https://www.officedepot.com/a/browse/security-cameras/N=5+509546/","NetGear® Arlo™ Pro Wireless HD Indoor/Outdoor Security System With 3 Cameras, VM..."
"1632409657-5027","https://www.officedepot.com/a/browse/cameras-and-camcorders/N=5+509515/","Camera Accessories   (478)","https://www.officedepot.com/a/browse/camera-accessories/N=5+509526/","Camera Lenses & Flashes   (67)","https://www.officedepot.com/a/browse/camera-lenses-and-flashes/N=5+509531/","NEC NP35ZL - Zoom lens - 18.07 mm - 22.59 mm - f/2.0-2.32 - for NEC PX602UL"
"1632409425-4747","https://www.officedepot.com/a/browse/cameras-and-camcorders/N=5+509515/","Security Cameras & Surveillance   (163)","https://www.officedepot.com/a/browse/security-cameras-and-surveillance/N=5+509545/","Security Cameras   (53)","https://www.officedepot.com/a/browse/security-cameras/N=5+509546/","Ring Spotlight Cam Wired, White"
"1632409681-5041","https://www.officedepot.com/a/browse/cameras-and-camcorders/N=5+509515/","Camera Accessories   (478)","https://www.officedepot.com/a/browse/camera-accessories/N=5+509526/","Camera Film   (6)","https://www.officedepot.com/a/browse/camera-film/N=5+553088/","Fujifilm Instax SQUARE Film"
"1632409545-4925","https://www.officedepot.com/a/browse/cameras-and-camcorders/N=5+509515/","Security Cameras & Surveillance   (163)","https://www.officedepot.com/a/browse/security-cameras-and-surveillance/N=5+509545/","Security Cameras & Surveillance Accessories   (54)","https://www.officedepot.com/a/browse/security-camera-accessories/N=5+553745/","LevelOne FCS-9436 IP CamSecure Pro36 w/support of Mega Pixels IP Cameras - 36 Ch..."
"1632409545-4900","https://www.officedepot.com/a/browse/cameras-and-camcorders/N=5+509515/","Security Cameras & Surveillance   (163)","https://www.officedepot.com/a/browse/security-cameras-and-surveillance/N=5+509545/","Security Cameras & Surveillance Accessories   (54)","https://www.officedepot.com/a/browse/security-camera-accessories/N=5+553745/","Arlo Replaceable Skins - Camera protective cover - blue, yellow, pink (pack of 3..."
"1632409670-5034","https://www.officedepot.com/a/browse/cameras-and-camcorders/N=5+509515/","Camera Accessories   (478)","https://www.officedepot.com/a/browse/camera-accessories/N=5+509526/","Camera Kits   (9)","https://www.officedepot.com/a/browse/camera-kits/N=5+509530/","Cygnett V-Tuber Pro Video Light - 1 x Batteries Supported - CR2032 - Tripod Moun..."
"1632409425-4771","https://www.officedepot.com/a/browse/cameras-and-camcorders/N=5+509515/","Security Cameras & Surveillance   (163)","https://www.officedepot.com/a/browse/security-cameras-and-surveillance/N=5+509545/","Security Cameras   (53)","https://www.officedepot.com/a/browse/security-cameras/N=5+509546/","Ring Certified Refurbished Stick Up Camera Battery, White"
"1632409657-5010","https://www.officedepot.com/a/browse/cameras-and-camcorders/N=5+509515/","Camera Accessories   (478)","https://www.officedepot.com/a/browse/camera-accessories/N=5+509526/","Camera Lenses & Flashes   (67)","https://www.officedepot.com/a/browse/camera-lenses-and-flashes/N=5+509531/","BenQ - Long Throw Lens"
"1632409545-4924","https://www.officedepot.com/a/browse/cameras-and-camcorders/N=5+509515/","Security Cameras & Surveillance   (163)","https://www.officedepot.com/a/browse/security-cameras-and-surveillance/N=5+509545/","Security Cameras & Surveillance Accessories   (54)","https://www.officedepot.com/a/browse/security-camera-accessories/N=5+553745/","ooma Home Security Starter Kit - Home security system - wireless"
"1632409545-4934","https://www.officedepot.com/a/browse/cameras-and-camcorders/N=5+509515/","Security Cameras & Surveillance   (163)","https://www.officedepot.com/a/browse/security-cameras-and-surveillance/N=5+509545/","Security Cameras & Surveillance Accessories   (54)","https://www.officedepot.com/a/browse/security-camera-accessories/N=5+553745/","Bosch Weather Enclosure for Photo Beam - Outdoor"
"1632409425-4772","https://www.officedepot.com/a/browse/cameras-and-camcorders/N=5+509515/","Security Cameras & Surveillance   (163)","https://www.officedepot.com/a/browse/security-cameras-and-surveillance/N=5+509545/","Security Cameras   (53)","https://www.officedepot.com/a/browse/security-cameras/N=5+509546/","Ring Certified Refurbished Indoor Camera, White"
"1632409425-4765","https://www.officedepot.com/a/browse/cameras-and-camcorders/N=5+509515/","Security Cameras & Surveillance   (163)","https://www.officedepot.com/a/browse/security-cameras-and-surveillance/N=5+509545/","Security Cameras   (53)","https://www.officedepot.com/a/browse/security-cameras/N=5+509546/","Ring Certified Refurbished Plug-in Stick Up Camera, White"
"1632409545-4899","https://www.officedepot.com/a/browse/cameras-and-camcorders/N=5+509515/","Security Cameras & Surveillance   (163)","https://www.officedepot.com/a/browse/security-cameras-and-surveillance/N=5+509545/","Security Cameras & Surveillance Accessories   (54)","https://www.officedepot.com/a/browse/security-camera-accessories/N=5+553745/","Cisco MegaRAID SAS 9240-8i - Serial ATA/600 - PCI Express 2.0 x8 - Low-profile -..."
"1632409545-4884","https://www.officedepot.com/a/browse/cameras-and-camcorders/N=5+509515/","Security Cameras & Surveillance   (163)","https://www.officedepot.com/a/browse/security-cameras-and-surveillance/N=5+509545/","Security Cameras & Surveillance Accessories   (54)","https://www.officedepot.com/a/browse/security-camera-accessories/N=5+553745/","Ring Floodlight Cam, Black"
"1632409545-4894","https://www.officedepot.com/a/browse/cameras-and-camcorders/N=5+509515/","Security Cameras & Surveillance   (163)","https://www.officedepot.com/a/browse/security-cameras-and-surveillance/N=5+509545/","Security Cameras & Surveillance Accessories   (54)","https://www.officedepot.com/a/browse/security-camera-accessories/N=5+553745/","StarTech.com 2 Port PCI Express SATA 6 Gbps eSATA Controller Card - Dual Port PC..."
"1632409508-4805","https://www.officedepot.com/a/browse/cameras-and-camcorders/N=5+509515/","Security Cameras & Surveillance   (163)","https://www.officedepot.com/a/browse/security-cameras-and-surveillance/N=5+509545/","Security Camera Bundles   (74)","https://www.officedepot.com/a/browse/security-camera-bundles/N=5+511274/","Bosch KBE-455V55-20 Surveillance Camera - Color - 5 mm Zoom Lens - 10x Optical -..."
"1632409425-4777","https://www.officedepot.com/a/browse/cameras-and-camcorders/N=5+509515/","Security Cameras & Surveillance   (163)","https://www.officedepot.com/a/browse/security-cameras-and-surveillance/N=5+509545/","Security Cameras   (53)","https://www.officedepot.com/a/browse/security-cameras/N=5+509546/","VTech® Pan Tilt Wireless Camera, With 16GB SD Card, Graphite, VC9311-122"
"1632409681-5039","https://www.officedepot.com/a/browse/cameras-and-camcorders/N=5+509515/","Camera Accessories   (478)","https://www.officedepot.com/a/browse/camera-accessories/N=5+509526/","Camera Film   (6)","https://www.officedepot.com/a/browse/camera-film/N=5+553088/","Fujifilm Instax Mini Film Rainbow - ISO 800"
"1632409657-5019","https://www.officedepot.com/a/browse/cameras-and-camcorders/N=5+509515/","Camera Accessories   (478)","https://www.officedepot.com/a/browse/camera-accessories/N=5+509526/","Camera Lenses & Flashes   (67)","https://www.officedepot.com/a/browse/camera-lenses-and-flashes/N=5+509531/","Canon EF-S 18-55mm f/3.5-5.6 IS Zoom Lens - f/3.5 to 5.6"
"1632409425-4743","https://www.officedepot.com/a/browse/cameras-and-camcorders/N=5+509515/","Security Cameras & Surveillance   (163)","https://www.officedepot.com/a/browse/security-cameras-and-surveillance/N=5+509545/","Security Cameras   (53)","https://www.officedepot.com/a/browse/security-cameras/N=5+509546/","Ring Spotlight Wireless HD Indoor/Outdoor Cameras, White, 8X81X7-WEN0, Pack Of 2..."
"1632409681-5042","https://www.officedepot.com/a/browse/cameras-and-camcorders/N=5+509515/","Camera Accessories   (478)","https://www.officedepot.com/a/browse/camera-accessories/N=5+509526/","Camera Film   (6)","https://www.officedepot.com/a/browse/camera-film/N=5+553088/","Fujifilm Macron Film For Instax Mini 9 Cameras"
"1632409657-5008","https://www.officedepot.com/a/browse/cameras-and-camcorders/N=5+509515/","Camera Accessories   (478)","https://www.officedepot.com/a/browse/camera-accessories/N=5+509526/","Camera Lenses & Flashes   (67)","https://www.officedepot.com/a/browse/camera-lenses-and-flashes/N=5+509531/","NEC NP37ZL - Zoom lens - 22.56 mm - 42.87 mm - f/2.3-3.39 - for NEC PX602UL, PX6..."
"1632409545-4931","https://www.officedepot.com/a/browse/cameras-and-camcorders/N=5+509515/","Security Cameras & Surveillance   (163)","https://www.officedepot.com/a/browse/security-cameras-and-surveillance/N=5+509545/","Security Cameras & Surveillance Accessories   (54)","https://www.officedepot.com/a/browse/security-camera-accessories/N=5+553745/","JOAN Meeting Room Scheduler Mounts, 13"", Black, JOAN MNT13 1PK"
"1632409425-4754","https://www.officedepot.com/a/browse/cameras-and-camcorders/N=5+509515/","Security Cameras & Surveillance   (163)","https://www.officedepot.com/a/browse/security-cameras-and-surveillance/N=5+509545/","Security Cameras   (53)","https://www.officedepot.com/a/browse/security-cameras/N=5+509546/","ALC Decoy Wireless Indoor/Outdoor Camera, AWFD01"
"1632409425-4770","https://www.officedepot.com/a/browse/cameras-and-camcorders/N=5+509515/","Security Cameras & Surveillance   (163)","https://www.officedepot.com/a/browse/security-cameras-and-surveillance/N=5+509545/","Security Cameras   (53)","https://www.officedepot.com/a/browse/security-cameras/N=5+509546/","VTech® Pan Tilt Wireless Camera, Graphite, VC931-12"
"1632409508-4804","https://www.officedepot.com/a/browse/cameras-and-camcorders/N=5+509515/","Security Cameras & Surveillance   (163)","https://www.officedepot.com/a/browse/security-cameras-and-surveillance/N=5+509545/","Security Camera Bundles   (74)","https://www.officedepot.com/a/browse/security-camera-bundles/N=5+511274/","Lorell 5-Megapixel Dome Surveillance Cameras, Pack Of 2"
"1632409582-5000","https://www.officedepot.com/a/browse/cameras-and-camcorders/N=5+509515/","Camera Accessories   (478)","https://www.officedepot.com/a/browse/camera-accessories/N=5+509526/","Protectants & Cleaners   (4)","https://www.officedepot.com/a/browse/protectants-and-cleaners/N=5+1508949/","Office Depot® Brand Screen Cleaning Wipes, Pack Of 100"
"1632409508-4841","https://www.officedepot.com/a/browse/cameras-and-camcorders/N=5+509515/","Security Cameras & Surveillance   (163)","https://www.officedepot.com/a/browse/security-cameras-and-surveillance/N=5+509545/","Security Camera Bundles   (74)","https://www.officedepot.com/a/browse/security-camera-bundles/N=5+511274/","Lorex LW4211B HD Network Camera - Color - 115 ft - 1920 x 1080 Fixed Lens - Colo...0.0 out of 5 stars."
"1632409508-4855","https://www.officedepot.com/a/browse/cameras-and-camcorders/N=5+509515/","Security Cameras & Surveillance   (163)","https://www.officedepot.com/a/browse/security-cameras-and-surveillance/N=5+509545/","Security Camera Bundles   (74)","https://www.officedepot.com/a/browse/security-camera-bundles/N=5+511274/","D-Link Vigilance DCS-4714E 4 Megapixel HD Network Camera - 98.43 ft - H.265, H.2...0.0 out of 5 stars."
"1632409657-5005","https://www.officedepot.com/a/browse/cameras-and-camcorders/N=5+509515/","Camera Accessories   (478)","https://www.officedepot.com/a/browse/camera-accessories/N=5+509526/","Camera Lenses & Flashes   (67)","https://www.officedepot.com/a/browse/camera-lenses-and-flashes/N=5+509531/","Olympus M.ZUIKO DIGITAL - 40 mm to 150 mm - f/5.6 - Telephoto Zoom Lens for Micr..."
"1632409508-4851","https://www.officedepot.com/a/browse/cameras-and-camcorders/N=5+509515/","Security Cameras & Surveillance   (163)","https://www.officedepot.com/a/browse/security-cameras-and-surveillance/N=5+509545/","Security Camera Bundles   (74)","https://www.officedepot.com/a/browse/security-camera-bundles/N=5+511274/","Energizer HD Network Camera - 1 Pack - 15 ft Night Vision - H.264 - 1920 x 1080 ...4.6 out of 5 stars. 23 reviews"
"1632409425-4745","https://www.officedepot.com/a/browse/cameras-and-camcorders/N=5+509515/","Security Cameras & Surveillance   (163)","https://www.officedepot.com/a/browse/security-cameras-and-surveillance/N=5+509545/","Security Cameras   (53)","https://www.officedepot.com/a/browse/security-cameras/N=5+509546/","Ring Stick Up Wired HD Indoor Security Camera, White, 8SN1S9-WEN0"
"1632409508-4839","https://www.officedepot.com/a/browse/cameras-and-camcorders/N=5+509515/","Security Cameras & Surveillance   (163)","https://www.officedepot.com/a/browse/security-cameras-and-surveillance/N=5+509545/","Security Camera Bundles   (74)","https://www.officedepot.com/a/browse/security-camera-bundles/N=5+511274/","Naxa NSH-3000 1 Megapixel HD Network Camera - Color - H.264 - 1280 x 720 - CMOS"
"1632409508-4818","https://www.officedepot.com/a/browse/cameras-and-camcorders/N=5+509515/","Security Cameras & Surveillance   (163)","https://www.officedepot.com/a/browse/security-cameras-and-surveillance/N=5+509545/","Security Camera Bundles   (74)","https://www.officedepot.com/a/browse/security-camera-bundles/N=5+511274/","VTech VM2251 Video Surveillance System - Camera Module, Monitoring Module - 2.4""..."
"1632409545-4887","https://www.officedepot.com/a/browse/cameras-and-camcorders/N=5+509515/","Security Cameras & Surveillance   (163)","https://www.officedepot.com/a/browse/security-cameras-and-surveillance/N=5+509545/","Security Cameras & Surveillance Accessories   (54)","https://www.officedepot.com/a/browse/security-camera-accessories/N=5+553745/","NetGear® Arlo™ Pro Wireless HD Indoor/Outdoor Security Camera, VMS4130-100NAS"
"1632409508-4799","https://www.officedepot.com/a/browse/cameras-and-camcorders/N=5+509515/","Security Cameras & Surveillance   (163)","https://www.officedepot.com/a/browse/security-cameras-and-surveillance/N=5+509545/","Security Camera Bundles   (74)","https://www.officedepot.com/a/browse/security-camera-bundles/N=5+511274/","Arlo Essential - Network surveillance camera - outdoor, indoor - weatherproof - ..."
"1632409425-4768","https://www.officedepot.com/a/browse/cameras-and-camcorders/N=5+509515/","Security Cameras & Surveillance   (163)","https://www.officedepot.com/a/browse/security-cameras-and-surveillance/N=5+509545/","Security Cameras   (53)","https://www.officedepot.com/a/browse/security-cameras/N=5+509546/","D-Link® DCS-2132L HD Day/Night Network Cloud Camera 2200"
"1632409545-4890","https://www.officedepot.com/a/browse/cameras-and-camcorders/N=5+509515/","Security Cameras & Surveillance   (163)","https://www.officedepot.com/a/browse/security-cameras-and-surveillance/N=5+509545/","Security Cameras & Surveillance Accessories   (54)","https://www.officedepot.com/a/browse/security-camera-accessories/N=5+553745/","Safety 1st® Easy-Fit® Security Gate, 27"" x 28 - 42"", White"
"1632409508-4820","https://www.officedepot.com/a/browse/cameras-and-camcorders/N=5+509515/","Security Cameras & Surveillance   (163)","https://www.officedepot.com/a/browse/security-cameras-and-surveillance/N=5+509545/","Security Camera Bundles   (74)","https://www.officedepot.com/a/browse/security-camera-bundles/N=5+511274/","eco4life SmartHome HD Network Camera - Color, Monochrome - 1 Pack - Bullet - 30 ..."
"1632409573-4993","https://www.officedepot.com/a/browse/cameras-and-camcorders/N=5+509515/","Camera Accessories   (478)","https://www.officedepot.com/a/browse/camera-accessories/N=5+509526/","Tripods   (12)","https://www.officedepot.com/a/browse/tripods/N=5+509533/","ToCAD Sunpak 8001UT Video/Photo Tripod - 20.9"" to 60.2"" Height - 6.6 lb Load Cap..."
"1632409508-4840","https://www.officedepot.com/a/browse/cameras-and-camcorders/N=5+509515/","Security Cameras & Surveillance   (163)","https://www.officedepot.com/a/browse/security-cameras-and-surveillance/N=5+509545/","Security Camera Bundles   (74)","https://www.officedepot.com/a/browse/security-camera-bundles/N=5+511274/","ALC 4-Channel Wireless NVR Surveillance System With 4 FHD Cameras And DVR, ADR42..."
"1632409657-5018","https://www.officedepot.com/a/browse/cameras-and-camcorders/N=5+509515/","Camera Accessories   (478)","https://www.officedepot.com/a/browse/camera-accessories/N=5+509526/","Camera Lenses & Flashes   (67)","https://www.officedepot.com/a/browse/camera-lenses-and-flashes/N=5+509531/","Canon EF 4410B002 - Teleconverter Lens - Designed for Lens - 2x Magnification - ..."
"1632409545-4891","https://www.officedepot.com/a/browse/cameras-and-camcorders/N=5+509515/","Security Cameras & Surveillance   (163)","https://www.officedepot.com/a/browse/security-cameras-and-surveillance/N=5+509545/","Security Cameras & Surveillance Accessories   (54)","https://www.officedepot.com/a/browse/security-camera-accessories/N=5+553745/","Ubiquiti IR Range Extender for UVC-G3 - LED Illumination"
"1632409681-5040","https://www.officedepot.com/a/browse/cameras-and-camcorders/N=5+509515/","Camera Accessories   (478)","https://www.officedepot.com/a/browse/camera-accessories/N=5+509526/","Camera Film   (6)","https://www.officedepot.com/a/browse/camera-film/N=5+553088/","Fujifilm Instax Mini Film - ISO 800"
"1632409545-4928","https://www.officedepot.com/a/browse/cameras-and-camcorders/N=5+509515/","Security Cameras & Surveillance   (163)","https://www.officedepot.com/a/browse/security-cameras-and-surveillance/N=5+509545/","Security Cameras & Surveillance Accessories   (54)","https://www.officedepot.com/a/browse/security-camera-accessories/N=5+553745/","NetGear® Arlo™ Pro Wireless HD Indoor/Outdoor Add-On Security Camera, VMC4030-10..."
"1632409545-4914","https://www.officedepot.com/a/browse/cameras-and-camcorders/N=5+509515/","Security Cameras & Surveillance   (163)","https://www.officedepot.com/a/browse/security-cameras-and-surveillance/N=5+509545/","Security Cameras & Surveillance Accessories   (54)","https://www.officedepot.com/a/browse/security-camera-accessories/N=5+553745/","iKeyp Pro Bluetooth® Smart Safe, White"
"1632409425-4746","https://www.officedepot.com/a/browse/cameras-and-camcorders/N=5+509515/","Security Cameras & Surveillance   (163)","https://www.officedepot.com/a/browse/security-cameras-and-surveillance/N=5+509545/","Security Cameras   (53)","https://www.officedepot.com/a/browse/security-cameras/N=5+509546/","D-Link® DCS-5020L Pan & Tilt Day/Night Network Camera"
"1632409657-5006","https://www.officedepot.com/a/browse/cameras-and-camcorders/N=5+509515/","Camera Accessories   (478)","https://www.officedepot.com/a/browse/camera-accessories/N=5+509526/","Camera Lenses & Flashes   (67)","https://www.officedepot.com/a/browse/camera-lenses-and-flashes/N=5+509531/","Canon - 35 mm - f/2.8 - Macro Fixed Lens for Canon EF-S - Designed for Digital C..."
"1632409508-4819","https://www.officedepot.com/a/browse/cameras-and-camcorders/N=5+509515/","Security Cameras & Surveillance   (163)","https://www.officedepot.com/a/browse/security-cameras-and-surveillance/N=5+509545/","Security Camera Bundles   (74)","https://www.officedepot.com/a/browse/security-camera-bundles/N=5+511274/","Arlo Essential - Network surveillance camera - outdoor, indoor - weatherproof - ..."
"1632409425-4758","https://www.officedepot.com/a/browse/cameras-and-camcorders/N=5+509515/","Security Cameras & Surveillance   (163)","https://www.officedepot.com/a/browse/security-cameras-and-surveillance/N=5+509545/","Security Cameras   (53)","https://www.officedepot.com/a/browse/security-cameras/N=5+509546/","Ring Certified Refurbished Plug-in Stick Up Camera, Black"
"1632409508-4852","https://www.officedepot.com/a/browse/cameras-and-camcorders/N=5+509515/","Security Cameras & Surveillance   (163)","https://www.officedepot.com/a/browse/security-cameras-and-surveillance/N=5+509545/","Security Camera Bundles   (74)","https://www.officedepot.com/a/browse/security-camera-bundles/N=5+511274/","Bosch Dinion KBN-498V75-20 Indoor Surveillance Camera - Color, Monochrome - 7.50...0.0 out of 5 stars."
"1632409508-4809","https://www.officedepot.com/a/browse/cameras-and-camcorders/N=5+509515/","Security Cameras & Surveillance   (163)","https://www.officedepot.com/a/browse/security-cameras-and-surveillance/N=5+509545/","Security Camera Bundles   (74)","https://www.officedepot.com/a/browse/security-camera-bundles/N=5+511274/","D-Link mydlink DCS-8526LH HD Network Camera - 16.40 ft Night Vision - H.264, MPE..."
"1632409508-4850","https://www.officedepot.com/a/browse/cameras-and-camcorders/N=5+509515/","Security Cameras & Surveillance   (163)","https://www.officedepot.com/a/browse/security-cameras-and-surveillance/N=5+509545/","Security Camera Bundles   (74)","https://www.officedepot.com/a/browse/security-camera-bundles/N=5+511274/","Arlo Pro 3 Floodlight Camera - Network surveillance camera - outdoor, indoor - w...4.5 out of 5 stars. 22 reviews"
"1632409545-4913","https://www.officedepot.com/a/browse/cameras-and-camcorders/N=5+509515/","Security Cameras & Surveillance   (163)","https://www.officedepot.com/a/browse/security-cameras-and-surveillance/N=5+509545/","Security Cameras & Surveillance Accessories   (54)","https://www.officedepot.com/a/browse/security-camera-accessories/N=5+553745/","Lumenology Portable Motion Indoor/Outdoor LED Light, White"
"1632409573-4990","https://www.officedepot.com/a/browse/cameras-and-camcorders/N=5+509515/","Camera Accessories   (478)","https://www.officedepot.com/a/browse/camera-accessories/N=5+509526/","Tripods   (12)","https://www.officedepot.com/a/browse/tripods/N=5+509533/","Vivitar® Expandable Tripod, 57"", Black"
"1632409657-5022","https://www.officedepot.com/a/browse/cameras-and-camcorders/N=5+509515/","Camera Accessories   (478)","https://www.officedepot.com/a/browse/camera-accessories/N=5+509526/","Camera Lenses & Flashes   (67)","https://www.officedepot.com/a/browse/camera-lenses-and-flashes/N=5+509531/","Canon EF 75-300mm f/4-5.6 III Lens"
"1632409508-4802","https://www.officedepot.com/a/browse/cameras-and-camcorders/N=5+509515/","Security Cameras & Surveillance   (163)","https://www.officedepot.com/a/browse/security-cameras-and-surveillance/N=5+509545/","Security Camera Bundles   (74)","https://www.officedepot.com/a/browse/security-camera-bundles/N=5+511274/","ALC Wireless Full HD 1080p Indoor Pan/Tilt Security Camera, AWF23"
"1632409545-4916","https://www.officedepot.com/a/browse/cameras-and-camcorders/N=5+509515/","Security Cameras & Surveillance   (163)","https://www.officedepot.com/a/browse/security-cameras-and-surveillance/N=5+509545/","Security Cameras & Surveillance Accessories   (54)","https://www.officedepot.com/a/browse/security-camera-accessories/N=5+553745/","JOAN Meeting Room Scheduler Mounts, 6"", Black, Pack Of 5 Mounts, JOAN MNT6 5PK"
"1632409573-4996","https://www.officedepot.com/a/browse/cameras-and-camcorders/N=5+509515/","Camera Accessories   (478)","https://www.officedepot.com/a/browse/camera-accessories/N=5+509526/","Tripods   (12)","https://www.officedepot.com/a/browse/tripods/N=5+509533/","Sunpak Video PRO-M 4 Tripod - 23.10"" to 65"" Height - 11 lb Load Capacity"
"1632409545-4911","https://www.officedepot.com/a/browse/cameras-and-camcorders/N=5+509515/","Security Cameras & Surveillance   (163)","https://www.officedepot.com/a/browse/security-cameras-and-surveillance/N=5+509545/","Security Cameras & Surveillance Accessories   (54)","https://www.officedepot.com/a/browse/security-camera-accessories/N=5+553745/","Avue AVB300P - Passive HD Video Transceiver - 2000 ft Maximum Operating Distance..."
"1632409425-4757","https://www.officedepot.com/a/browse/cameras-and-camcorders/N=5+509515/","Security Cameras & Surveillance   (163)","https://www.officedepot.com/a/browse/security-cameras-and-surveillance/N=5+509545/","Security Cameras   (53)","https://www.officedepot.com/a/browse/security-cameras/N=5+509546/","Momentum® Robbi 1080P Smart Camera"
"1632409425-4766","https://www.officedepot.com/a/browse/cameras-and-camcorders/N=5+509515/","Security Cameras & Surveillance   (163)","https://www.officedepot.com/a/browse/security-cameras-and-surveillance/N=5+509545/","Security Cameras   (53)","https://www.officedepot.com/a/browse/security-cameras/N=5+509546/","Ring Certified Refurbished Battery Powered Spotlight Camera, White"
"1632409508-4827","https://www.officedepot.com/a/browse/cameras-and-camcorders/N=5+509515/","Security Cameras & Surveillance   (163)","https://www.officedepot.com/a/browse/security-cameras-and-surveillance/N=5+509545/","Security Camera Bundles   (74)","https://www.officedepot.com/a/browse/security-camera-bundles/N=5+511274/","D-Link mydlink DCS-8302LH 2 Megapixel HD Network Camera - 16 ft Night Vision - H..."
"1632409657-5012","https://www.officedepot.com/a/browse/cameras-and-camcorders/N=5+509515/","Camera Accessories   (478)","https://www.officedepot.com/a/browse/camera-accessories/N=5+509526/","Camera Lenses & Flashes   (67)","https://www.officedepot.com/a/browse/camera-lenses-and-flashes/N=5+509531/","Panasonic - 13.05 mm - f/2 - Fixed Lens - 1.3x Optical Zoom"
"1632409508-4823","https://www.officedepot.com/a/browse/cameras-and-camcorders/N=5+509515/","Security Cameras & Surveillance   (163)","https://www.officedepot.com/a/browse/security-cameras-and-surveillance/N=5+509545/","Security Camera Bundles   (74)","https://www.officedepot.com/a/browse/security-camera-bundles/N=5+511274/","ALC Wireless Full HD 1080p Outdoor Security Camera, AWF61"
"1632409670-5031","https://www.officedepot.com/a/browse/cameras-and-camcorders/N=5+509515/","Camera Accessories   (478)","https://www.officedepot.com/a/browse/camera-accessories/N=5+509526/","Camera Kits   (9)","https://www.officedepot.com/a/browse/camera-kits/N=5+509530/","B3E 300L-LK-KIT Lighting Kit - Lamp head - 1 heads - LED - 5.5 W - DC"
"1632409508-4803","https://www.officedepot.com/a/browse/cameras-and-camcorders/N=5+509515/","Security Cameras & Surveillance   (163)","https://www.officedepot.com/a/browse/security-cameras-and-surveillance/N=5+509545/","Security Camera Bundles   (74)","https://www.officedepot.com/a/browse/security-camera-bundles/N=5+511274/","Ubiquiti UniFi UVC-G3-MICRO 4 Megapixel HD Network Camera - Color - 5 Pack - 192..."
"1632409657-5015","https://www.officedepot.com/a/browse/cameras-and-camcorders/N=5+509515/","Camera Accessories   (478)","https://www.officedepot.com/a/browse/camera-accessories/N=5+509526/","Camera Lenses & Flashes   (67)","https://www.officedepot.com/a/browse/camera-lenses-and-flashes/N=5+509531/","Viewsonic - Short Throw Lens - 1.3x Optical Zoom"
"1632409670-5029","https://www.officedepot.com/a/browse/cameras-and-camcorders/N=5+509515/","Camera Accessories   (478)","https://www.officedepot.com/a/browse/camera-accessories/N=5+509526/","Camera Kits   (9)","https://www.officedepot.com/a/browse/camera-kits/N=5+509530/","DigiPower InstaFame Super Compact 50 LED Video Light For DSLR/Mirrorless Cameras..."
"1632409657-5023","https://www.officedepot.com/a/browse/cameras-and-camcorders/N=5+509515/","Camera Accessories   (478)","https://www.officedepot.com/a/browse/camera-accessories/N=5+509526/","Camera Lenses & Flashes   (67)","https://www.officedepot.com/a/browse/camera-lenses-and-flashes/N=5+509531/","NEC NP36ZL - Zoom lens - 18.07 mm - 22.59 mm - f/2.0-2.32 - for NEC PX602WL"
"1632409545-4904","https://www.officedepot.com/a/browse/cameras-and-camcorders/N=5+509515/","Security Cameras & Surveillance   (163)","https://www.officedepot.com/a/browse/security-cameras-and-surveillance/N=5+509545/","Security Cameras & Surveillance Accessories   (54)","https://www.officedepot.com/a/browse/security-camera-accessories/N=5+553745/","StarTech.com Startech 1 Port eSATA + 1 Port SATA PCI SATA Controller Card"
"1632409508-4848","https://www.officedepot.com/a/browse/cameras-and-camcorders/N=5+509515/","Security Cameras & Surveillance   (163)","https://www.officedepot.com/a/browse/security-cameras-and-surveillance/N=5+509545/","Security Camera Bundles   (74)","https://www.officedepot.com/a/browse/security-camera-bundles/N=5+511274/","D-Link mydlink DCS-8630LH HD Network Camera - 22.97 ft Night Vision - H.264, MPE...0.0 out of 5 stars."
"1632409425-4753","https://www.officedepot.com/a/browse/cameras-and-camcorders/N=5+509515/","Security Cameras & Surveillance   (163)","https://www.officedepot.com/a/browse/security-cameras-and-surveillance/N=5+509545/","Security Cameras   (53)","https://www.officedepot.com/a/browse/security-cameras/N=5+509546/","AWF08 Indoor Panoramic Wi-Fi Camera"
"1632409545-4921","https://www.officedepot.com/a/browse/cameras-and-camcorders/N=5+509515/","Security Cameras & Surveillance   (163)","https://www.officedepot.com/a/browse/security-cameras-and-surveillance/N=5+509545/","Security Cameras & Surveillance Accessories   (54)","https://www.officedepot.com/a/browse/security-camera-accessories/N=5+553745/","WiebeTech MJ1 Mouse Jiggler"
"1632409508-4824","https://www.officedepot.com/a/browse/cameras-and-camcorders/N=5+509515/","Security Cameras & Surveillance   (163)","https://www.officedepot.com/a/browse/security-cameras-and-surveillance/N=5+509545/","Security Camera Bundles   (74)","https://www.officedepot.com/a/browse/security-camera-bundles/N=5+511274/","Energizer HD Network Camera - 1 Pack - 15 ft Night Vision - H.264 - 1920 x 1080 ..."
"1632409545-4910","https://www.officedepot.com/a/browse/cameras-and-camcorders/N=5+509515/","Security Cameras & Surveillance   (163)","https://www.officedepot.com/a/browse/security-cameras-and-surveillance/N=5+509545/","Security Cameras & Surveillance Accessories   (54)","https://www.officedepot.com/a/browse/security-camera-accessories/N=5+553745/","iKeyp Bolt Bluetooth® Smart Safe, White"
"1632409425-4767","https://www.officedepot.com/a/browse/cameras-and-camcorders/N=5+509515/","Security Cameras & Surveillance   (163)","https://www.officedepot.com/a/browse/security-cameras-and-surveillance/N=5+509545/","Security Cameras   (53)","https://www.officedepot.com/a/browse/security-cameras/N=5+509546/","VTech® Pan Tilt Wireless Camera, Silver, VC931"
"1632409545-4912","https://www.officedepot.com/a/browse/cameras-and-camcorders/N=5+509515/","Security Cameras & Surveillance   (163)","https://www.officedepot.com/a/browse/security-cameras-and-surveillance/N=5+509545/","Security Cameras & Surveillance Accessories   (54)","https://www.officedepot.com/a/browse/security-camera-accessories/N=5+553745/","Ring Alarm Contact Sensors, 4XD3S7-0EN0, Pack Of 2 Sensors"
"1632409657-5025","https://www.officedepot.com/a/browse/cameras-and-camcorders/N=5+509515/","Camera Accessories   (478)","https://www.officedepot.com/a/browse/camera-accessories/N=5+509526/","Camera Lenses & Flashes   (67)","https://www.officedepot.com/a/browse/camera-lenses-and-flashes/N=5+509531/","Canon Drop-in Filter Mount Adapter - With Drop-in Variable ND Filter A - lens ad..."
"1632409657-5016","https://www.officedepot.com/a/browse/cameras-and-camcorders/N=5+509515/","Camera Accessories   (478)","https://www.officedepot.com/a/browse/camera-accessories/N=5+509526/","Camera Lenses & Flashes   (67)","https://www.officedepot.com/a/browse/camera-lenses-and-flashes/N=5+509531/","Panasonic ET-ELT02 - 158 mm to 221 mm - f/2.9 - Zoom Lens - 1.5x Optical Zoom - ..."
"1632409508-4838","https://www.officedepot.com/a/browse/cameras-and-camcorders/N=5+509515/","Security Cameras & Surveillance   (163)","https://www.officedepot.com/a/browse/security-cameras-and-surveillance/N=5+509545/","Security Camera Bundles   (74)","https://www.officedepot.com/a/browse/security-camera-bundles/N=5+511274/","Arlo Essential VMC2032-100NAS HD Network Camera - 1 Pack - 25 ft Night Vision - ..."
"1632409670-5030","https://www.officedepot.com/a/browse/cameras-and-camcorders/N=5+509515/","Camera Accessories   (478)","https://www.officedepot.com/a/browse/camera-accessories/N=5+509526/","Camera Kits   (9)","https://www.officedepot.com/a/browse/camera-kits/N=5+509530/","Digipower® Like Me Vlogging Kit, DPS-VLG2K"
"1632409657-5014","https://www.officedepot.com/a/browse/cameras-and-camcorders/N=5+509515/","Camera Accessories   (478)","https://www.officedepot.com/a/browse/camera-accessories/N=5+509526/","Camera Lenses & Flashes   (67)","https://www.officedepot.com/a/browse/camera-lenses-and-flashes/N=5+509531/","Canon RS-IL03WF - 12.80 mm - f/2 - Fixed Lens"
"1632409508-4860","https://www.officedepot.com/a/browse/cameras-and-camcorders/N=5+509515/","Security Cameras & Surveillance   (163)","https://www.officedepot.com/a/browse/security-cameras-and-surveillance/N=5+509545/","Security Camera Bundles   (74)","https://www.officedepot.com/a/browse/security-camera-bundles/N=5+511274/","Bosch Dinion KBE-498V75-20U Outdoor Surveillance Camera - Color - 7.50 mm Varifo...0.0 out of 5 stars."
"1632409545-4896","https://www.officedepot.com/a/browse/cameras-and-camcorders/N=5+509515/","Security Cameras & Surveillance   (163)","https://www.officedepot.com/a/browse/security-cameras-and-surveillance/N=5+509545/","Security Cameras & Surveillance Accessories   (54)","https://www.officedepot.com/a/browse/security-camera-accessories/N=5+553745/","Momentum® Robbi 1080P Smart Camera"
"1632409545-4898","https://www.officedepot.com/a/browse/cameras-and-camcorders/N=5+509515/","Security Cameras & Surveillance   (163)","https://www.officedepot.com/a/browse/security-cameras-and-surveillance/N=5+509545/","Security Cameras & Surveillance Accessories   (54)","https://www.officedepot.com/a/browse/security-camera-accessories/N=5+553745/","JOAN Meeting Room Scheduler Mounts, 9.7"", Black, Pack Of 3 Mounts, JOAN MNT9.7 3..."
"1632409508-4836","https://www.officedepot.com/a/browse/cameras-and-camcorders/N=5+509515/","Security Cameras & Surveillance   (163)","https://www.officedepot.com/a/browse/security-cameras-and-surveillance/N=5+509545/","Security Camera Bundles   (74)","https://www.officedepot.com/a/browse/security-camera-bundles/N=5+511274/","Ring Spotlight Cam Mount, Black"
"1632409425-4748","https://www.officedepot.com/a/browse/cameras-and-camcorders/N=5+509515/","Security Cameras & Surveillance   (163)","https://www.officedepot.com/a/browse/security-cameras-and-surveillance/N=5+509545/","Security Cameras   (53)","https://www.officedepot.com/a/browse/security-cameras/N=5+509546/","Ring Spotlight Cam Wired, Black"
"1632409545-4920","https://www.officedepot.com/a/browse/cameras-and-camcorders/N=5+509515/","Security Cameras & Surveillance   (163)","https://www.officedepot.com/a/browse/security-cameras-and-surveillance/N=5+509545/","Security Cameras & Surveillance Accessories   (54)","https://www.officedepot.com/a/browse/security-camera-accessories/N=5+553745/","Ring Smart Lighting Transformer, 5AT1S9-BNE0"
"1632409508-4858","https://www.officedepot.com/a/browse/cameras-and-camcorders/N=5+509515/","Security Cameras & Surveillance   (163)","https://www.officedepot.com/a/browse/security-cameras-and-surveillance/N=5+509545/","Security Camera Bundles   (74)","https://www.officedepot.com/a/browse/security-camera-bundles/N=5+511274/","D-Link Vigilance DCS-4718E 8 Megapixel HD Network Camera - Bullet - 98.43 ft Nig...0.0 out of 5 stars."
"1632409425-4756","https://www.officedepot.com/a/browse/cameras-and-camcorders/N=5+509515/","Security Cameras & Surveillance   (163)","https://www.officedepot.com/a/browse/security-cameras-and-surveillance/N=5+509545/","Security Cameras   (53)","https://www.officedepot.com/a/browse/security-cameras/N=5+509546/","TJ Riley Indoor Home Security Camera, White, TJ 105"
"1632409545-4905","https://www.officedepot.com/a/browse/cameras-and-camcorders/N=5+509515/","Security Cameras & Surveillance   (163)","https://www.officedepot.com/a/browse/security-cameras-and-surveillance/N=5+509545/","Security Cameras & Surveillance Accessories   (54)","https://www.officedepot.com/a/browse/security-camera-accessories/N=5+553745/","Ring V4 Solar Panel, 7-3/4"" x 5-1/2"" x 1/2"", White"
"1632409573-4995","https://www.officedepot.com/a/browse/cameras-and-camcorders/N=5+509515/","Camera Accessories   (478)","https://www.officedepot.com/a/browse/camera-accessories/N=5+509526/","Tripods   (12)","https://www.officedepot.com/a/browse/tripods/N=5+509533/","ToCAD Sunpak 620-020 Tripod - 18.5"" to 49"" Height - 4.4 lb Load Capacity"
"1632409508-4794","https://www.officedepot.com/a/browse/cameras-and-camcorders/N=5+509515/","Security Cameras & Surveillance   (163)","https://www.officedepot.com/a/browse/security-cameras-and-surveillance/N=5+509545/","Security Camera Bundles   (74)","https://www.officedepot.com/a/browse/security-camera-bundles/N=5+511274/","VTech® 2-Camera Pan & Tilt Video Baby Monitor, VT-VM4261-2"
"1632409508-4811","https://www.officedepot.com/a/browse/cameras-and-camcorders/N=5+509515/","Security Cameras & Surveillance   (163)","https://www.officedepot.com/a/browse/security-cameras-and-surveillance/N=5+509545/","Security Camera Bundles   (74)","https://www.officedepot.com/a/browse/security-camera-bundles/N=5+511274/","Bosch KBN-455V55-20 Outdoor Surveillance Camera - Color - 5 mm Varifocal Lens - ..."
"1632409657-5024","https://www.officedepot.com/a/browse/cameras-and-camcorders/N=5+509515/","Camera Accessories   (478)","https://www.officedepot.com/a/browse/camera-accessories/N=5+509526/","Camera Lenses & Flashes   (67)","https://www.officedepot.com/a/browse/camera-lenses-and-flashes/N=5+509531/","NEC L2K-30ZM - Zoom lens - 85 mm - 121.6 mm - for NEC NC2500S, NC3200S, NC800C"
"1632409573-4998","https://www.officedepot.com/a/browse/cameras-and-camcorders/N=5+509515/","Camera Accessories   (478)","https://www.officedepot.com/a/browse/camera-accessories/N=5+509526/","Tripods   (12)","https://www.officedepot.com/a/browse/tripods/N=5+509533/","Sima SVP-3 VideoProp"
"1632409508-4832","https://www.officedepot.com/a/browse/cameras-and-camcorders/N=5+509515/","Security Cameras & Surveillance   (163)","https://www.officedepot.com/a/browse/security-cameras-and-surveillance/N=5+509545/","Security Camera Bundles   (74)","https://www.officedepot.com/a/browse/security-camera-bundles/N=5+511274/","Bosch NPC-20012-F2 Indoor Network Camera - Color, Monochrome - Box - H.264, MJPE..."
"1632409425-4776","https://www.officedepot.com/a/browse/cameras-and-camcorders/N=5+509515/","Security Cameras & Surveillance   (163)","https://www.officedepot.com/a/browse/security-cameras-and-surveillance/N=5+509545/","Security Cameras   (53)","https://www.officedepot.com/a/browse/security-cameras/N=5+509546/","Ring Spotlight Wired 1080p Indoor/Outdoor Mounted Camera, 8SH5P7-WEN0"
"1632409657-5007","https://www.officedepot.com/a/browse/cameras-and-camcorders/N=5+509515/","Camera Accessories   (478)","https://www.officedepot.com/a/browse/camera-accessories/N=5+509526/","Camera Lenses & Flashes   (67)","https://www.officedepot.com/a/browse/camera-lenses-and-flashes/N=5+509531/","Canon EF 100mm f/2.8L IS USM Macro Lens - 100mm - f/2.8"
"1632409657-5020","https://www.officedepot.com/a/browse/cameras-and-camcorders/N=5+509515/","Camera Accessories   (478)","https://www.officedepot.com/a/browse/camera-accessories/N=5+509526/","Camera Lenses & Flashes   (67)","https://www.officedepot.com/a/browse/camera-lenses-and-flashes/N=5+509531/","NEC NP11FL - Wide-angle lens - for NEC NP-PA1004, PA1004UL-B-41, PA1004, PA550, ..."
"1632409508-4798","https://www.officedepot.com/a/browse/cameras-and-camcorders/N=5+509515/","Security Cameras & Surveillance   (163)","https://www.officedepot.com/a/browse/security-cameras-and-surveillance/N=5+509545/","Security Camera Bundles   (74)","https://www.officedepot.com/a/browse/security-camera-bundles/N=5+511274/","Vuezone VZCB2010 Network Camera - 1600 x 1200 - CMOS - Wall Mount"
"1632409545-4926","https://www.officedepot.com/a/browse/cameras-and-camcorders/N=5+509515/","Security Cameras & Surveillance   (163)","https://www.officedepot.com/a/browse/security-cameras-and-surveillance/N=5+509545/","Security Cameras & Surveillance Accessories   (54)","https://www.officedepot.com/a/browse/security-camera-accessories/N=5+553745/","Peerless-AV Indoor/Outdoor Protective Enclosure with Cooling Fans For 52""-55"" Fl..."
"1632409657-5026","https://www.officedepot.com/a/browse/cameras-and-camcorders/N=5+509515/","Camera Accessories   (478)","https://www.officedepot.com/a/browse/camera-accessories/N=5+509526/","Camera Lenses & Flashes   (67)","https://www.officedepot.com/a/browse/camera-lenses-and-flashes/N=5+509531/","Olympus M.ZUIKO DIGITAL - 17 mm - f/1.8 - Wide Angle Fixed Lens for Micro Four T..."
"1632409508-4815","https://www.officedepot.com/a/browse/cameras-and-camcorders/N=5+509515/","Security Cameras & Surveillance   (163)","https://www.officedepot.com/a/browse/security-cameras-and-surveillance/N=5+509545/","Security Camera Bundles   (74)","https://www.officedepot.com/a/browse/security-camera-bundles/N=5+511274/","eco4life SmartHome ASHC02F Network Camera - Color - Wireless"
"1632409545-4918","https://www.officedepot.com/a/browse/cameras-and-camcorders/N=5+509515/","Security Cameras & Surveillance   (163)","https://www.officedepot.com/a/browse/security-cameras-and-surveillance/N=5+509545/","Security Cameras & Surveillance Accessories   (54)","https://www.officedepot.com/a/browse/security-camera-accessories/N=5+553745/","Mevo Quick Release Ball Mount - Camera mount - for Mevo Start"
"1632409508-4826","https://www.officedepot.com/a/browse/cameras-and-camcorders/N=5+509515/","Security Cameras & Surveillance   (163)","https://www.officedepot.com/a/browse/security-cameras-and-surveillance/N=5+509545/","Security Camera Bundles   (74)","https://www.officedepot.com/a/browse/security-camera-bundles/N=5+511274/","Lorex DK182-88CAE - DVR + camera(s) - wired - LAN 10/100 - 8 channels - 1 x 2 TB..."
"1632409670-5032","https://www.officedepot.com/a/browse/cameras-and-camcorders/N=5+509515/","Camera Accessories   (478)","https://www.officedepot.com/a/browse/camera-accessories/N=5+509526/","Camera Kits   (9)","https://www.officedepot.com/a/browse/camera-kits/N=5+509530/","Digipower® Follow Me Vlogging Kit With Wireless Handheld Grip, DPS-VLG4"
"1632409425-4749","https://www.officedepot.com/a/browse/cameras-and-camcorders/N=5+509515/","Security Cameras & Surveillance   (163)","https://www.officedepot.com/a/browse/security-cameras-and-surveillance/N=5+509545/","Security Cameras   (53)","https://www.officedepot.com/a/browse/security-cameras/N=5+509546/","Ring Certified Refurbished Wired Spotlight Camera, White"
"1632409508-4795","https://www.officedepot.com/a/browse/cameras-and-camcorders/N=5+509515/","Security Cameras & Surveillance   (163)","https://www.officedepot.com/a/browse/security-cameras-and-surveillance/N=5+509545/","Security Camera Bundles   (74)","https://www.officedepot.com/a/browse/security-camera-bundles/N=5+511274/","Lorex Video Surveillance System - Digital Video Recorder, Camera - 1920 x 1080 C..."
"1632409545-4892","https://www.officedepot.com/a/browse/cameras-and-camcorders/N=5+509515/","Security Cameras & Surveillance   (163)","https://www.officedepot.com/a/browse/security-cameras-and-surveillance/N=5+509545/","Security Cameras & Surveillance Accessories   (54)","https://www.officedepot.com/a/browse/security-camera-accessories/N=5+553745/","Ring Alarm Home Security System Keypad"
"1632409508-4837","https://www.officedepot.com/a/browse/cameras-and-camcorders/N=5+509515/","Security Cameras & Surveillance   (163)","https://www.officedepot.com/a/browse/security-cameras-and-surveillance/N=5+509545/","Security Camera Bundles   (74)","https://www.officedepot.com/a/browse/security-camera-bundles/N=5+511274/","Bosch Dinion KBE-498V75-20F Outdoor Network Camera - Color - 7.50 mm Varifocal L..."
"1632409425-4742","https://www.officedepot.com/a/browse/cameras-and-camcorders/N=5+509515/","Security Cameras & Surveillance   (163)","https://www.officedepot.com/a/browse/security-cameras-and-surveillance/N=5+509545/","Security Cameras   (53)","https://www.officedepot.com/a/browse/security-cameras/N=5+509546/","Ring Floodlight Cam, White"
"1632409508-4807","https://www.officedepot.com/a/browse/cameras-and-camcorders/N=5+509515/","Security Cameras & Surveillance   (163)","https://www.officedepot.com/a/browse/security-cameras-and-surveillance/N=5+509545/","Security Camera Bundles   (74)","https://www.officedepot.com/a/browse/security-camera-bundles/N=5+511274/","Arlo Video Doorbell - Video intercom system - wired - 1 camera(s)"
"1632409508-4835","https://www.officedepot.com/a/browse/cameras-and-camcorders/N=5+509515/","Security Cameras & Surveillance   (163)","https://www.officedepot.com/a/browse/security-cameras-and-surveillance/N=5+509545/","Security Camera Bundles   (74)","https://www.officedepot.com/a/browse/security-camera-bundles/N=5+511274/","Ubiquiti UniFi UVC-G3-BULLET 4 Megapixel HD Network Camera - Color - Bullet - H...."
"1632409425-4769","https://www.officedepot.com/a/browse/cameras-and-camcorders/N=5+509515/","Security Cameras & Surveillance   (163)","https://www.officedepot.com/a/browse/security-cameras-and-surveillance/N=5+509545/","Security Cameras   (53)","https://www.officedepot.com/a/browse/security-cameras/N=5+509546/","Ring Certified Refurbished Video Doorbell 2, Black/Silver"
"1632409545-4932","https://www.officedepot.com/a/browse/cameras-and-camcorders/N=5+509515/","Security Cameras & Surveillance   (163)","https://www.officedepot.com/a/browse/security-cameras-and-surveillance/N=5+509545/","Security Cameras & Surveillance Accessories   (54)","https://www.officedepot.com/a/browse/security-camera-accessories/N=5+553745/","VTech® Digital Video Baby Monitor, VT-VM3252-2"
"1632409508-4814","https://www.officedepot.com/a/browse/cameras-and-camcorders/N=5+509515/","Security Cameras & Surveillance   (163)","https://www.officedepot.com/a/browse/security-cameras-and-surveillance/N=5+509545/","Security Camera Bundles   (74)","https://www.officedepot.com/a/browse/security-camera-bundles/N=5+511274/","Vuezone VZCN2060100NAS Surveillance Camera - Color"
"1632409425-4762","https://www.officedepot.com/a/browse/cameras-and-camcorders/N=5+509515/","Security Cameras & Surveillance   (163)","https://www.officedepot.com/a/browse/security-cameras-and-surveillance/N=5+509545/","Security Cameras   (53)","https://www.officedepot.com/a/browse/security-cameras/N=5+509546/","Nest Cam 4T8820 3.0-Megapixel Outdoor Security Cameras, Pack Of 2"
"1632409508-4863","https://www.officedepot.com/a/browse/cameras-and-camcorders/N=5+509515/","Security Cameras & Surveillance   (163)","https://www.officedepot.com/a/browse/security-cameras-and-surveillance/N=5+509545/","Security Camera Bundles   (74)","https://www.officedepot.com/a/browse/security-camera-bundles/N=5+511274/","Bosch KBE-485V55-20 Outdoor Surveillance Camera - Color - 5 mm Varifocal Lens - ...0.0 out of 5 stars."
"1632409425-4791","https://www.officedepot.com/a/browse/cameras-and-camcorders/N=5+509515/","Security Cameras & Surveillance   (163)","https://www.officedepot.com/a/browse/security-cameras-and-surveillance/N=5+509545/","Security Cameras   (53)","https://www.officedepot.com/a/browse/security-cameras/N=5+509546/","ALC Full HD 1080p Accessory Camera For AWS337/AWS3377, AWSC37"
"1632409425-4751","https://www.officedepot.com/a/browse/cameras-and-camcorders/N=5+509515/","Security Cameras & Surveillance   (163)","https://www.officedepot.com/a/browse/security-cameras-and-surveillance/N=5+509545/","Security Cameras   (53)","https://www.officedepot.com/a/browse/security-cameras/N=5+509546/","Ring Certified Refurbished Video Doorbell Elite, Black/Silver"
"1632409545-4906","https://www.officedepot.com/a/browse/cameras-and-camcorders/N=5+509515/","Security Cameras & Surveillance   (163)","https://www.officedepot.com/a/browse/security-cameras-and-surveillance/N=5+509545/","Security Cameras & Surveillance Accessories   (54)","https://www.officedepot.com/a/browse/security-camera-accessories/N=5+553745/","VTech® Expandable Digital Video Baby Monitor With 2 Cameras, VM3251-2"
"1632409545-4901","https://www.officedepot.com/a/browse/cameras-and-camcorders/N=5+509515/","Security Cameras & Surveillance   (163)","https://www.officedepot.com/a/browse/security-cameras-and-surveillance/N=5+509545/","Security Cameras & Surveillance Accessories   (54)","https://www.officedepot.com/a/browse/security-camera-accessories/N=5+553745/","Nest Cam 4T8820 3.0-Megapixel Outdoor Security Cameras, Pack Of 2"
"1632409425-4741","https://www.officedepot.com/a/browse/cameras-and-camcorders/N=5+509515/","Security Cameras & Surveillance   (163)","https://www.officedepot.com/a/browse/security-cameras-and-surveillance/N=5+509545/","Security Cameras   (53)","https://www.officedepot.com/a/browse/security-cameras/N=5+509546/","Ring Floodlight Cam, Black"
"1632409573-4994","https://www.officedepot.com/a/browse/cameras-and-camcorders/N=5+509515/","Camera Accessories   (478)","https://www.officedepot.com/a/browse/camera-accessories/N=5+509526/","Tripods   (12)","https://www.officedepot.com/a/browse/tripods/N=5+509533/","Urban Factory Bike mount aluminium (up to max tube 31.8mm) Black. For all GoPro ..."
"1632409425-4787","https://www.officedepot.com/a/browse/cameras-and-camcorders/N=5+509515/","Security Cameras & Surveillance   (163)","https://www.officedepot.com/a/browse/security-cameras-and-surveillance/N=5+509545/","Security Cameras   (53)","https://www.officedepot.com/a/browse/security-cameras/N=5+509546/","ooma Home Security Starter Kit - Home security system - wireless"
"1632409508-4801","https://www.officedepot.com/a/browse/cameras-and-camcorders/N=5+509515/","Security Cameras & Surveillance   (163)","https://www.officedepot.com/a/browse/security-cameras-and-surveillance/N=5+509545/","Security Camera Bundles   (74)","https://www.officedepot.com/a/browse/security-camera-bundles/N=5+511274/","D-Link mydlink DCS-8010LH 1 Megapixel HD Network Camera - Monochrome, Color - 16..."
"1632409508-4833","https://www.officedepot.com/a/browse/cameras-and-camcorders/N=5+509515/","Security Cameras & Surveillance   (163)","https://www.officedepot.com/a/browse/security-cameras-and-surveillance/N=5+509545/","Security Camera Bundles   (74)","https://www.officedepot.com/a/browse/security-camera-bundles/N=5+511274/","TP-Link Kasa Wireless Security Camera, KC120"
"1632409508-4810","https://www.officedepot.com/a/browse/cameras-and-camcorders/N=5+509515/","Security Cameras & Surveillance   (163)","https://www.officedepot.com/a/browse/security-cameras-and-surveillance/N=5+509545/","Security Camera Bundles   (74)","https://www.officedepot.com/a/browse/security-camera-bundles/N=5+511274/","Lorell Weatherproof 5-Megapixel Security System, Pack Of 2"
"1632409425-4774","https://www.officedepot.com/a/browse/cameras-and-camcorders/N=5+509515/","Security Cameras & Surveillance   (163)","https://www.officedepot.com/a/browse/security-cameras-and-surveillance/N=5+509545/","Security Cameras   (53)","https://www.officedepot.com/a/browse/security-cameras/N=5+509546/","Ring Certified Refurbished Video Doorbell 1, Satin NIckel"
"1632409508-4816","https://www.officedepot.com/a/browse/cameras-and-camcorders/N=5+509515/","Security Cameras & Surveillance   (163)","https://www.officedepot.com/a/browse/security-cameras-and-surveillance/N=5+509545/","Security Camera Bundles   (74)","https://www.officedepot.com/a/browse/security-camera-bundles/N=5+511274/","Energizer HD Network Camera - 1 Pack - Night Vision - H.264 - 1920 x 1080 - CMOS..."
"1632409508-4857","https://www.officedepot.com/a/browse/cameras-and-camcorders/N=5+509515/","Security Cameras & Surveillance   (163)","https://www.officedepot.com/a/browse/security-cameras-and-surveillance/N=5+509545/","Security Camera Bundles   (74)","https://www.officedepot.com/a/browse/security-camera-bundles/N=5+511274/","Google™ Nest Cam IQ Outdoor5.0 out of 5 stars. 1 review"
"1632409425-4781","https://www.officedepot.com/a/browse/cameras-and-camcorders/N=5+509515/","Security Cameras & Surveillance   (163)","https://www.officedepot.com/a/browse/security-cameras-and-surveillance/N=5+509545/","Security Cameras   (53)","https://www.officedepot.com/a/browse/security-cameras/N=5+509546/","VTech® Pan Tilt Wireless Camera, With 16GB SD Card, Silver, VC9311-112"
"1632409425-4764","https://www.officedepot.com/a/browse/cameras-and-camcorders/N=5+509515/","Security Cameras & Surveillance   (163)","https://www.officedepot.com/a/browse/security-cameras-and-surveillance/N=5+509545/","Security Cameras   (53)","https://www.officedepot.com/a/browse/security-cameras/N=5+509546/","Ring Stick Up Wireless 1080p HD Indoor/Outdoor Security Camera, White, 8SC1Y9-WE..."
"1632409508-4806","https://www.officedepot.com/a/browse/cameras-and-camcorders/N=5+509515/","Security Cameras & Surveillance   (163)","https://www.officedepot.com/a/browse/security-cameras-and-surveillance/N=5+509545/","Security Camera Bundles   (74)","https://www.officedepot.com/a/browse/security-camera-bundles/N=5+511274/","ALC 4-Channel Surveillance System With 1 Full HD Camera And 7"" Touch-Screen Moni..."
"1632409681-5037","https://www.officedepot.com/a/browse/cameras-and-camcorders/N=5+509515/","Camera Accessories   (478)","https://www.officedepot.com/a/browse/camera-accessories/N=5+509526/","Camera Film   (6)","https://www.officedepot.com/a/browse/camera-film/N=5+553088/","Fujifilm® instax mini Film For instax mini Cameras, Pack Of 2, MINIFILMTWINPK"
"1632409545-4886","https://www.officedepot.com/a/browse/cameras-and-camcorders/N=5+509515/","Security Cameras & Surveillance   (163)","https://www.officedepot.com/a/browse/security-cameras-and-surveillance/N=5+509545/","Security Cameras & Surveillance Accessories   (54)","https://www.officedepot.com/a/browse/security-camera-accessories/N=5+553745/","Ring Spotlight Cam Wired, White"
