web-scraper-order,web-scraper-start-url,category,category-href,name
1631789579-626,https://www.sharkclean.com/sharkus/parts_accessories,Corded Stick Vacuums - Parts/Accessories,https://www.sharkclean.com/sharkus/parts_accessories/corded_stick_vacuums_pa,Flexible Hose
1631789399-399,https://www.sharkclean.com/sharkus/parts_accessories,Robot Vacuums - Parts/Accessories,https://www.sharkclean.com/sharkus/parts_accessories/robot_vacuums_pa,Shark IQ Robot™ Post-Motor Filter Door
1631789616-706,https://www.sharkclean.com/sharkus/parts_accessories,Canister Vacuums - Parts/Accessories,https://www.sharkclean.com/sharkus/parts_accessories/canister_vacuums_pa,Pet Power Brush
1631789399-380,https://www.sharkclean.com/sharkus/parts_accessories,Robot Vacuums - Parts/Accessories,https://www.sharkclean.com/sharkus/parts_accessories/robot_vacuums_pa,Shark® AI Robot Series Replenishment Kit
1631789616-696,https://www.sharkclean.com/sharkus/parts_accessories,Canister Vacuums - Parts/Accessories,https://www.sharkclean.com/sharkus/parts_accessories/canister_vacuums_pa,Dust Cup
1631789472-460,https://www.sharkclean.com/sharkus/parts_accessories,Handheld Vacuums - Parts/Accessories,https://www.sharkclean.com/sharkus/parts_accessories/handheld_vacuums_pa,Mattress Tool
1631789302-274,https://www.sharkclean.com/sharkus/parts_accessories,Vacuum and Steam - Parts/Accessories,https://www.sharkclean.com/sharkus/parts_accessories/vacuum_and_steam_pa,Shark® Steam & Scrub Dirt Grip® Soft Scrub washable pads
1631789534-575,https://www.sharkclean.com/sharkus/parts_accessories,Cordless Stick Vacuums - Parts/Accessories,https://www.sharkclean.com/sharkus/parts_accessories/cordless_stick_vacuums_pa,Pet Multi-Tool
1631789579-611,https://www.sharkclean.com/sharkus/parts_accessories,Corded Stick Vacuums - Parts/Accessories,https://www.sharkclean.com/sharkus/parts_accessories/corded_stick_vacuums_pa,Foam & Felt Filter Kit
1631789579-592,https://www.sharkclean.com/sharkus/parts_accessories,Corded Stick Vacuums - Parts/Accessories,https://www.sharkclean.com/sharkus/parts_accessories/corded_stick_vacuums_pa,Brushroll Cover
1631789616-688,https://www.sharkclean.com/sharkus/parts_accessories,Canister Vacuums - Parts/Accessories,https://www.sharkclean.com/sharkus/parts_accessories/canister_vacuums_pa,Dust Cup
1631789639-732,https://www.sharkclean.com/sharkus/parts_accessories,Air Purifiers- Parts/Accessories,https://www.sharkclean.com/sharkus/parts_accessories/air_purifiers_pa,Remote Control
1631789399-401,https://www.sharkclean.com/sharkus/parts_accessories,Robot Vacuums - Parts/Accessories,https://www.sharkclean.com/sharkus/parts_accessories/robot_vacuums_pa,Shark® Robot Dust Bin
1631789399-360,https://www.sharkclean.com/sharkus/parts_accessories,Robot Vacuums - Parts/Accessories,https://www.sharkclean.com/sharkus/parts_accessories/robot_vacuums_pa,Shark IQ Robot™ Brushroll Door For Multi-Surface Brushroll
1631789399-406,https://www.sharkclean.com/sharkus/parts_accessories,Robot Vacuums - Parts/Accessories,https://www.sharkclean.com/sharkus/parts_accessories/robot_vacuums_pa,Shark IQ Robot™ Brushroll Door For Self-Cleaning Brushrol
1631789616-711,https://www.sharkclean.com/sharkus/parts_accessories,Canister Vacuums - Parts/Accessories,https://www.sharkclean.com/sharkus/parts_accessories/canister_vacuums_pa,Dust-Away™ Hard Floor Attachment
1631789579-665,https://www.sharkclean.com/sharkus/parts_accessories,Corded Stick Vacuums - Parts/Accessories,https://www.sharkclean.com/sharkus/parts_accessories/corded_stick_vacuums_pa,Dust Cup Filter Frame
1631789472-458,https://www.sharkclean.com/sharkus/parts_accessories,Handheld Vacuums - Parts/Accessories,https://www.sharkclean.com/sharkus/parts_accessories/handheld_vacuums_pa,Crevice Tool
1631789399-410,https://www.sharkclean.com/sharkus/parts_accessories,Robot Vacuums - Parts/Accessories,https://www.sharkclean.com/sharkus/parts_accessories/robot_vacuums_pa,Shark® Robot Fluid Reservoir
1631789616-695,https://www.sharkclean.com/sharkus/parts_accessories,Canister Vacuums - Parts/Accessories,https://www.sharkclean.com/sharkus/parts_accessories/canister_vacuums_pa,Floor Kit Handle_Lift Around LA400
1631789399-417,https://www.sharkclean.com/sharkus/parts_accessories,Robot Vacuums - Parts/Accessories,https://www.sharkclean.com/sharkus/parts_accessories/robot_vacuums_pa,Shark IQ Robot™ Post-Motor Filter Door
1631789579-623,https://www.sharkclean.com/sharkus/parts_accessories,Corded Stick Vacuums - Parts/Accessories,https://www.sharkclean.com/sharkus/parts_accessories/corded_stick_vacuums_pa,Motorized Floor Nozzle
1631789432-449,https://www.sharkclean.com/sharkus/parts_accessories,Hardfloor Cleaners - Parts/Accessories,https://www.sharkclean.com/sharkus/parts_accessories/hardfloor_cleaners_pa,Spray Nozzle - KD400 Series
1631789399-362,https://www.sharkclean.com/sharkus/parts_accessories,Robot Vacuums - Parts/Accessories,https://www.sharkclean.com/sharkus/parts_accessories/robot_vacuums_pa,Shark ION™ Robot Brushroll Kit
1631789534-515,https://www.sharkclean.com/sharkus/parts_accessories,Cordless Stick Vacuums - Parts/Accessories,https://www.sharkclean.com/sharkus/parts_accessories/cordless_stick_vacuums_pa,Charging Cord for 7-Cell Battery
1631789302-295,https://www.sharkclean.com/sharkus/parts_accessories,Vacuum and Steam - Parts/Accessories,https://www.sharkclean.com/sharkus/parts_accessories/vacuum_and_steam_pa,S6002  Stick Mop For Quick flip head
1631789362-297,https://www.sharkclean.com/sharkus/parts_accessories,Sweepers - Parts/Accessories,https://www.sharkclean.com/sharkus/parts_accessories/sweepers_pa,Dust Cup
1631789362-343,https://www.sharkclean.com/sharkus/parts_accessories,Sweepers - Parts/Accessories,https://www.sharkclean.com/sharkus/parts_accessories/sweepers_pa,Brush bar kit - V2700Z
1631789616-693,https://www.sharkclean.com/sharkus/parts_accessories,Canister Vacuums - Parts/Accessories,https://www.sharkclean.com/sharkus/parts_accessories/canister_vacuums_pa,Post Motor Filter Door-Shark Lift Around
1631789472-509,https://www.sharkclean.com/sharkus/parts_accessories,Handheld Vacuums - Parts/Accessories,https://www.sharkclean.com/sharkus/parts_accessories/handheld_vacuums_pa,Charging Adapter
1631789579-585,https://www.sharkclean.com/sharkus/parts_accessories,Corded Stick Vacuums - Parts/Accessories,https://www.sharkclean.com/sharkus/parts_accessories/corded_stick_vacuums_pa,Soft Roller
1631789472-463,https://www.sharkclean.com/sharkus/parts_accessories,Handheld Vacuums - Parts/Accessories,https://www.sharkclean.com/sharkus/parts_accessories/handheld_vacuums_pa,Crevice Tool
1631789534-518,https://www.sharkclean.com/sharkus/parts_accessories,Cordless Stick Vacuums - Parts/Accessories,https://www.sharkclean.com/sharkus/parts_accessories/cordless_stick_vacuums_pa,Motorized Floor Nozzle
1631789579-590,https://www.sharkclean.com/sharkus/parts_accessories,Corded Stick Vacuums - Parts/Accessories,https://www.sharkclean.com/sharkus/parts_accessories/corded_stick_vacuums_pa,Pre-Motor Filter Cover
1631789472-462,https://www.sharkclean.com/sharkus/parts_accessories,Handheld Vacuums - Parts/Accessories,https://www.sharkclean.com/sharkus/parts_accessories/handheld_vacuums_pa,Replacement Exhaust Filter Frame - NH130
1631789534-564,https://www.sharkclean.com/sharkus/parts_accessories,Cordless Stick Vacuums - Parts/Accessories,https://www.sharkclean.com/sharkus/parts_accessories/cordless_stick_vacuums_pa,"8"" Crevice Tool"
1631789492-512,https://www.sharkclean.com/sharkus/parts_accessories,Garment Care - Parts/Accessories,https://www.sharkclean.com/sharkus/parts_accessories/garment_care_pa,Garment Care Fill Flask
1631789534-582,https://www.sharkclean.com/sharkus/parts_accessories,Cordless Stick Vacuums - Parts/Accessories,https://www.sharkclean.com/sharkus/parts_accessories/cordless_stick_vacuums_pa,Charging Adapter
1631789302-292,https://www.sharkclean.com/sharkus/parts_accessories,Vacuum and Steam - Parts/Accessories,https://www.sharkclean.com/sharkus/parts_accessories/vacuum_and_steam_pa,Shark Steam & Scrub Handle and Wand
1631789616-721,https://www.sharkclean.com/sharkus/parts_accessories,Canister Vacuums - Parts/Accessories,https://www.sharkclean.com/sharkus/parts_accessories/canister_vacuums_pa,Floor Nozzle - LA400
1631789534-527,https://www.sharkclean.com/sharkus/parts_accessories,Cordless Stick Vacuums - Parts/Accessories,https://www.sharkclean.com/sharkus/parts_accessories/cordless_stick_vacuums_pa,Handle with Pole
1631789579-627,https://www.sharkclean.com/sharkus/parts_accessories,Corded Stick Vacuums - Parts/Accessories,https://www.sharkclean.com/sharkus/parts_accessories/corded_stick_vacuums_pa,Hard Floor Hero Attachment
1631789616-686,https://www.sharkclean.com/sharkus/parts_accessories,Canister Vacuums - Parts/Accessories,https://www.sharkclean.com/sharkus/parts_accessories/canister_vacuums_pa,Filter Access Door
1631789534-570,https://www.sharkclean.com/sharkus/parts_accessories,Cordless Stick Vacuums - Parts/Accessories,https://www.sharkclean.com/sharkus/parts_accessories/cordless_stick_vacuums_pa,Battery Pack
1631789362-317,https://www.sharkclean.com/sharkus/parts_accessories,Sweepers - Parts/Accessories,https://www.sharkclean.com/sharkus/parts_accessories/sweepers_pa,Replacement Filters (3)
1631789399-407,https://www.sharkclean.com/sharkus/parts_accessories,Robot Vacuums - Parts/Accessories,https://www.sharkclean.com/sharkus/parts_accessories/robot_vacuums_pa,Shark ION™ Robot Dock
1631789302-276,https://www.sharkclean.com/sharkus/parts_accessories,Vacuum and Steam - Parts/Accessories,https://www.sharkclean.com/sharkus/parts_accessories/vacuum_and_steam_pa,Replacement Pole
1631789616-691,https://www.sharkclean.com/sharkus/parts_accessories,Canister Vacuums - Parts/Accessories,https://www.sharkclean.com/sharkus/parts_accessories/canister_vacuums_pa,Straight Suction Nozzle
1631789534-541,https://www.sharkclean.com/sharkus/parts_accessories,Cordless Stick Vacuums - Parts/Accessories,https://www.sharkclean.com/sharkus/parts_accessories/cordless_stick_vacuums_pa,Dirt Engage™ Floor Nozzle
1631789579-647,https://www.sharkclean.com/sharkus/parts_accessories,Corded Stick Vacuums - Parts/Accessories,https://www.sharkclean.com/sharkus/parts_accessories/corded_stick_vacuums_pa,Motorized Floor Nozzle
1631789362-349,https://www.sharkclean.com/sharkus/parts_accessories,Sweepers - Parts/Accessories,https://www.sharkclean.com/sharkus/parts_accessories/sweepers_pa,Battery Pack
1631789639-731,https://www.sharkclean.com/sharkus/parts_accessories,Air Purifiers- Parts/Accessories,https://www.sharkclean.com/sharkus/parts_accessories/air_purifiers_pa,Anti-Allergen HEPA Filter with Advanced Odor Lock
1631789362-319,https://www.sharkclean.com/sharkus/parts_accessories,Sweepers - Parts/Accessories,https://www.sharkclean.com/sharkus/parts_accessories/sweepers_pa,Battery Pack
1631789362-324,https://www.sharkclean.com/sharkus/parts_accessories,Sweepers - Parts/Accessories,https://www.sharkclean.com/sharkus/parts_accessories/sweepers_pa,Battery Pack
1631789399-386,https://www.sharkclean.com/sharkus/parts_accessories,Robot Vacuums - Parts/Accessories,https://www.sharkclean.com/sharkus/parts_accessories/robot_vacuums_pa,Shark IQ Robot™ Dust Bin
1631789579-631,https://www.sharkclean.com/sharkus/parts_accessories,Corded Stick Vacuums - Parts/Accessories,https://www.sharkclean.com/sharkus/parts_accessories/corded_stick_vacuums_pa,Post-Motor Filter Cover
1631789534-581,https://www.sharkclean.com/sharkus/parts_accessories,Cordless Stick Vacuums - Parts/Accessories,https://www.sharkclean.com/sharkus/parts_accessories/cordless_stick_vacuums_pa,Mattress Tool
1631789362-334,https://www.sharkclean.com/sharkus/parts_accessories,Sweepers - Parts/Accessories,https://www.sharkclean.com/sharkus/parts_accessories/sweepers_pa,Lower Handle
1631789534-569,https://www.sharkclean.com/sharkus/parts_accessories,Cordless Stick Vacuums - Parts/Accessories,https://www.sharkclean.com/sharkus/parts_accessories/cordless_stick_vacuums_pa,Crevice Tool
1631789534-526,https://www.sharkclean.com/sharkus/parts_accessories,Cordless Stick Vacuums - Parts/Accessories,https://www.sharkclean.com/sharkus/parts_accessories/cordless_stick_vacuums_pa,ION Power Pack Battery
1631789472-497,https://www.sharkclean.com/sharkus/parts_accessories,Handheld Vacuums - Parts/Accessories,https://www.sharkclean.com/sharkus/parts_accessories/handheld_vacuums_pa,Replaceable ION Charge Battery
1631789399-395,https://www.sharkclean.com/sharkus/parts_accessories,Robot Vacuums - Parts/Accessories,https://www.sharkclean.com/sharkus/parts_accessories/robot_vacuums_pa,Shark® Robot Dust Bin
1631789579-649,https://www.sharkclean.com/sharkus/parts_accessories,Corded Stick Vacuums - Parts/Accessories,https://www.sharkclean.com/sharkus/parts_accessories/corded_stick_vacuums_pa,Anti-Allergen Dust Brush
1631789616-678,https://www.sharkclean.com/sharkus/parts_accessories,Canister Vacuums - Parts/Accessories,https://www.sharkclean.com/sharkus/parts_accessories/canister_vacuums_pa,Straight Suction Nozzle
1631789362-355,https://www.sharkclean.com/sharkus/parts_accessories,Sweepers - Parts/Accessories,https://www.sharkclean.com/sharkus/parts_accessories/sweepers_pa,Handle with Upper Tube - Model V2930
1631789579-610,https://www.sharkclean.com/sharkus/parts_accessories,Corded Stick Vacuums - Parts/Accessories,https://www.sharkclean.com/sharkus/parts_accessories/corded_stick_vacuums_pa,Post-Motor Filter
1631789432-446,https://www.sharkclean.com/sharkus/parts_accessories,Hardfloor Cleaners - Parts/Accessories,https://www.sharkclean.com/sharkus/parts_accessories/hardfloor_cleaners_pa,Shine Pad- Sonic Duo Mop
1631789432-444,https://www.sharkclean.com/sharkus/parts_accessories,Hardfloor Cleaners - Parts/Accessories,https://www.sharkclean.com/sharkus/parts_accessories/hardfloor_cleaners_pa,Steam Energized™ Wood Floor Cleanser
1631789362-311,https://www.sharkclean.com/sharkus/parts_accessories,Sweepers - Parts/Accessories,https://www.sharkclean.com/sharkus/parts_accessories/sweepers_pa,Replacement Hepa Filter
1631789399-367,https://www.sharkclean.com/sharkus/parts_accessories,Robot Vacuums - Parts/Accessories,https://www.sharkclean.com/sharkus/parts_accessories/robot_vacuums_pa,Shark ION&trade; Robot Dust Bin
1631789302-280,https://www.sharkclean.com/sharkus/parts_accessories,Vacuum and Steam - Parts/Accessories,https://www.sharkclean.com/sharkus/parts_accessories/vacuum_and_steam_pa,10oz Hardfloor Cleaner
1631789579-641,https://www.sharkclean.com/sharkus/parts_accessories,Corded Stick Vacuums - Parts/Accessories,https://www.sharkclean.com/sharkus/parts_accessories/corded_stick_vacuums_pa,Pre-Motor Filter Latch Kit
1631789616-716,https://www.sharkclean.com/sharkus/parts_accessories,Canister Vacuums - Parts/Accessories,https://www.sharkclean.com/sharkus/parts_accessories/canister_vacuums_pa,Tool Caddy
1631789362-335,https://www.sharkclean.com/sharkus/parts_accessories,Sweepers - Parts/Accessories,https://www.sharkclean.com/sharkus/parts_accessories/sweepers_pa,Upper Handle Assembly
1631789302-286,https://www.sharkclean.com/sharkus/parts_accessories,Vacuum and Steam - Parts/Accessories,https://www.sharkclean.com/sharkus/parts_accessories/vacuum_and_steam_pa,Triangle Dirt Grip&trade; Washable Pads
1631789399-378,https://www.sharkclean.com/sharkus/parts_accessories,Robot Vacuums - Parts/Accessories,https://www.sharkclean.com/sharkus/parts_accessories/robot_vacuums_pa,Shark IQ Robot™ Dust Bin
1631789579-615,https://www.sharkclean.com/sharkus/parts_accessories,Corded Stick Vacuums - Parts/Accessories,https://www.sharkclean.com/sharkus/parts_accessories/corded_stick_vacuums_pa,Under-Appliance Wand
1631789534-571,https://www.sharkclean.com/sharkus/parts_accessories,Cordless Stick Vacuums - Parts/Accessories,https://www.sharkclean.com/sharkus/parts_accessories/cordless_stick_vacuums_pa,ION Power Pack Charging System
1631789472-504,https://www.sharkclean.com/sharkus/parts_accessories,Handheld Vacuums - Parts/Accessories,https://www.sharkclean.com/sharkus/parts_accessories/handheld_vacuums_pa,Onboard Accessory Storage
1631789432-427,https://www.sharkclean.com/sharkus/parts_accessories,Hardfloor Cleaners - Parts/Accessories,https://www.sharkclean.com/sharkus/parts_accessories/hardfloor_cleaners_pa,Shark VACMOP™ Multi-Surface Cleaner Refill 2L Bottle
1631789472-475,https://www.sharkclean.com/sharkus/parts_accessories,Handheld Vacuums - Parts/Accessories,https://www.sharkclean.com/sharkus/parts_accessories/handheld_vacuums_pa,Dust Cup
1631789616-681,https://www.sharkclean.com/sharkus/parts_accessories,Canister Vacuums - Parts/Accessories,https://www.sharkclean.com/sharkus/parts_accessories/canister_vacuums_pa,Telescopic Pole
1631789472-478,https://www.sharkclean.com/sharkus/parts_accessories,Handheld Vacuums - Parts/Accessories,https://www.sharkclean.com/sharkus/parts_accessories/handheld_vacuums_pa,Dust Cup
1631789432-455,https://www.sharkclean.com/sharkus/parts_accessories,Hardfloor Cleaners - Parts/Accessories,https://www.sharkclean.com/sharkus/parts_accessories/hardfloor_cleaners_pa,Steam Mop Drying & Storage Tray
1631789579-655,https://www.sharkclean.com/sharkus/parts_accessories,Corded Stick Vacuums - Parts/Accessories,https://www.sharkclean.com/sharkus/parts_accessories/corded_stick_vacuums_pa,Dust-Away&trade; Hard Floor Attachment
1631789534-533,https://www.sharkclean.com/sharkus/parts_accessories,Cordless Stick Vacuums - Parts/Accessories,https://www.sharkclean.com/sharkus/parts_accessories/cordless_stick_vacuums_pa,Extension Wand
1631789362-356,https://www.sharkclean.com/sharkus/parts_accessories,Sweepers - Parts/Accessories,https://www.sharkclean.com/sharkus/parts_accessories/sweepers_pa,Charging Adapter
1631789362-310,https://www.sharkclean.com/sharkus/parts_accessories,Sweepers - Parts/Accessories,https://www.sharkclean.com/sharkus/parts_accessories/sweepers_pa,Extension Tube
1631789579-599,https://www.sharkclean.com/sharkus/parts_accessories,Corded Stick Vacuums - Parts/Accessories,https://www.sharkclean.com/sharkus/parts_accessories/corded_stick_vacuums_pa,Wall Mount
1631789472-493,https://www.sharkclean.com/sharkus/parts_accessories,Handheld Vacuums - Parts/Accessories,https://www.sharkclean.com/sharkus/parts_accessories/handheld_vacuums_pa,Battery Pack
1631789492-513,https://www.sharkclean.com/sharkus/parts_accessories,Garment Care - Parts/Accessories,https://www.sharkclean.com/sharkus/parts_accessories/garment_care_pa,Fill Flask
1631789472-502,https://www.sharkclean.com/sharkus/parts_accessories,Handheld Vacuums - Parts/Accessories,https://www.sharkclean.com/sharkus/parts_accessories/handheld_vacuums_pa,Hard-Floor Cleaning Attachment
1631789579-603,https://www.sharkclean.com/sharkus/parts_accessories,Corded Stick Vacuums - Parts/Accessories,https://www.sharkclean.com/sharkus/parts_accessories/corded_stick_vacuums_pa,HEPA Filter
1631789534-572,https://www.sharkclean.com/sharkus/parts_accessories,Cordless Stick Vacuums - Parts/Accessories,https://www.sharkclean.com/sharkus/parts_accessories/cordless_stick_vacuums_pa,Dusting Brush
1631789432-437,https://www.sharkclean.com/sharkus/parts_accessories,Hardfloor Cleaners - Parts/Accessories,https://www.sharkclean.com/sharkus/parts_accessories/hardfloor_cleaners_pa,Battery Access Door- Pro Silver
1631789472-481,https://www.sharkclean.com/sharkus/parts_accessories,Handheld Vacuums - Parts/Accessories,https://www.sharkclean.com/sharkus/parts_accessories/handheld_vacuums_pa,Charging Stand
1631789362-339,https://www.sharkclean.com/sharkus/parts_accessories,Sweepers - Parts/Accessories,https://www.sharkclean.com/sharkus/parts_accessories/sweepers_pa,Handle Assembly Tubes
1631789579-624,https://www.sharkclean.com/sharkus/parts_accessories,Corded Stick Vacuums - Parts/Accessories,https://www.sharkclean.com/sharkus/parts_accessories/corded_stick_vacuums_pa,Foam & Felt Filter Kit
1631789639-734,https://www.sharkclean.com/sharkus/parts_accessories,Air Purifiers- Parts/Accessories,https://www.sharkclean.com/sharkus/parts_accessories/air_purifiers_pa,Filter Cover
1631789472-500,https://www.sharkclean.com/sharkus/parts_accessories,Handheld Vacuums - Parts/Accessories,https://www.sharkclean.com/sharkus/parts_accessories/handheld_vacuums_pa,Filter Housing
1631789534-558,https://www.sharkclean.com/sharkus/parts_accessories,Cordless Stick Vacuums - Parts/Accessories,https://www.sharkclean.com/sharkus/parts_accessories/cordless_stick_vacuums_pa,Flexible Charging Dock
1631789399-387,https://www.sharkclean.com/sharkus/parts_accessories,Robot Vacuums - Parts/Accessories,https://www.sharkclean.com/sharkus/parts_accessories/robot_vacuums_pa,Shark IQ Self-Cleaning Br POST DC1321
1631789534-531,https://www.sharkclean.com/sharkus/parts_accessories,Cordless Stick Vacuums - Parts/Accessories,https://www.sharkclean.com/sharkus/parts_accessories/cordless_stick_vacuums_pa,Charging Cable
1631789302-277,https://www.sharkclean.com/sharkus/parts_accessories,Vacuum and Steam - Parts/Accessories,https://www.sharkclean.com/sharkus/parts_accessories/vacuum_and_steam_pa,Replacement Water Tank
1631789432-439,https://www.sharkclean.com/sharkus/parts_accessories,Hardfloor Cleaners - Parts/Accessories,https://www.sharkclean.com/sharkus/parts_accessories/hardfloor_cleaners_pa,Carpet Scrub 'n Stain™ Pad
1631789399-405,https://www.sharkclean.com/sharkus/parts_accessories,Robot Vacuums - Parts/Accessories,https://www.sharkclean.com/sharkus/parts_accessories/robot_vacuums_pa,Shark ION&trade; Robot Dock
1631789362-312,https://www.sharkclean.com/sharkus/parts_accessories,Sweepers - Parts/Accessories,https://www.sharkclean.com/sharkus/parts_accessories/sweepers_pa,Replacement Upper Handle
1631789432-422,https://www.sharkclean.com/sharkus/parts_accessories,Hardfloor Cleaners - Parts/Accessories,https://www.sharkclean.com/sharkus/parts_accessories/hardfloor_cleaners_pa,Carpet Glider
1631789362-336,https://www.sharkclean.com/sharkus/parts_accessories,Sweepers - Parts/Accessories,https://www.sharkclean.com/sharkus/parts_accessories/sweepers_pa,Replacement No Touch Dust Cup
1631789399-391,https://www.sharkclean.com/sharkus/parts_accessories,Robot Vacuums - Parts/Accessories,https://www.sharkclean.com/sharkus/parts_accessories/robot_vacuums_pa,Shark ION™ Robot Side Brushes
1631789534-538,https://www.sharkclean.com/sharkus/parts_accessories,Cordless Stick Vacuums - Parts/Accessories,https://www.sharkclean.com/sharkus/parts_accessories/cordless_stick_vacuums_pa,Motorized Floor Nozzle
1631789432-430,https://www.sharkclean.com/sharkus/parts_accessories,Hardfloor Cleaners - Parts/Accessories,https://www.sharkclean.com/sharkus/parts_accessories/hardfloor_cleaners_pa,ScrubDuster® Scrubbing Pad
1631789579-607,https://www.sharkclean.com/sharkus/parts_accessories,Corded Stick Vacuums - Parts/Accessories,https://www.sharkclean.com/sharkus/parts_accessories/corded_stick_vacuums_pa,12 in Crevice Tool
1631789472-476,https://www.sharkclean.com/sharkus/parts_accessories,Handheld Vacuums - Parts/Accessories,https://www.sharkclean.com/sharkus/parts_accessories/handheld_vacuums_pa,Scrubbing Brush
1631789399-419,https://www.sharkclean.com/sharkus/parts_accessories,Robot Vacuums - Parts/Accessories,https://www.sharkclean.com/sharkus/parts_accessories/robot_vacuums_pa,Shark IQ Robot™ Base Pre-Motor Filters
1631789472-487,https://www.sharkclean.com/sharkus/parts_accessories,Handheld Vacuums - Parts/Accessories,https://www.sharkclean.com/sharkus/parts_accessories/handheld_vacuums_pa,CH950/51/55 3-Cell Battery Pack
1631789432-447,https://www.sharkclean.com/sharkus/parts_accessories,Hardfloor Cleaners - Parts/Accessories,https://www.sharkclean.com/sharkus/parts_accessories/hardfloor_cleaners_pa,Water Tank Cap - Green
1631789472-459,https://www.sharkclean.com/sharkus/parts_accessories,Handheld Vacuums - Parts/Accessories,https://www.sharkclean.com/sharkus/parts_accessories/handheld_vacuums_pa,Replacement Accessory Kit
1631789579-589,https://www.sharkclean.com/sharkus/parts_accessories,Corded Stick Vacuums - Parts/Accessories,https://www.sharkclean.com/sharkus/parts_accessories/corded_stick_vacuums_pa,Foam & Felt Filter Support Kit
1631789399-370,https://www.sharkclean.com/sharkus/parts_accessories,Robot Vacuums - Parts/Accessories,https://www.sharkclean.com/sharkus/parts_accessories/robot_vacuums_pa,Shark® Robot Battery Door
1631789616-720,https://www.sharkclean.com/sharkus/parts_accessories,Canister Vacuums - Parts/Accessories,https://www.sharkclean.com/sharkus/parts_accessories/canister_vacuums_pa,Foam & Felt Filter Kit
1631789302-287,https://www.sharkclean.com/sharkus/parts_accessories,Vacuum and Steam - Parts/Accessories,https://www.sharkclean.com/sharkus/parts_accessories/vacuum_and_steam_pa,Shark Steam & Scrub Handle and Wand
1631789579-638,https://www.sharkclean.com/sharkus/parts_accessories,Corded Stick Vacuums - Parts/Accessories,https://www.sharkclean.com/sharkus/parts_accessories/corded_stick_vacuums_pa,Accessory Bag
1631789579-640,https://www.sharkclean.com/sharkus/parts_accessories,Corded Stick Vacuums - Parts/Accessories,https://www.sharkclean.com/sharkus/parts_accessories/corded_stick_vacuums_pa,Wall Mount
1631789579-600,https://www.sharkclean.com/sharkus/parts_accessories,Corded Stick Vacuums - Parts/Accessories,https://www.sharkclean.com/sharkus/parts_accessories/corded_stick_vacuums_pa,Post-Motor Filter Cover
1631789362-320,https://www.sharkclean.com/sharkus/parts_accessories,Sweepers - Parts/Accessories,https://www.sharkclean.com/sharkus/parts_accessories/sweepers_pa,Battery Access Door- V2930
1631789302-285,https://www.sharkclean.com/sharkus/parts_accessories,Vacuum and Steam - Parts/Accessories,https://www.sharkclean.com/sharkus/parts_accessories/vacuum_and_steam_pa,Mop Handle
1631789399-414,https://www.sharkclean.com/sharkus/parts_accessories,Robot Vacuums - Parts/Accessories,https://www.sharkclean.com/sharkus/parts_accessories/robot_vacuums_pa,Shark IQ Robot™ Base Dust Bin
1631789579-601,https://www.sharkclean.com/sharkus/parts_accessories,Corded Stick Vacuums - Parts/Accessories,https://www.sharkclean.com/sharkus/parts_accessories/corded_stick_vacuums_pa,Foam & Felt Filter Kit
1631789399-375,https://www.sharkclean.com/sharkus/parts_accessories,Robot Vacuums - Parts/Accessories,https://www.sharkclean.com/sharkus/parts_accessories/robot_vacuums_pa,Shark® Robot 8ft. BotBoundary® Strip
1631789472-466,https://www.sharkclean.com/sharkus/parts_accessories,Handheld Vacuums - Parts/Accessories,https://www.sharkclean.com/sharkus/parts_accessories/handheld_vacuums_pa,Tap Clean Hepa Dust Cup Filter
1631789534-567,https://www.sharkclean.com/sharkus/parts_accessories,Cordless Stick Vacuums - Parts/Accessories,https://www.sharkclean.com/sharkus/parts_accessories/cordless_stick_vacuums_pa,Extension Wand
1631789302-289,https://www.sharkclean.com/sharkus/parts_accessories,Vacuum and Steam - Parts/Accessories,https://www.sharkclean.com/sharkus/parts_accessories/vacuum_and_steam_pa,Replacement Water Tank and Cap
1631789579-671,https://www.sharkclean.com/sharkus/parts_accessories,Corded Stick Vacuums - Parts/Accessories,https://www.sharkclean.com/sharkus/parts_accessories/corded_stick_vacuums_pa,Multi-Angle Dusting Brush
1631789639-725,https://www.sharkclean.com/sharkus/parts_accessories,Air Purifiers- Parts/Accessories,https://www.sharkclean.com/sharkus/parts_accessories/air_purifiers_pa,Filter Door
1631789579-630,https://www.sharkclean.com/sharkus/parts_accessories,Corded Stick Vacuums - Parts/Accessories,https://www.sharkclean.com/sharkus/parts_accessories/corded_stick_vacuums_pa,Crevice Tool
1631789472-483,https://www.sharkclean.com/sharkus/parts_accessories,Handheld Vacuums - Parts/Accessories,https://www.sharkclean.com/sharkus/parts_accessories/handheld_vacuums_pa,Fabric Filter
1631789616-712,https://www.sharkclean.com/sharkus/parts_accessories,Canister Vacuums - Parts/Accessories,https://www.sharkclean.com/sharkus/parts_accessories/canister_vacuums_pa,24- Flexible Crevice Tool
1631789616-683,https://www.sharkclean.com/sharkus/parts_accessories,Canister Vacuums - Parts/Accessories,https://www.sharkclean.com/sharkus/parts_accessories/canister_vacuums_pa,Lift-Around® Portable Vacuum Accessory Bag
1631789399-408,https://www.sharkclean.com/sharkus/parts_accessories,Robot Vacuums - Parts/Accessories,https://www.sharkclean.com/sharkus/parts_accessories/robot_vacuums_pa,Shark® Robot Front Wheel
1631789579-673,https://www.sharkclean.com/sharkus/parts_accessories,Corded Stick Vacuums - Parts/Accessories,https://www.sharkclean.com/sharkus/parts_accessories/corded_stick_vacuums_pa,Pet Multi Tool
1631789362-316,https://www.sharkclean.com/sharkus/parts_accessories,Sweepers - Parts/Accessories,https://www.sharkclean.com/sharkus/parts_accessories/sweepers_pa,Replacement Brush Roll
1631789534-545,https://www.sharkclean.com/sharkus/parts_accessories,Cordless Stick Vacuums - Parts/Accessories,https://www.sharkclean.com/sharkus/parts_accessories/cordless_stick_vacuums_pa,Brushroll Access Door
1631789534-562,https://www.sharkclean.com/sharkus/parts_accessories,Cordless Stick Vacuums - Parts/Accessories,https://www.sharkclean.com/sharkus/parts_accessories/cordless_stick_vacuums_pa,Flexible Crevice Tool
1631789579-621,https://www.sharkclean.com/sharkus/parts_accessories,Corded Stick Vacuums - Parts/Accessories,https://www.sharkclean.com/sharkus/parts_accessories/corded_stick_vacuums_pa,Home & Car Detail Kit
1631789616-717,https://www.sharkclean.com/sharkus/parts_accessories,Canister Vacuums - Parts/Accessories,https://www.sharkclean.com/sharkus/parts_accessories/canister_vacuums_pa,Pet Power Brush
1631789399-402,https://www.sharkclean.com/sharkus/parts_accessories,Robot Vacuums - Parts/Accessories,https://www.sharkclean.com/sharkus/parts_accessories/robot_vacuums_pa,Shark ION™ Robot Brushroll Kit
1631789302-294,https://www.sharkclean.com/sharkus/parts_accessories,Vacuum and Steam - Parts/Accessories,https://www.sharkclean.com/sharkus/parts_accessories/vacuum_and_steam_pa,XL Rectangle Steam Pocket Pad -S6000ser
1631789472-484,https://www.sharkclean.com/sharkus/parts_accessories,Handheld Vacuums - Parts/Accessories,https://www.sharkclean.com/sharkus/parts_accessories/handheld_vacuums_pa,Replacement AC Adaptor
1631789579-669,https://www.sharkclean.com/sharkus/parts_accessories,Corded Stick Vacuums - Parts/Accessories,https://www.sharkclean.com/sharkus/parts_accessories/corded_stick_vacuums_pa,Pet Multi-Tool
1631789432-425,https://www.sharkclean.com/sharkus/parts_accessories,Hardfloor Cleaners - Parts/Accessories,https://www.sharkclean.com/sharkus/parts_accessories/hardfloor_cleaners_pa,Water Tank Cap - Lavender
1631789362-327,https://www.sharkclean.com/sharkus/parts_accessories,Sweepers - Parts/Accessories,https://www.sharkclean.com/sharkus/parts_accessories/sweepers_pa,Replacement Brush Kit
1631789362-331,https://www.sharkclean.com/sharkus/parts_accessories,Sweepers - Parts/Accessories,https://www.sharkclean.com/sharkus/parts_accessories/sweepers_pa,Replacement Pole
1631789362-313,https://www.sharkclean.com/sharkus/parts_accessories,Sweepers - Parts/Accessories,https://www.sharkclean.com/sharkus/parts_accessories/sweepers_pa,Replacement Upper Handle
1631789362-348,https://www.sharkclean.com/sharkus/parts_accessories,Sweepers - Parts/Accessories,https://www.sharkclean.com/sharkus/parts_accessories/sweepers_pa,Dust Cup Cover
1631789362-330,https://www.sharkclean.com/sharkus/parts_accessories,Sweepers - Parts/Accessories,https://www.sharkclean.com/sharkus/parts_accessories/sweepers_pa,Battery Pack
1631789616-719,https://www.sharkclean.com/sharkus/parts_accessories,Canister Vacuums - Parts/Accessories,https://www.sharkclean.com/sharkus/parts_accessories/canister_vacuums_pa,Dust-Away™ Hard Floor Attachment
1631789579-608,https://www.sharkclean.com/sharkus/parts_accessories,Corded Stick Vacuums - Parts/Accessories,https://www.sharkclean.com/sharkus/parts_accessories/corded_stick_vacuums_pa,Duster Crevice Tool
1631789534-574,https://www.sharkclean.com/sharkus/parts_accessories,Cordless Stick Vacuums - Parts/Accessories,https://www.sharkclean.com/sharkus/parts_accessories/cordless_stick_vacuums_pa,Duster Crevice Tool
1631789534-568,https://www.sharkclean.com/sharkus/parts_accessories,Cordless Stick Vacuums - Parts/Accessories,https://www.sharkclean.com/sharkus/parts_accessories/cordless_stick_vacuums_pa,Dirt Engage Floor Nozzle
1631789472-489,https://www.sharkclean.com/sharkus/parts_accessories,Handheld Vacuums - Parts/Accessories,https://www.sharkclean.com/sharkus/parts_accessories/handheld_vacuums_pa,Replacement Plastic Dust cup
1631789362-329,https://www.sharkclean.com/sharkus/parts_accessories,Sweepers - Parts/Accessories,https://www.sharkclean.com/sharkus/parts_accessories/sweepers_pa,Replacement Plastic Dust cup
1631789639-733,https://www.sharkclean.com/sharkus/parts_accessories,Air Purifiers- Parts/Accessories,https://www.sharkclean.com/sharkus/parts_accessories/air_purifiers_pa,Remote Control
1631789472-472,https://www.sharkclean.com/sharkus/parts_accessories,Handheld Vacuums - Parts/Accessories,https://www.sharkclean.com/sharkus/parts_accessories/handheld_vacuums_pa,Dust Cup
1631789616-679,https://www.sharkclean.com/sharkus/parts_accessories,Canister Vacuums - Parts/Accessories,https://www.sharkclean.com/sharkus/parts_accessories/canister_vacuums_pa,Crevice Tool
1631789579-634,https://www.sharkclean.com/sharkus/parts_accessories,Corded Stick Vacuums - Parts/Accessories,https://www.sharkclean.com/sharkus/parts_accessories/corded_stick_vacuums_pa,"5"" Crevice Tool"
1631789579-637,https://www.sharkclean.com/sharkus/parts_accessories,Corded Stick Vacuums - Parts/Accessories,https://www.sharkclean.com/sharkus/parts_accessories/corded_stick_vacuums_pa,Duster Crevice Tool
1631789639-726,https://www.sharkclean.com/sharkus/parts_accessories,Air Purifiers- Parts/Accessories,https://www.sharkclean.com/sharkus/parts_accessories/air_purifiers_pa,Remote
1631789616-701,https://www.sharkclean.com/sharkus/parts_accessories,Canister Vacuums - Parts/Accessories,https://www.sharkclean.com/sharkus/parts_accessories/canister_vacuums_pa,Replacement Accessory Kit
1631789616-674,https://www.sharkclean.com/sharkus/parts_accessories,Canister Vacuums - Parts/Accessories,https://www.sharkclean.com/sharkus/parts_accessories/canister_vacuums_pa,Multi-Angle Dusting Brush
1631789432-435,https://www.sharkclean.com/sharkus/parts_accessories,Hardfloor Cleaners - Parts/Accessories,https://www.sharkclean.com/sharkus/parts_accessories/hardfloor_cleaners_pa,Water Tank Cap- Easy Spray Steam Mop
1631789399-379,https://www.sharkclean.com/sharkus/parts_accessories,Robot Vacuums - Parts/Accessories,https://www.sharkclean.com/sharkus/parts_accessories/robot_vacuums_pa,Shark IQ Robot™ Self-Empty Base
1631789362-307,https://www.sharkclean.com/sharkus/parts_accessories,Sweepers - Parts/Accessories,https://www.sharkclean.com/sharkus/parts_accessories/sweepers_pa,Replacement  Extension Tubes
1631789579-596,https://www.sharkclean.com/sharkus/parts_accessories,Corded Stick Vacuums - Parts/Accessories,https://www.sharkclean.com/sharkus/parts_accessories/corded_stick_vacuums_pa,Dusting Brush
1631789616-709,https://www.sharkclean.com/sharkus/parts_accessories,Canister Vacuums - Parts/Accessories,https://www.sharkclean.com/sharkus/parts_accessories/canister_vacuums_pa,Dusting Brush
1631789534-552,https://www.sharkclean.com/sharkus/parts_accessories,Cordless Stick Vacuums - Parts/Accessories,https://www.sharkclean.com/sharkus/parts_accessories/cordless_stick_vacuums_pa,MultiFLEX® Wand
1631789534-529,https://www.sharkclean.com/sharkus/parts_accessories,Cordless Stick Vacuums - Parts/Accessories,https://www.sharkclean.com/sharkus/parts_accessories/cordless_stick_vacuums_pa,Charging Cord
1631789534-556,https://www.sharkclean.com/sharkus/parts_accessories,Cordless Stick Vacuums - Parts/Accessories,https://www.sharkclean.com/sharkus/parts_accessories/cordless_stick_vacuums_pa,Filter Kit
1631789616-685,https://www.sharkclean.com/sharkus/parts_accessories,Canister Vacuums - Parts/Accessories,https://www.sharkclean.com/sharkus/parts_accessories/canister_vacuums_pa,HEPA Filter
1631789472-480,https://www.sharkclean.com/sharkus/parts_accessories,Handheld Vacuums - Parts/Accessories,https://www.sharkclean.com/sharkus/parts_accessories/handheld_vacuums_pa,Shark ION Cord-Free Handheld Vacuum (No Bat)
1631789579-645,https://www.sharkclean.com/sharkus/parts_accessories,Corded Stick Vacuums - Parts/Accessories,https://www.sharkclean.com/sharkus/parts_accessories/corded_stick_vacuums_pa,Filter Cover
1631789472-479,https://www.sharkclean.com/sharkus/parts_accessories,Handheld Vacuums - Parts/Accessories,https://www.sharkclean.com/sharkus/parts_accessories/handheld_vacuums_pa,Charging Adapter
1631789362-351,https://www.sharkclean.com/sharkus/parts_accessories,Sweepers - Parts/Accessories,https://www.sharkclean.com/sharkus/parts_accessories/sweepers_pa,Brush Bar Kit - Model V2945Z
1631789579-648,https://www.sharkclean.com/sharkus/parts_accessories,Corded Stick Vacuums - Parts/Accessories,https://www.sharkclean.com/sharkus/parts_accessories/corded_stick_vacuums_pa,Post-Motor Filter
1631789534-584,https://www.sharkclean.com/sharkus/parts_accessories,Cordless Stick Vacuums - Parts/Accessories,https://www.sharkclean.com/sharkus/parts_accessories/cordless_stick_vacuums_pa,Dust Cup
1631789579-667,https://www.sharkclean.com/sharkus/parts_accessories,Corded Stick Vacuums - Parts/Accessories,https://www.sharkclean.com/sharkus/parts_accessories/corded_stick_vacuums_pa,Dust Cup
1631789399-397,https://www.sharkclean.com/sharkus/parts_accessories,Robot Vacuums - Parts/Accessories,https://www.sharkclean.com/sharkus/parts_accessories/robot_vacuums_pa,Shark IQ Robot® Series Replenishment Kit
1631789534-580,https://www.sharkclean.com/sharkus/parts_accessories,Cordless Stick Vacuums - Parts/Accessories,https://www.sharkclean.com/sharkus/parts_accessories/cordless_stick_vacuums_pa,Hand Vac Storage Clip
1631789399-394,https://www.sharkclean.com/sharkus/parts_accessories,Robot Vacuums - Parts/Accessories,https://www.sharkclean.com/sharkus/parts_accessories/robot_vacuums_pa,Shark IQ Robot™ Dock
1631789399-393,https://www.sharkclean.com/sharkus/parts_accessories,Robot Vacuums - Parts/Accessories,https://www.sharkclean.com/sharkus/parts_accessories/robot_vacuums_pa,Shark IQ Robot™ Base Pod
1631789534-578,https://www.sharkclean.com/sharkus/parts_accessories,Cordless Stick Vacuums - Parts/Accessories,https://www.sharkclean.com/sharkus/parts_accessories/cordless_stick_vacuums_pa,Under-Appliance Wand
1631789579-668,https://www.sharkclean.com/sharkus/parts_accessories,Corded Stick Vacuums - Parts/Accessories,https://www.sharkclean.com/sharkus/parts_accessories/corded_stick_vacuums_pa,Pet Crevice Tool
1631789362-332,https://www.sharkclean.com/sharkus/parts_accessories,Sweepers - Parts/Accessories,https://www.sharkclean.com/sharkus/parts_accessories/sweepers_pa,Lower Handle
1631789432-442,https://www.sharkclean.com/sharkus/parts_accessories,Hardfloor Cleaners - Parts/Accessories,https://www.sharkclean.com/sharkus/parts_accessories/hardfloor_cleaners_pa,Handle with Tube - Champagne color
1631789432-424,https://www.sharkclean.com/sharkus/parts_accessories,Hardfloor Cleaners - Parts/Accessories,https://www.sharkclean.com/sharkus/parts_accessories/hardfloor_cleaners_pa,Detachable Cord
1631789432-423,https://www.sharkclean.com/sharkus/parts_accessories,Hardfloor Cleaners - Parts/Accessories,https://www.sharkclean.com/sharkus/parts_accessories/hardfloor_cleaners_pa,Spray Nozzle - Teal
1631789579-672,https://www.sharkclean.com/sharkus/parts_accessories,Corded Stick Vacuums - Parts/Accessories,https://www.sharkclean.com/sharkus/parts_accessories/corded_stick_vacuums_pa,HEPA Filter Cover
1631789399-385,https://www.sharkclean.com/sharkus/parts_accessories,Robot Vacuums - Parts/Accessories,https://www.sharkclean.com/sharkus/parts_accessories/robot_vacuums_pa,Shark ION ROBOT Full Replenishment Kit
1631789534-534,https://www.sharkclean.com/sharkus/parts_accessories,Cordless Stick Vacuums - Parts/Accessories,https://www.sharkclean.com/sharkus/parts_accessories/cordless_stick_vacuums_pa,Handle with Hose
1631789362-298,https://www.sharkclean.com/sharkus/parts_accessories,Sweepers - Parts/Accessories,https://www.sharkclean.com/sharkus/parts_accessories/sweepers_pa,Replacement Debris Screen
1631789362-333,https://www.sharkclean.com/sharkus/parts_accessories,Sweepers - Parts/Accessories,https://www.sharkclean.com/sharkus/parts_accessories/sweepers_pa,Battery Pack
1631789302-279,https://www.sharkclean.com/sharkus/parts_accessories,Vacuum and Steam - Parts/Accessories,https://www.sharkclean.com/sharkus/parts_accessories/vacuum_and_steam_pa,Replacement Handle
1631789579-628,https://www.sharkclean.com/sharkus/parts_accessories,Corded Stick Vacuums - Parts/Accessories,https://www.sharkclean.com/sharkus/parts_accessories/corded_stick_vacuums_pa,Precision Duster
1631789472-499,https://www.sharkclean.com/sharkus/parts_accessories,Handheld Vacuums - Parts/Accessories,https://www.sharkclean.com/sharkus/parts_accessories/handheld_vacuums_pa,XL Motorized Pet Brush
1631789399-418,https://www.sharkclean.com/sharkus/parts_accessories,Robot Vacuums - Parts/Accessories,https://www.sharkclean.com/sharkus/parts_accessories/robot_vacuums_pa,Shark® Dock
1631789399-373,https://www.sharkclean.com/sharkus/parts_accessories,Robot Vacuums - Parts/Accessories,https://www.sharkclean.com/sharkus/parts_accessories/robot_vacuums_pa,Self-Cleaning Brushroll for your Shark® IQ Robot
1631789362-325,https://www.sharkclean.com/sharkus/parts_accessories,Sweepers - Parts/Accessories,https://www.sharkclean.com/sharkus/parts_accessories/sweepers_pa,Handle Folding Gear - V2945Z
1631789472-467,https://www.sharkclean.com/sharkus/parts_accessories,Handheld Vacuums - Parts/Accessories,https://www.sharkclean.com/sharkus/parts_accessories/handheld_vacuums_pa,Dust Cup
1631789579-595,https://www.sharkclean.com/sharkus/parts_accessories,Corded Stick Vacuums - Parts/Accessories,https://www.sharkclean.com/sharkus/parts_accessories/corded_stick_vacuums_pa,Dust Cup
1631789534-544,https://www.sharkclean.com/sharkus/parts_accessories,Cordless Stick Vacuums - Parts/Accessories,https://www.sharkclean.com/sharkus/parts_accessories/cordless_stick_vacuums_pa,Post-Motor Filter
1631789432-421,https://www.sharkclean.com/sharkus/parts_accessories,Hardfloor Cleaners - Parts/Accessories,https://www.sharkclean.com/sharkus/parts_accessories/hardfloor_cleaners_pa,All Purpose Mop Head for model SM200
1631789432-431,https://www.sharkclean.com/sharkus/parts_accessories,Hardfloor Cleaners - Parts/Accessories,https://www.sharkclean.com/sharkus/parts_accessories/hardfloor_cleaners_pa,Water Tank Cap
1631789432-443,https://www.sharkclean.com/sharkus/parts_accessories,Hardfloor Cleaners - Parts/Accessories,https://www.sharkclean.com/sharkus/parts_accessories/hardfloor_cleaners_pa,Carpet Cleaning Pad- Sonic Duo Mop
1631789534-553,https://www.sharkclean.com/sharkus/parts_accessories,Cordless Stick Vacuums - Parts/Accessories,https://www.sharkclean.com/sharkus/parts_accessories/cordless_stick_vacuums_pa,Mini Motorized Brush
1631789616-702,https://www.sharkclean.com/sharkus/parts_accessories,Canister Vacuums - Parts/Accessories,https://www.sharkclean.com/sharkus/parts_accessories/canister_vacuums_pa,Mattress Tool- for the Lift Around Vacuum
1631789534-573,https://www.sharkclean.com/sharkus/parts_accessories,Cordless Stick Vacuums - Parts/Accessories,https://www.sharkclean.com/sharkus/parts_accessories/cordless_stick_vacuums_pa,Lithium-Ion Removable Battery
1631789362-345,https://www.sharkclean.com/sharkus/parts_accessories,Sweepers - Parts/Accessories,https://www.sharkclean.com/sharkus/parts_accessories/sweepers_pa,Replacement Plastic Dust upC
1631789399-361,https://www.sharkclean.com/sharkus/parts_accessories,Robot Vacuums - Parts/Accessories,https://www.sharkclean.com/sharkus/parts_accessories/robot_vacuums_pa,Shark® Robot Brushroll Door
1631789534-540,https://www.sharkclean.com/sharkus/parts_accessories,Cordless Stick Vacuums - Parts/Accessories,https://www.sharkclean.com/sharkus/parts_accessories/cordless_stick_vacuums_pa,Upholstery Tool
1631789534-560,https://www.sharkclean.com/sharkus/parts_accessories,Cordless Stick Vacuums - Parts/Accessories,https://www.sharkclean.com/sharkus/parts_accessories/cordless_stick_vacuums_pa,Wide Upholstery Tool
1631789534-548,https://www.sharkclean.com/sharkus/parts_accessories,Cordless Stick Vacuums - Parts/Accessories,https://www.sharkclean.com/sharkus/parts_accessories/cordless_stick_vacuums_pa,Brushroll Cover
1631789534-543,https://www.sharkclean.com/sharkus/parts_accessories,Cordless Stick Vacuums - Parts/Accessories,https://www.sharkclean.com/sharkus/parts_accessories/cordless_stick_vacuums_pa,Fabric Filter
1631789399-381,https://www.sharkclean.com/sharkus/parts_accessories,Robot Vacuums - Parts/Accessories,https://www.sharkclean.com/sharkus/parts_accessories/robot_vacuums_pa,Shark® Robot Microfiber Mopping Pads-2 pack
1631789362-350,https://www.sharkclean.com/sharkus/parts_accessories,Sweepers - Parts/Accessories,https://www.sharkclean.com/sharkus/parts_accessories/sweepers_pa,Dust Cup
1631789362-357,https://www.sharkclean.com/sharkus/parts_accessories,Sweepers - Parts/Accessories,https://www.sharkclean.com/sharkus/parts_accessories/sweepers_pa,Replacement Pre-filter rings kit (2)
1631789534-539,https://www.sharkclean.com/sharkus/parts_accessories,Cordless Stick Vacuums - Parts/Accessories,https://www.sharkclean.com/sharkus/parts_accessories/cordless_stick_vacuums_pa,Multi-Angle Dusting Brush
1631789399-409,https://www.sharkclean.com/sharkus/parts_accessories,Robot Vacuums - Parts/Accessories,https://www.sharkclean.com/sharkus/parts_accessories/robot_vacuums_pa,Shark IQ Robot™ Li-ion Battery
1631789302-281,https://www.sharkclean.com/sharkus/parts_accessories,Vacuum and Steam - Parts/Accessories,https://www.sharkclean.com/sharkus/parts_accessories/vacuum_and_steam_pa,Pole Attachable Fill Flask
1631789399-376,https://www.sharkclean.com/sharkus/parts_accessories,Robot Vacuums - Parts/Accessories,https://www.sharkclean.com/sharkus/parts_accessories/robot_vacuums_pa,Shark IQ Robot™ Side Brushes
1631789579-653,https://www.sharkclean.com/sharkus/parts_accessories,Corded Stick Vacuums - Parts/Accessories,https://www.sharkclean.com/sharkus/parts_accessories/corded_stick_vacuums_pa,"18"" Flexi Crevice Tool"
1631789616-722,https://www.sharkclean.com/sharkus/parts_accessories,Canister Vacuums - Parts/Accessories,https://www.sharkclean.com/sharkus/parts_accessories/canister_vacuums_pa,Electrified Extension Wand
1631789472-496,https://www.sharkclean.com/sharkus/parts_accessories,Handheld Vacuums - Parts/Accessories,https://www.sharkclean.com/sharkus/parts_accessories/handheld_vacuums_pa,Charging Dock
1631789362-304,https://www.sharkclean.com/sharkus/parts_accessories,Sweepers - Parts/Accessories,https://www.sharkclean.com/sharkus/parts_accessories/sweepers_pa,Charging Adapter - Model V2725QC
1631789432-433,https://www.sharkclean.com/sharkus/parts_accessories,Hardfloor Cleaners - Parts/Accessories,https://www.sharkclean.com/sharkus/parts_accessories/hardfloor_cleaners_pa,Battery Access Door- Lavender
1631789534-530,https://www.sharkclean.com/sharkus/parts_accessories,Cordless Stick Vacuums - Parts/Accessories,https://www.sharkclean.com/sharkus/parts_accessories/cordless_stick_vacuums_pa,Dust Cup
1631789432-453,https://www.sharkclean.com/sharkus/parts_accessories,Hardfloor Cleaners - Parts/Accessories,https://www.sharkclean.com/sharkus/parts_accessories/hardfloor_cleaners_pa,Water Tank Cap - Pro silver
1631789399-374,https://www.sharkclean.com/sharkus/parts_accessories,Robot Vacuums - Parts/Accessories,https://www.sharkclean.com/sharkus/parts_accessories/robot_vacuums_pa,SharkMat
1631789579-618,https://www.sharkclean.com/sharkus/parts_accessories,Corded Stick Vacuums - Parts/Accessories,https://www.sharkclean.com/sharkus/parts_accessories/corded_stick_vacuums_pa,Wall Mount
1631789534-577,https://www.sharkclean.com/sharkus/parts_accessories,Cordless Stick Vacuums - Parts/Accessories,https://www.sharkclean.com/sharkus/parts_accessories/cordless_stick_vacuums_pa,MultiFLEX® Wand
1631789362-346,https://www.sharkclean.com/sharkus/parts_accessories,Sweepers - Parts/Accessories,https://www.sharkclean.com/sharkus/parts_accessories/sweepers_pa,Replacement Brush Kit
1631789616-680,https://www.sharkclean.com/sharkus/parts_accessories,Canister Vacuums - Parts/Accessories,https://www.sharkclean.com/sharkus/parts_accessories/canister_vacuums_pa,HEPA Filter
1631789362-308,https://www.sharkclean.com/sharkus/parts_accessories,Sweepers - Parts/Accessories,https://www.sharkclean.com/sharkus/parts_accessories/sweepers_pa,Handle Folding Gear
1631789432-432,https://www.sharkclean.com/sharkus/parts_accessories,Hardfloor Cleaners - Parts/Accessories,https://www.sharkclean.com/sharkus/parts_accessories/hardfloor_cleaners_pa,Battery Access Door-  red
1631789432-451,https://www.sharkclean.com/sharkus/parts_accessories,Hardfloor Cleaners - Parts/Accessories,https://www.sharkclean.com/sharkus/parts_accessories/hardfloor_cleaners_pa,Telescopic Tube for model SK140series
1631789399-403,https://www.sharkclean.com/sharkus/parts_accessories,Robot Vacuums - Parts/Accessories,https://www.sharkclean.com/sharkus/parts_accessories/robot_vacuums_pa,Shark&reg; Robot Front Wheel Kit
1631789399-389,https://www.sharkclean.com/sharkus/parts_accessories,Robot Vacuums - Parts/Accessories,https://www.sharkclean.com/sharkus/parts_accessories/robot_vacuums_pa,Shark IQ Robot™ Base Pre-Motor Filters
1631789579-602,https://www.sharkclean.com/sharkus/parts_accessories,Corded Stick Vacuums - Parts/Accessories,https://www.sharkclean.com/sharkus/parts_accessories/corded_stick_vacuums_pa,Dust Cup
1631789534-547,https://www.sharkclean.com/sharkus/parts_accessories,Cordless Stick Vacuums - Parts/Accessories,https://www.sharkclean.com/sharkus/parts_accessories/cordless_stick_vacuums_pa,Lithium-Ion Removable Battery
1631789616-718,https://www.sharkclean.com/sharkus/parts_accessories,Canister Vacuums - Parts/Accessories,https://www.sharkclean.com/sharkus/parts_accessories/canister_vacuums_pa,Canister Caddy
1631789399-383,https://www.sharkclean.com/sharkus/parts_accessories,Robot Vacuums - Parts/Accessories,https://www.sharkclean.com/sharkus/parts_accessories/robot_vacuums_pa,Shark IQ Robot™ Dust Bin
1631789534-546,https://www.sharkclean.com/sharkus/parts_accessories,Cordless Stick Vacuums - Parts/Accessories,https://www.sharkclean.com/sharkus/parts_accessories/cordless_stick_vacuums_pa,Anti-Allergen Dusting Brush
1631789472-474,https://www.sharkclean.com/sharkus/parts_accessories,Handheld Vacuums - Parts/Accessories,https://www.sharkclean.com/sharkus/parts_accessories/handheld_vacuums_pa,Replacement Handle Assy Screw Kit
1631789616-676,https://www.sharkclean.com/sharkus/parts_accessories,Canister Vacuums - Parts/Accessories,https://www.sharkclean.com/sharkus/parts_accessories/canister_vacuums_pa,Post-Motor Filter Cover
1631789616-724,https://www.sharkclean.com/sharkus/parts_accessories,Canister Vacuums - Parts/Accessories,https://www.sharkclean.com/sharkus/parts_accessories/canister_vacuums_pa,Crevice Tool
1631789472-501,https://www.sharkclean.com/sharkus/parts_accessories,Handheld Vacuums - Parts/Accessories,https://www.sharkclean.com/sharkus/parts_accessories/handheld_vacuums_pa,Replacement Extension Tube
1631789579-619,https://www.sharkclean.com/sharkus/parts_accessories,Corded Stick Vacuums - Parts/Accessories,https://www.sharkclean.com/sharkus/parts_accessories/corded_stick_vacuums_pa,Dust-Away™ Hard Floor Attachment
1631789579-593,https://www.sharkclean.com/sharkus/parts_accessories,Corded Stick Vacuums - Parts/Accessories,https://www.sharkclean.com/sharkus/parts_accessories/corded_stick_vacuums_pa,Upholstery Tool
1631789362-301,https://www.sharkclean.com/sharkus/parts_accessories,Sweepers - Parts/Accessories,https://www.sharkclean.com/sharkus/parts_accessories/sweepers_pa,Replacement Belt Kit
1631789579-629,https://www.sharkclean.com/sharkus/parts_accessories,Corded Stick Vacuums - Parts/Accessories,https://www.sharkclean.com/sharkus/parts_accessories/corded_stick_vacuums_pa,Hard Floor Hero™
1631789399-377,https://www.sharkclean.com/sharkus/parts_accessories,Robot Vacuums - Parts/Accessories,https://www.sharkclean.com/sharkus/parts_accessories/robot_vacuums_pa,Shark IQ Robot™ Base Post-Motor Filter
1631789302-273,https://www.sharkclean.com/sharkus/parts_accessories,Vacuum and Steam - Parts/Accessories,https://www.sharkclean.com/sharkus/parts_accessories/vacuum_and_steam_pa,Water Tank Cap
1631789432-445,https://www.sharkclean.com/sharkus/parts_accessories,Hardfloor Cleaners - Parts/Accessories,https://www.sharkclean.com/sharkus/parts_accessories/hardfloor_cleaners_pa,Battery Access Door- Lavender
1631789534-532,https://www.sharkclean.com/sharkus/parts_accessories,Cordless Stick Vacuums - Parts/Accessories,https://www.sharkclean.com/sharkus/parts_accessories/cordless_stick_vacuums_pa,Upholstery Tool
1631789399-364,https://www.sharkclean.com/sharkus/parts_accessories,Robot Vacuums - Parts/Accessories,https://www.sharkclean.com/sharkus/parts_accessories/robot_vacuums_pa,Shark ION Robot® Series Replenishment Kit
1631789579-605,https://www.sharkclean.com/sharkus/parts_accessories,Corded Stick Vacuums - Parts/Accessories,https://www.sharkclean.com/sharkus/parts_accessories/corded_stick_vacuums_pa,Crevice Tool
1631789362-341,https://www.sharkclean.com/sharkus/parts_accessories,Sweepers - Parts/Accessories,https://www.sharkclean.com/sharkus/parts_accessories/sweepers_pa,Replacement Lower Handle
1631789579-657,https://www.sharkclean.com/sharkus/parts_accessories,Corded Stick Vacuums - Parts/Accessories,https://www.sharkclean.com/sharkus/parts_accessories/corded_stick_vacuums_pa,Pet Power Brush
1631789579-635,https://www.sharkclean.com/sharkus/parts_accessories,Corded Stick Vacuums - Parts/Accessories,https://www.sharkclean.com/sharkus/parts_accessories/corded_stick_vacuums_pa,Anti-Allergen Dust Brush
1631789362-359,https://www.sharkclean.com/sharkus/parts_accessories,Sweepers - Parts/Accessories,https://www.sharkclean.com/sharkus/parts_accessories/sweepers_pa,Brush Bar Access Door- V2930
1631789472-492,https://www.sharkclean.com/sharkus/parts_accessories,Handheld Vacuums - Parts/Accessories,https://www.sharkclean.com/sharkus/parts_accessories/handheld_vacuums_pa,Soft Dusting Brush
1631789579-652,https://www.sharkclean.com/sharkus/parts_accessories,Corded Stick Vacuums - Parts/Accessories,https://www.sharkclean.com/sharkus/parts_accessories/corded_stick_vacuums_pa,Flexible Hose
1631789534-522,https://www.sharkclean.com/sharkus/parts_accessories,Cordless Stick Vacuums - Parts/Accessories,https://www.sharkclean.com/sharkus/parts_accessories/cordless_stick_vacuums_pa,Extension Wand
1631789399-413,https://www.sharkclean.com/sharkus/parts_accessories,Robot Vacuums - Parts/Accessories,https://www.sharkclean.com/sharkus/parts_accessories/robot_vacuums_pa,Shark® Robot Pre-Motor Washable Filter
1631789616-715,https://www.sharkclean.com/sharkus/parts_accessories,Canister Vacuums - Parts/Accessories,https://www.sharkclean.com/sharkus/parts_accessories/canister_vacuums_pa,Angled Ceiling Fan Brush for model NP320
1631789362-344,https://www.sharkclean.com/sharkus/parts_accessories,Sweepers - Parts/Accessories,https://www.sharkclean.com/sharkus/parts_accessories/sweepers_pa,Battery Pack
1631789362-302,https://www.sharkclean.com/sharkus/parts_accessories,Sweepers - Parts/Accessories,https://www.sharkclean.com/sharkus/parts_accessories/sweepers_pa,Battery Pack
1631789302-284,https://www.sharkclean.com/sharkus/parts_accessories,Vacuum and Steam - Parts/Accessories,https://www.sharkclean.com/sharkus/parts_accessories/vacuum_and_steam_pa,Fill Flask
1631789362-338,https://www.sharkclean.com/sharkus/parts_accessories,Sweepers - Parts/Accessories,https://www.sharkclean.com/sharkus/parts_accessories/sweepers_pa,Charging Adapter
1631789362-347,https://www.sharkclean.com/sharkus/parts_accessories,Sweepers - Parts/Accessories,https://www.sharkclean.com/sharkus/parts_accessories/sweepers_pa,Replacement Lower Handle
1631789579-617,https://www.sharkclean.com/sharkus/parts_accessories,Corded Stick Vacuums - Parts/Accessories,https://www.sharkclean.com/sharkus/parts_accessories/corded_stick_vacuums_pa,Dust-Away™ Pads
1631789472-468,https://www.sharkclean.com/sharkus/parts_accessories,Handheld Vacuums - Parts/Accessories,https://www.sharkclean.com/sharkus/parts_accessories/handheld_vacuums_pa,Battery Pack
1631789616-689,https://www.sharkclean.com/sharkus/parts_accessories,Canister Vacuums - Parts/Accessories,https://www.sharkclean.com/sharkus/parts_accessories/canister_vacuums_pa,Upholstery Brush-Shark Lift Around Vacuum
1631789579-606,https://www.sharkclean.com/sharkus/parts_accessories,Corded Stick Vacuums - Parts/Accessories,https://www.sharkclean.com/sharkus/parts_accessories/corded_stick_vacuums_pa,Replacement POD
1631789362-321,https://www.sharkclean.com/sharkus/parts_accessories,Sweepers - Parts/Accessories,https://www.sharkclean.com/sharkus/parts_accessories/sweepers_pa,ReplacementTransparent Brush Cover
1631789579-646,https://www.sharkclean.com/sharkus/parts_accessories,Corded Stick Vacuums - Parts/Accessories,https://www.sharkclean.com/sharkus/parts_accessories/corded_stick_vacuums_pa,Soft Velvet Brushroll
1631789472-503,https://www.sharkclean.com/sharkus/parts_accessories,Handheld Vacuums - Parts/Accessories,https://www.sharkclean.com/sharkus/parts_accessories/handheld_vacuums_pa,Dust Cup Filter
1631789616-713,https://www.sharkclean.com/sharkus/parts_accessories,Canister Vacuums - Parts/Accessories,https://www.sharkclean.com/sharkus/parts_accessories/canister_vacuums_pa,Wide Upholstery Tool
1631789534-542,https://www.sharkclean.com/sharkus/parts_accessories,Cordless Stick Vacuums - Parts/Accessories,https://www.sharkclean.com/sharkus/parts_accessories/cordless_stick_vacuums_pa,Lithium-Ion Fixed Battery
1631789579-622,https://www.sharkclean.com/sharkus/parts_accessories,Corded Stick Vacuums - Parts/Accessories,https://www.sharkclean.com/sharkus/parts_accessories/corded_stick_vacuums_pa,Foam & Felt Filter Kit
1631789616-710,https://www.sharkclean.com/sharkus/parts_accessories,Canister Vacuums - Parts/Accessories,https://www.sharkclean.com/sharkus/parts_accessories/canister_vacuums_pa,Canister Caddy for Lift around Series
1631789302-290,https://www.sharkclean.com/sharkus/parts_accessories,Vacuum and Steam - Parts/Accessories,https://www.sharkclean.com/sharkus/parts_accessories/vacuum_and_steam_pa,Replacement Rotating Disc
1631789399-420,https://www.sharkclean.com/sharkus/parts_accessories,Robot Vacuums - Parts/Accessories,https://www.sharkclean.com/sharkus/parts_accessories/robot_vacuums_pa,Shark® Dock Mat
1631789472-495,https://www.sharkclean.com/sharkus/parts_accessories,Handheld Vacuums - Parts/Accessories,https://www.sharkclean.com/sharkus/parts_accessories/handheld_vacuums_pa,Multi-Surface Pet Tool
1631789472-506,https://www.sharkclean.com/sharkus/parts_accessories,Handheld Vacuums - Parts/Accessories,https://www.sharkclean.com/sharkus/parts_accessories/handheld_vacuums_pa,Charging Adapter
1631789472-486,https://www.sharkclean.com/sharkus/parts_accessories,Handheld Vacuums - Parts/Accessories,https://www.sharkclean.com/sharkus/parts_accessories/handheld_vacuums_pa,Replacement Hose Connector -NH130
1631789616-698,https://www.sharkclean.com/sharkus/parts_accessories,Canister Vacuums - Parts/Accessories,https://www.sharkclean.com/sharkus/parts_accessories/canister_vacuums_pa,Dusting Brush
1631789302-283,https://www.sharkclean.com/sharkus/parts_accessories,Vacuum and Steam - Parts/Accessories,https://www.sharkclean.com/sharkus/parts_accessories/vacuum_and_steam_pa,2 Rectangle Dirt Grip&trade; Pads
1631789579-612,https://www.sharkclean.com/sharkus/parts_accessories,Corded Stick Vacuums - Parts/Accessories,https://www.sharkclean.com/sharkus/parts_accessories/corded_stick_vacuums_pa,Wide Upholstery Tool
1631789534-517,https://www.sharkclean.com/sharkus/parts_accessories,Cordless Stick Vacuums - Parts/Accessories,https://www.sharkclean.com/sharkus/parts_accessories/cordless_stick_vacuums_pa,Battery Door
1631789472-465,https://www.sharkclean.com/sharkus/parts_accessories,Handheld Vacuums - Parts/Accessories,https://www.sharkclean.com/sharkus/parts_accessories/handheld_vacuums_pa,Stretch Hose for your Rocket Nano Handheld Vacuum
1631789534-551,https://www.sharkclean.com/sharkus/parts_accessories,Cordless Stick Vacuums - Parts/Accessories,https://www.sharkclean.com/sharkus/parts_accessories/cordless_stick_vacuums_pa,Foam & Felt Filter Kit
1631789616-704,https://www.sharkclean.com/sharkus/parts_accessories,Canister Vacuums - Parts/Accessories,https://www.sharkclean.com/sharkus/parts_accessories/canister_vacuums_pa,Foam & Felt Filter Kit
1631789616-690,https://www.sharkclean.com/sharkus/parts_accessories,Canister Vacuums - Parts/Accessories,https://www.sharkclean.com/sharkus/parts_accessories/canister_vacuums_pa,Filter Grill
1631789579-656,https://www.sharkclean.com/sharkus/parts_accessories,Corded Stick Vacuums - Parts/Accessories,https://www.sharkclean.com/sharkus/parts_accessories/corded_stick_vacuums_pa,Brushroll Cover
1631789362-303,https://www.sharkclean.com/sharkus/parts_accessories,Sweepers - Parts/Accessories,https://www.sharkclean.com/sharkus/parts_accessories/sweepers_pa,Replacement Translucid Brush Cover
1631789616-700,https://www.sharkclean.com/sharkus/parts_accessories,Canister Vacuums - Parts/Accessories,https://www.sharkclean.com/sharkus/parts_accessories/canister_vacuums_pa,Post-Motor Filter
1631789432-441,https://www.sharkclean.com/sharkus/parts_accessories,Hardfloor Cleaners - Parts/Accessories,https://www.sharkclean.com/sharkus/parts_accessories/hardfloor_cleaners_pa,Water Tank Cap - Lavender
1631789579-614,https://www.sharkclean.com/sharkus/parts_accessories,Corded Stick Vacuums - Parts/Accessories,https://www.sharkclean.com/sharkus/parts_accessories/corded_stick_vacuums_pa,Pre-Motor Filter Kit
1631789399-390,https://www.sharkclean.com/sharkus/parts_accessories,Robot Vacuums - Parts/Accessories,https://www.sharkclean.com/sharkus/parts_accessories/robot_vacuums_pa,Shark IQ Robot™ Base Dust Bin
1631789616-705,https://www.sharkclean.com/sharkus/parts_accessories,Canister Vacuums - Parts/Accessories,https://www.sharkclean.com/sharkus/parts_accessories/canister_vacuums_pa,Foam & Felt Filter Kit
1631789399-404,https://www.sharkclean.com/sharkus/parts_accessories,Robot Vacuums - Parts/Accessories,https://www.sharkclean.com/sharkus/parts_accessories/robot_vacuums_pa,Shark ION™ Robot Dust Bin
1631789579-643,https://www.sharkclean.com/sharkus/parts_accessories,Corded Stick Vacuums - Parts/Accessories,https://www.sharkclean.com/sharkus/parts_accessories/corded_stick_vacuums_pa,Mini Motorized Brush
1631789579-633,https://www.sharkclean.com/sharkus/parts_accessories,Corded Stick Vacuums - Parts/Accessories,https://www.sharkclean.com/sharkus/parts_accessories/corded_stick_vacuums_pa,DuoClean® Self-Cleaning Floor Nozzle
1631789579-651,https://www.sharkclean.com/sharkus/parts_accessories,Corded Stick Vacuums - Parts/Accessories,https://www.sharkclean.com/sharkus/parts_accessories/corded_stick_vacuums_pa,Shark® UpLight™ Floor Nozzle
1631789579-587,https://www.sharkclean.com/sharkus/parts_accessories,Corded Stick Vacuums - Parts/Accessories,https://www.sharkclean.com/sharkus/parts_accessories/corded_stick_vacuums_pa,Upholstery Tool
1631789579-609,https://www.sharkclean.com/sharkus/parts_accessories,Corded Stick Vacuums - Parts/Accessories,https://www.sharkclean.com/sharkus/parts_accessories/corded_stick_vacuums_pa,Extension Wand
1631789579-666,https://www.sharkclean.com/sharkus/parts_accessories,Corded Stick Vacuums - Parts/Accessories,https://www.sharkclean.com/sharkus/parts_accessories/corded_stick_vacuums_pa,Brushroll Cleaning Tool
1631789579-644,https://www.sharkclean.com/sharkus/parts_accessories,Corded Stick Vacuums - Parts/Accessories,https://www.sharkclean.com/sharkus/parts_accessories/corded_stick_vacuums_pa,Dust Cup
1631789432-426,https://www.sharkclean.com/sharkus/parts_accessories,Hardfloor Cleaners - Parts/Accessories,https://www.sharkclean.com/sharkus/parts_accessories/hardfloor_cleaners_pa,25 ft Detachable Cord
1631789362-306,https://www.sharkclean.com/sharkus/parts_accessories,Sweepers - Parts/Accessories,https://www.sharkclean.com/sharkus/parts_accessories/sweepers_pa,Dust Container - Model V2940C
1631789616-694,https://www.sharkclean.com/sharkus/parts_accessories,Canister Vacuums - Parts/Accessories,https://www.sharkclean.com/sharkus/parts_accessories/canister_vacuums_pa,Dusting Brush
1631789534-525,https://www.sharkclean.com/sharkus/parts_accessories,Cordless Stick Vacuums - Parts/Accessories,https://www.sharkclean.com/sharkus/parts_accessories/cordless_stick_vacuums_pa,Self-Cleaning Mini Motorized Brush
1631789472-505,https://www.sharkclean.com/sharkus/parts_accessories,Handheld Vacuums - Parts/Accessories,https://www.sharkclean.com/sharkus/parts_accessories/handheld_vacuums_pa,Replacement Dust Cup
1631789399-415,https://www.sharkclean.com/sharkus/parts_accessories,Robot Vacuums - Parts/Accessories,https://www.sharkclean.com/sharkus/parts_accessories/robot_vacuums_pa,Shark® Robot 13 ft. BotBoundary™ Strip
1631789616-682,https://www.sharkclean.com/sharkus/parts_accessories,Canister Vacuums - Parts/Accessories,https://www.sharkclean.com/sharkus/parts_accessories/canister_vacuums_pa,Shoulder Strap
1631789302-291,https://www.sharkclean.com/sharkus/parts_accessories,Vacuum and Steam - Parts/Accessories,https://www.sharkclean.com/sharkus/parts_accessories/vacuum_and_steam_pa,Rectangle Dirt Grip Washable Pad
1631789432-429,https://www.sharkclean.com/sharkus/parts_accessories,Hardfloor Cleaners - Parts/Accessories,https://www.sharkclean.com/sharkus/parts_accessories/hardfloor_cleaners_pa,Replacement Steam and Spray Nozzle
1631789534-559,https://www.sharkclean.com/sharkus/parts_accessories,Cordless Stick Vacuums - Parts/Accessories,https://www.sharkclean.com/sharkus/parts_accessories/cordless_stick_vacuums_pa,Dust Cup
1631789639-730,https://www.sharkclean.com/sharkus/parts_accessories,Air Purifiers- Parts/Accessories,https://www.sharkclean.com/sharkus/parts_accessories/air_purifiers_pa,Anti-Allergen HEPA Filter
1631789616-708,https://www.sharkclean.com/sharkus/parts_accessories,Canister Vacuums - Parts/Accessories,https://www.sharkclean.com/sharkus/parts_accessories/canister_vacuums_pa,HEPA Filter Cover
1631789302-288,https://www.sharkclean.com/sharkus/parts_accessories,Vacuum and Steam - Parts/Accessories,https://www.sharkclean.com/sharkus/parts_accessories/vacuum_and_steam_pa,Touch-Free Dirt Grip™ Washable Pad
1631789534-563,https://www.sharkclean.com/sharkus/parts_accessories,Cordless Stick Vacuums - Parts/Accessories,https://www.sharkclean.com/sharkus/parts_accessories/cordless_stick_vacuums_pa,Battery Charging Sleeve
1631789362-354,https://www.sharkclean.com/sharkus/parts_accessories,Sweepers - Parts/Accessories,https://www.sharkclean.com/sharkus/parts_accessories/sweepers_pa,Lower Handle
1631789362-299,https://www.sharkclean.com/sharkus/parts_accessories,Sweepers - Parts/Accessories,https://www.sharkclean.com/sharkus/parts_accessories/sweepers_pa,ReplacementBrush Roll Kit-Post 3205
1631789362-300,https://www.sharkclean.com/sharkus/parts_accessories,Sweepers - Parts/Accessories,https://www.sharkclean.com/sharkus/parts_accessories/sweepers_pa,Battery Pack
1631789362-322,https://www.sharkclean.com/sharkus/parts_accessories,Sweepers - Parts/Accessories,https://www.sharkclean.com/sharkus/parts_accessories/sweepers_pa,Brush Bar Kit - Model V2725QC
1631789302-293,https://www.sharkclean.com/sharkus/parts_accessories,Vacuum and Steam - Parts/Accessories,https://www.sharkclean.com/sharkus/parts_accessories/vacuum_and_steam_pa,Triangle Scrubber Head with Steam Blaster™
1631789362-314,https://www.sharkclean.com/sharkus/parts_accessories,Sweepers - Parts/Accessories,https://www.sharkclean.com/sharkus/parts_accessories/sweepers_pa,Dust Container- V2700Z
1631789579-620,https://www.sharkclean.com/sharkus/parts_accessories,Corded Stick Vacuums - Parts/Accessories,https://www.sharkclean.com/sharkus/parts_accessories/corded_stick_vacuums_pa,Under-Appliance Wand
1631789534-519,https://www.sharkclean.com/sharkus/parts_accessories,Cordless Stick Vacuums - Parts/Accessories,https://www.sharkclean.com/sharkus/parts_accessories/cordless_stick_vacuums_pa,Motorized Floor Nozzle
1631789616-707,https://www.sharkclean.com/sharkus/parts_accessories,Canister Vacuums - Parts/Accessories,https://www.sharkclean.com/sharkus/parts_accessories/canister_vacuums_pa,Motorized Floor Nozzle
1631789579-588,https://www.sharkclean.com/sharkus/parts_accessories,Corded Stick Vacuums - Parts/Accessories,https://www.sharkclean.com/sharkus/parts_accessories/corded_stick_vacuums_pa,Home and Car Detail Kit
1631789534-514,https://www.sharkclean.com/sharkus/parts_accessories,Cordless Stick Vacuums - Parts/Accessories,https://www.sharkclean.com/sharkus/parts_accessories/cordless_stick_vacuums_pa,Debris Screen
1631789362-305,https://www.sharkclean.com/sharkus/parts_accessories,Sweepers - Parts/Accessories,https://www.sharkclean.com/sharkus/parts_accessories/sweepers_pa,Replacement Telescopic Tube
1631789472-494,https://www.sharkclean.com/sharkus/parts_accessories,Handheld Vacuums - Parts/Accessories,https://www.sharkclean.com/sharkus/parts_accessories/handheld_vacuums_pa,Charging Adapter
1631789534-579,https://www.sharkclean.com/sharkus/parts_accessories,Cordless Stick Vacuums - Parts/Accessories,https://www.sharkclean.com/sharkus/parts_accessories/cordless_stick_vacuums_pa,Flexible Hose
1631789579-636,https://www.sharkclean.com/sharkus/parts_accessories,Corded Stick Vacuums - Parts/Accessories,https://www.sharkclean.com/sharkus/parts_accessories/corded_stick_vacuums_pa,Wide Upholstery Tool
1631789579-642,https://www.sharkclean.com/sharkus/parts_accessories,Corded Stick Vacuums - Parts/Accessories,https://www.sharkclean.com/sharkus/parts_accessories/corded_stick_vacuums_pa,Flexi Crevice Tool
1631789432-456,https://www.sharkclean.com/sharkus/parts_accessories,Hardfloor Cleaners - Parts/Accessories,https://www.sharkclean.com/sharkus/parts_accessories/hardfloor_cleaners_pa,VacuumMOP™ Standard Charger
1631789472-490,https://www.sharkclean.com/sharkus/parts_accessories,Handheld Vacuums - Parts/Accessories,https://www.sharkclean.com/sharkus/parts_accessories/handheld_vacuums_pa,Replacement AC Adaptor
1631789399-411,https://www.sharkclean.com/sharkus/parts_accessories,Robot Vacuums - Parts/Accessories,https://www.sharkclean.com/sharkus/parts_accessories/robot_vacuums_pa,Shark IQ Robot™ Self-Cleaning Brushroll
1631789302-282,https://www.sharkclean.com/sharkus/parts_accessories,Vacuum and Steam - Parts/Accessories,https://www.sharkclean.com/sharkus/parts_accessories/vacuum_and_steam_pa,Water Tank Cap
1631789362-337,https://www.sharkclean.com/sharkus/parts_accessories,Sweepers - Parts/Accessories,https://www.sharkclean.com/sharkus/parts_accessories/sweepers_pa,Battery Pack
1631789579-662,https://www.sharkclean.com/sharkus/parts_accessories,Corded Stick Vacuums - Parts/Accessories,https://www.sharkclean.com/sharkus/parts_accessories/corded_stick_vacuums_pa,Extension Wand
1631789579-639,https://www.sharkclean.com/sharkus/parts_accessories,Corded Stick Vacuums - Parts/Accessories,https://www.sharkclean.com/sharkus/parts_accessories/corded_stick_vacuums_pa,All-Surface Brushroll
1631789399-382,https://www.sharkclean.com/sharkus/parts_accessories,Robot Vacuums - Parts/Accessories,https://www.sharkclean.com/sharkus/parts_accessories/robot_vacuums_pa,Shark Robot Dust Bin POST DC 1321
1631789472-461,https://www.sharkclean.com/sharkus/parts_accessories,Handheld Vacuums - Parts/Accessories,https://www.sharkclean.com/sharkus/parts_accessories/handheld_vacuums_pa,Motorized Pet Brush
1631789362-296,https://www.sharkclean.com/sharkus/parts_accessories,Sweepers - Parts/Accessories,https://www.sharkclean.com/sharkus/parts_accessories/sweepers_pa,Charger for Cordless Sweeper
1631789399-365,https://www.sharkclean.com/sharkus/parts_accessories,Robot Vacuums - Parts/Accessories,https://www.sharkclean.com/sharkus/parts_accessories/robot_vacuums_pa,Shark IQ Robot™ Brushroll Door
1631789534-583,https://www.sharkclean.com/sharkus/parts_accessories,Cordless Stick Vacuums - Parts/Accessories,https://www.sharkclean.com/sharkus/parts_accessories/cordless_stick_vacuums_pa,PowerFins Nozzle with Self-Cleaning Brushroll
1631789399-392,https://www.sharkclean.com/sharkus/parts_accessories,Robot Vacuums - Parts/Accessories,https://www.sharkclean.com/sharkus/parts_accessories/robot_vacuums_pa,Shark IQ Robot™ Battery Door
1631789579-586,https://www.sharkclean.com/sharkus/parts_accessories,Corded Stick Vacuums - Parts/Accessories,https://www.sharkclean.com/sharkus/parts_accessories/corded_stick_vacuums_pa,Mini Motorized Brush
1631789472-508,https://www.sharkclean.com/sharkus/parts_accessories,Handheld Vacuums - Parts/Accessories,https://www.sharkclean.com/sharkus/parts_accessories/handheld_vacuums_pa,Replacement Accessory Kit
1631789432-440,https://www.sharkclean.com/sharkus/parts_accessories,Hardfloor Cleaners - Parts/Accessories,https://www.sharkclean.com/sharkus/parts_accessories/hardfloor_cleaners_pa,VACMOP™ Magnetic Charger
1631789639-728,https://www.sharkclean.com/sharkus/parts_accessories,Air Purifiers- Parts/Accessories,https://www.sharkclean.com/sharkus/parts_accessories/air_purifiers_pa,Anti-Allergen HEPA Filter
1631789399-363,https://www.sharkclean.com/sharkus/parts_accessories,Robot Vacuums - Parts/Accessories,https://www.sharkclean.com/sharkus/parts_accessories/robot_vacuums_pa,Shark ION™ Robot Pre-Motor Filter
1631789534-549,https://www.sharkclean.com/sharkus/parts_accessories,Cordless Stick Vacuums - Parts/Accessories,https://www.sharkclean.com/sharkus/parts_accessories/cordless_stick_vacuums_pa,Removable Lithium-Ion Battery
1631789399-368,https://www.sharkclean.com/sharkus/parts_accessories,Robot Vacuums - Parts/Accessories,https://www.sharkclean.com/sharkus/parts_accessories/robot_vacuums_pa,Shark IQ Robot™ Base Dust Bin
1631789616-697,https://www.sharkclean.com/sharkus/parts_accessories,Canister Vacuums - Parts/Accessories,https://www.sharkclean.com/sharkus/parts_accessories/canister_vacuums_pa,Replacement Accessory Kit
1631789579-650,https://www.sharkclean.com/sharkus/parts_accessories,Corded Stick Vacuums - Parts/Accessories,https://www.sharkclean.com/sharkus/parts_accessories/corded_stick_vacuums_pa,DuoClean® Powerfin and Floor Nozzle
1631789534-565,https://www.sharkclean.com/sharkus/parts_accessories,Cordless Stick Vacuums - Parts/Accessories,https://www.sharkclean.com/sharkus/parts_accessories/cordless_stick_vacuums_pa,Accessory Bag
1631789302-278,https://www.sharkclean.com/sharkus/parts_accessories,Vacuum and Steam - Parts/Accessories,https://www.sharkclean.com/sharkus/parts_accessories/vacuum_and_steam_pa,Bottle Clip
1631789362-353,https://www.sharkclean.com/sharkus/parts_accessories,Sweepers - Parts/Accessories,https://www.sharkclean.com/sharkus/parts_accessories/sweepers_pa,Handle with Pole
1631789432-434,https://www.sharkclean.com/sharkus/parts_accessories,Hardfloor Cleaners - Parts/Accessories,https://www.sharkclean.com/sharkus/parts_accessories/hardfloor_cleaners_pa,Shark® VACMOP™ Disposable Pads 10 ct
1631789616-692,https://www.sharkclean.com/sharkus/parts_accessories,Canister Vacuums - Parts/Accessories,https://www.sharkclean.com/sharkus/parts_accessories/canister_vacuums_pa,Replacement Handle
1631789472-507,https://www.sharkclean.com/sharkus/parts_accessories,Handheld Vacuums - Parts/Accessories,https://www.sharkclean.com/sharkus/parts_accessories/handheld_vacuums_pa,Replacement Dust Cup - SV769
1631789534-557,https://www.sharkclean.com/sharkus/parts_accessories,Cordless Stick Vacuums - Parts/Accessories,https://www.sharkclean.com/sharkus/parts_accessories/cordless_stick_vacuums_pa,Dust Cup
1631789534-555,https://www.sharkclean.com/sharkus/parts_accessories,Cordless Stick Vacuums - Parts/Accessories,https://www.sharkclean.com/sharkus/parts_accessories/cordless_stick_vacuums_pa,Battery Pack
1631789579-654,https://www.sharkclean.com/sharkus/parts_accessories,Corded Stick Vacuums - Parts/Accessories,https://www.sharkclean.com/sharkus/parts_accessories/corded_stick_vacuums_pa,Motorized Floor Nozzle
1631789472-471,https://www.sharkclean.com/sharkus/parts_accessories,Handheld Vacuums - Parts/Accessories,https://www.sharkclean.com/sharkus/parts_accessories/handheld_vacuums_pa,Replacement Charging Adaptor
1631789616-687,https://www.sharkclean.com/sharkus/parts_accessories,Canister Vacuums - Parts/Accessories,https://www.sharkclean.com/sharkus/parts_accessories/canister_vacuums_pa,Dust Cup
1631789579-661,https://www.sharkclean.com/sharkus/parts_accessories,Corded Stick Vacuums - Parts/Accessories,https://www.sharkclean.com/sharkus/parts_accessories/corded_stick_vacuums_pa,HEPA Filter Cover
1631789432-428,https://www.sharkclean.com/sharkus/parts_accessories,Hardfloor Cleaners - Parts/Accessories,https://www.sharkclean.com/sharkus/parts_accessories/hardfloor_cleaners_pa,Spray Nozzle - Lavender
1631789399-400,https://www.sharkclean.com/sharkus/parts_accessories,Robot Vacuums - Parts/Accessories,https://www.sharkclean.com/sharkus/parts_accessories/robot_vacuums_pa,Shark IQ Robot™ Brushroll Door
1631789579-660,https://www.sharkclean.com/sharkus/parts_accessories,Corded Stick Vacuums - Parts/Accessories,https://www.sharkclean.com/sharkus/parts_accessories/corded_stick_vacuums_pa,Dusting Brush
1631789579-594,https://www.sharkclean.com/sharkus/parts_accessories,Corded Stick Vacuums - Parts/Accessories,https://www.sharkclean.com/sharkus/parts_accessories/corded_stick_vacuums_pa,Pet Multi-Tool
1631789472-470,https://www.sharkclean.com/sharkus/parts_accessories,Handheld Vacuums - Parts/Accessories,https://www.sharkclean.com/sharkus/parts_accessories/handheld_vacuums_pa,Exhaust Filter Grill - Model HV292
1631789616-699,https://www.sharkclean.com/sharkus/parts_accessories,Canister Vacuums - Parts/Accessories,https://www.sharkclean.com/sharkus/parts_accessories/canister_vacuums_pa,Upholstery Tool
1631789362-315,https://www.sharkclean.com/sharkus/parts_accessories,Sweepers - Parts/Accessories,https://www.sharkclean.com/sharkus/parts_accessories/sweepers_pa,Charging Adapter
1631789362-309,https://www.sharkclean.com/sharkus/parts_accessories,Sweepers - Parts/Accessories,https://www.sharkclean.com/sharkus/parts_accessories/sweepers_pa,Replacement Folding Handle (black)
1631789579-591,https://www.sharkclean.com/sharkus/parts_accessories,Corded Stick Vacuums - Parts/Accessories,https://www.sharkclean.com/sharkus/parts_accessories/corded_stick_vacuums_pa,Post-Motor Filter
1631789399-398,https://www.sharkclean.com/sharkus/parts_accessories,Robot Vacuums - Parts/Accessories,https://www.sharkclean.com/sharkus/parts_accessories/robot_vacuums_pa,Shark IQ Robot™ Base Charger
1631789362-328,https://www.sharkclean.com/sharkus/parts_accessories,Sweepers - Parts/Accessories,https://www.sharkclean.com/sharkus/parts_accessories/sweepers_pa,Replacement Brush Kit
1631789639-735,https://www.sharkclean.com/sharkus/parts_accessories,Air Purifiers- Parts/Accessories,https://www.sharkclean.com/sharkus/parts_accessories/air_purifiers_pa,Anti-Allergen HEPA Filter with Advanced Odor Lock & Fumes Lock
1631789534-566,https://www.sharkclean.com/sharkus/parts_accessories,Cordless Stick Vacuums - Parts/Accessories,https://www.sharkclean.com/sharkus/parts_accessories/cordless_stick_vacuums_pa,Duster Crevice Tool
1631789399-412,https://www.sharkclean.com/sharkus/parts_accessories,Robot Vacuums - Parts/Accessories,https://www.sharkclean.com/sharkus/parts_accessories/robot_vacuums_pa,Shark Robot Dust Bin POST DC 1321
1631789534-536,https://www.sharkclean.com/sharkus/parts_accessories,Cordless Stick Vacuums - Parts/Accessories,https://www.sharkclean.com/sharkus/parts_accessories/cordless_stick_vacuums_pa,HEPA Filter
1631789639-729,https://www.sharkclean.com/sharkus/parts_accessories,Air Purifiers- Parts/Accessories,https://www.sharkclean.com/sharkus/parts_accessories/air_purifiers_pa,Anti-Allergen HEPA Filter with Advanced Odor Lock & Fumes Lock
1631789399-369,https://www.sharkclean.com/sharkus/parts_accessories,Robot Vacuums - Parts/Accessories,https://www.sharkclean.com/sharkus/parts_accessories/robot_vacuums_pa,Shark IQ Robot™ Self-Cleaning Brushroll
1631789472-482,https://www.sharkclean.com/sharkus/parts_accessories,Handheld Vacuums - Parts/Accessories,https://www.sharkclean.com/sharkus/parts_accessories/handheld_vacuums_pa,Charging Adapter
1631789472-477,https://www.sharkclean.com/sharkus/parts_accessories,Handheld Vacuums - Parts/Accessories,https://www.sharkclean.com/sharkus/parts_accessories/handheld_vacuums_pa,Filter Housing
1631789472-510,https://www.sharkclean.com/sharkus/parts_accessories,Handheld Vacuums - Parts/Accessories,https://www.sharkclean.com/sharkus/parts_accessories/handheld_vacuums_pa,Dust Cup Filters
1631789534-516,https://www.sharkclean.com/sharkus/parts_accessories,Cordless Stick Vacuums - Parts/Accessories,https://www.sharkclean.com/sharkus/parts_accessories/cordless_stick_vacuums_pa,Charging Stand
1631789534-554,https://www.sharkclean.com/sharkus/parts_accessories,Cordless Stick Vacuums - Parts/Accessories,https://www.sharkclean.com/sharkus/parts_accessories/cordless_stick_vacuums_pa,Dust Cup
1631789432-436,https://www.sharkclean.com/sharkus/parts_accessories,Hardfloor Cleaners - Parts/Accessories,https://www.sharkclean.com/sharkus/parts_accessories/hardfloor_cleaners_pa,Sonic Duo® Carpet Cleaning Pad
1631789362-352,https://www.sharkclean.com/sharkus/parts_accessories,Sweepers - Parts/Accessories,https://www.sharkclean.com/sharkus/parts_accessories/sweepers_pa,Handle Folding Gear
1631789579-598,https://www.sharkclean.com/sharkus/parts_accessories,Corded Stick Vacuums - Parts/Accessories,https://www.sharkclean.com/sharkus/parts_accessories/corded_stick_vacuums_pa,Onboard Storage Clip
1631789399-396,https://www.sharkclean.com/sharkus/parts_accessories,Robot Vacuums - Parts/Accessories,https://www.sharkclean.com/sharkus/parts_accessories/robot_vacuums_pa,Shark ION&trade; Robot Battery Door
1631789432-448,https://www.sharkclean.com/sharkus/parts_accessories,Hardfloor Cleaners - Parts/Accessories,https://www.sharkclean.com/sharkus/parts_accessories/hardfloor_cleaners_pa,Shark® VACMOP™ Disposable Hard Floor Vacuum and Mop Pad Refills 16ct
1631789362-342,https://www.sharkclean.com/sharkus/parts_accessories,Sweepers - Parts/Accessories,https://www.sharkclean.com/sharkus/parts_accessories/sweepers_pa,Lower Handle
1631789362-318,https://www.sharkclean.com/sharkus/parts_accessories,Sweepers - Parts/Accessories,https://www.sharkclean.com/sharkus/parts_accessories/sweepers_pa,Replacement Cover Door Kit
1631789579-663,https://www.sharkclean.com/sharkus/parts_accessories,Corded Stick Vacuums - Parts/Accessories,https://www.sharkclean.com/sharkus/parts_accessories/corded_stick_vacuums_pa,Mini Motorized Brush
1631789302-275,https://www.sharkclean.com/sharkus/parts_accessories,Vacuum and Steam - Parts/Accessories,https://www.sharkclean.com/sharkus/parts_accessories/vacuum_and_steam_pa,Rectangle Click-N-Go Head- Genius™
1631789432-454,https://www.sharkclean.com/sharkus/parts_accessories,Hardfloor Cleaners - Parts/Accessories,https://www.sharkclean.com/sharkus/parts_accessories/hardfloor_cleaners_pa,Battery Access Door- Teal
1631789579-664,https://www.sharkclean.com/sharkus/parts_accessories,Corded Stick Vacuums - Parts/Accessories,https://www.sharkclean.com/sharkus/parts_accessories/corded_stick_vacuums_pa,Accessory Holder
1631789534-561,https://www.sharkclean.com/sharkus/parts_accessories,Cordless Stick Vacuums - Parts/Accessories,https://www.sharkclean.com/sharkus/parts_accessories/cordless_stick_vacuums_pa,Cyclone Filter
1631789362-358,https://www.sharkclean.com/sharkus/parts_accessories,Sweepers - Parts/Accessories,https://www.sharkclean.com/sharkus/parts_accessories/sweepers_pa,Replacement Lower Handle Extension Tube
1631789399-366,https://www.sharkclean.com/sharkus/parts_accessories,Robot Vacuums - Parts/Accessories,https://www.sharkclean.com/sharkus/parts_accessories/robot_vacuums_pa,Shark IQ Robot™ Dust Bin
1631789399-388,https://www.sharkclean.com/sharkus/parts_accessories,Robot Vacuums - Parts/Accessories,https://www.sharkclean.com/sharkus/parts_accessories/robot_vacuums_pa,Shark® Robot Pre-Motor Filter
1631789579-616,https://www.sharkclean.com/sharkus/parts_accessories,Corded Stick Vacuums - Parts/Accessories,https://www.sharkclean.com/sharkus/parts_accessories/corded_stick_vacuums_pa,Motorized Floor Nozzle
1631789472-498,https://www.sharkclean.com/sharkus/parts_accessories,Handheld Vacuums - Parts/Accessories,https://www.sharkclean.com/sharkus/parts_accessories/handheld_vacuums_pa,Dual Onboard Accessory Storage
1631789534-576,https://www.sharkclean.com/sharkus/parts_accessories,Cordless Stick Vacuums - Parts/Accessories,https://www.sharkclean.com/sharkus/parts_accessories/cordless_stick_vacuums_pa,Extension Wand
1631789534-535,https://www.sharkclean.com/sharkus/parts_accessories,Cordless Stick Vacuums - Parts/Accessories,https://www.sharkclean.com/sharkus/parts_accessories/cordless_stick_vacuums_pa,Charging Adapter
1631789534-524,https://www.sharkclean.com/sharkus/parts_accessories,Cordless Stick Vacuums - Parts/Accessories,https://www.sharkclean.com/sharkus/parts_accessories/cordless_stick_vacuums_pa,Self-Cleaning Mini Motorized Brush
1631789579-670,https://www.sharkclean.com/sharkus/parts_accessories,Corded Stick Vacuums - Parts/Accessories,https://www.sharkclean.com/sharkus/parts_accessories/corded_stick_vacuums_pa,Onboard Storage Clip
1631789616-677,https://www.sharkclean.com/sharkus/parts_accessories,Canister Vacuums - Parts/Accessories,https://www.sharkclean.com/sharkus/parts_accessories/canister_vacuums_pa,Combo Wide Mouth Crevice-Brush Tool
1631789472-473,https://www.sharkclean.com/sharkus/parts_accessories,Handheld Vacuums - Parts/Accessories,https://www.sharkclean.com/sharkus/parts_accessories/handheld_vacuums_pa,Replacement Filters Kit ( 3)
1631789616-723,https://www.sharkclean.com/sharkus/parts_accessories,Canister Vacuums - Parts/Accessories,https://www.sharkclean.com/sharkus/parts_accessories/canister_vacuums_pa,Crevice Tool - Shark Lift Around Vacuum
1631789472-511,https://www.sharkclean.com/sharkus/parts_accessories,Handheld Vacuums - Parts/Accessories,https://www.sharkclean.com/sharkus/parts_accessories/handheld_vacuums_pa,Replacement Dust Cup
1631789534-523,https://www.sharkclean.com/sharkus/parts_accessories,Cordless Stick Vacuums - Parts/Accessories,https://www.sharkclean.com/sharkus/parts_accessories/cordless_stick_vacuums_pa,Extension Wand
1631789399-371,https://www.sharkclean.com/sharkus/parts_accessories,Robot Vacuums - Parts/Accessories,https://www.sharkclean.com/sharkus/parts_accessories/robot_vacuums_pa,Shark ION™ Robot Battery Door
1631789534-521,https://www.sharkclean.com/sharkus/parts_accessories,Cordless Stick Vacuums - Parts/Accessories,https://www.sharkclean.com/sharkus/parts_accessories/cordless_stick_vacuums_pa,Pre-Motor Foam & Felt Filter Kit
1631789472-464,https://www.sharkclean.com/sharkus/parts_accessories,Handheld Vacuums - Parts/Accessories,https://www.sharkclean.com/sharkus/parts_accessories/handheld_vacuums_pa,XL Motorized Pet Brush
1631789432-457,https://www.sharkclean.com/sharkus/parts_accessories,Hardfloor Cleaners - Parts/Accessories,https://www.sharkclean.com/sharkus/parts_accessories/hardfloor_cleaners_pa,Shark VACMOP™ Hardwood Cleaner Refill 2L Bottle
1631789616-684,https://www.sharkclean.com/sharkus/parts_accessories,Canister Vacuums - Parts/Accessories,https://www.sharkclean.com/sharkus/parts_accessories/canister_vacuums_pa,Brushroll Cover
1631789579-604,https://www.sharkclean.com/sharkus/parts_accessories,Corded Stick Vacuums - Parts/Accessories,https://www.sharkclean.com/sharkus/parts_accessories/corded_stick_vacuums_pa,Under-Appliance Wand
1631789639-727,https://www.sharkclean.com/sharkus/parts_accessories,Air Purifiers- Parts/Accessories,https://www.sharkclean.com/sharkus/parts_accessories/air_purifiers_pa,Anti-Allergen HEPA Filter with Advanced Odor Lock
1631789362-340,https://www.sharkclean.com/sharkus/parts_accessories,Sweepers - Parts/Accessories,https://www.sharkclean.com/sharkus/parts_accessories/sweepers_pa,Brush Bar Kit - Model V2930
1631789579-632,https://www.sharkclean.com/sharkus/parts_accessories,Corded Stick Vacuums - Parts/Accessories,https://www.sharkclean.com/sharkus/parts_accessories/corded_stick_vacuums_pa,Multi-Angle Dusting Brush
1631789534-520,https://www.sharkclean.com/sharkus/parts_accessories,Cordless Stick Vacuums - Parts/Accessories,https://www.sharkclean.com/sharkus/parts_accessories/cordless_stick_vacuums_pa,Dirt Engage™ Floor Nozzle
1631789399-416,https://www.sharkclean.com/sharkus/parts_accessories,Robot Vacuums - Parts/Accessories,https://www.sharkclean.com/sharkus/parts_accessories/robot_vacuums_pa,Shark ION™ Robot Replacement Li-ION Battery
1631789579-597,https://www.sharkclean.com/sharkus/parts_accessories,Corded Stick Vacuums - Parts/Accessories,https://www.sharkclean.com/sharkus/parts_accessories/corded_stick_vacuums_pa,Soft brushroll
1631789616-714,https://www.sharkclean.com/sharkus/parts_accessories,Canister Vacuums - Parts/Accessories,https://www.sharkclean.com/sharkus/parts_accessories/canister_vacuums_pa,Handle with Hose
1631789639-736,https://www.sharkclean.com/sharkus/parts_accessories,Air Purifiers- Parts/Accessories,https://www.sharkclean.com/sharkus/parts_accessories/air_purifiers_pa,Filter Cover
1631789616-675,https://www.sharkclean.com/sharkus/parts_accessories,Canister Vacuums - Parts/Accessories,https://www.sharkclean.com/sharkus/parts_accessories/canister_vacuums_pa,Mattress Tool
1631789472-491,https://www.sharkclean.com/sharkus/parts_accessories,Handheld Vacuums - Parts/Accessories,https://www.sharkclean.com/sharkus/parts_accessories/handheld_vacuums_pa,Crevice Tool
1631789432-450,https://www.sharkclean.com/sharkus/parts_accessories,Hardfloor Cleaners - Parts/Accessories,https://www.sharkclean.com/sharkus/parts_accessories/hardfloor_cleaners_pa,Wood & Hard Floor Polishing Pad
1631789432-452,https://www.sharkclean.com/sharkus/parts_accessories,Hardfloor Cleaners - Parts/Accessories,https://www.sharkclean.com/sharkus/parts_accessories/hardfloor_cleaners_pa,Washable Pad
1631789534-550,https://www.sharkclean.com/sharkus/parts_accessories,Cordless Stick Vacuums - Parts/Accessories,https://www.sharkclean.com/sharkus/parts_accessories/cordless_stick_vacuums_pa,Pet Multi-Tool
1631789362-326,https://www.sharkclean.com/sharkus/parts_accessories,Sweepers - Parts/Accessories,https://www.sharkclean.com/sharkus/parts_accessories/sweepers_pa,ReplacementDust Cup Container
1631789472-485,https://www.sharkclean.com/sharkus/parts_accessories,Handheld Vacuums - Parts/Accessories,https://www.sharkclean.com/sharkus/parts_accessories/handheld_vacuums_pa,Pre Motor Filter Cover - for Model HV292
1631789399-384,https://www.sharkclean.com/sharkus/parts_accessories,Robot Vacuums - Parts/Accessories,https://www.sharkclean.com/sharkus/parts_accessories/robot_vacuums_pa,Shark ION™ Robot Replacement Li-ION Battery
1631789616-703,https://www.sharkclean.com/sharkus/parts_accessories,Canister Vacuums - Parts/Accessories,https://www.sharkclean.com/sharkus/parts_accessories/canister_vacuums_pa,Replacement Hose and Tube Kit
1631789472-469,https://www.sharkclean.com/sharkus/parts_accessories,Handheld Vacuums - Parts/Accessories,https://www.sharkclean.com/sharkus/parts_accessories/handheld_vacuums_pa,Self-Cleaning Motorized Pet Brush
1631789534-537,https://www.sharkclean.com/sharkus/parts_accessories,Cordless Stick Vacuums - Parts/Accessories,https://www.sharkclean.com/sharkus/parts_accessories/cordless_stick_vacuums_pa,Dust Cup
1631789579-625,https://www.sharkclean.com/sharkus/parts_accessories,Corded Stick Vacuums - Parts/Accessories,https://www.sharkclean.com/sharkus/parts_accessories/corded_stick_vacuums_pa,Upholstery Tool
1631789399-372,https://www.sharkclean.com/sharkus/parts_accessories,Robot Vacuums - Parts/Accessories,https://www.sharkclean.com/sharkus/parts_accessories/robot_vacuums_pa,Shark IQ Robot™ Base Pre-Motor Filters
1631789362-323,https://www.sharkclean.com/sharkus/parts_accessories,Sweepers - Parts/Accessories,https://www.sharkclean.com/sharkus/parts_accessories/sweepers_pa,Lower Handle
1631789579-613,https://www.sharkclean.com/sharkus/parts_accessories,Corded Stick Vacuums - Parts/Accessories,https://www.sharkclean.com/sharkus/parts_accessories/corded_stick_vacuums_pa,Extension Wand
1631789534-528,https://www.sharkclean.com/sharkus/parts_accessories,Cordless Stick Vacuums - Parts/Accessories,https://www.sharkclean.com/sharkus/parts_accessories/cordless_stick_vacuums_pa,DuoClean® PowerFins Nozzle
1631789579-659,https://www.sharkclean.com/sharkus/parts_accessories,Corded Stick Vacuums - Parts/Accessories,https://www.sharkclean.com/sharkus/parts_accessories/corded_stick_vacuums_pa,Soft Roller
1631789432-438,https://www.sharkclean.com/sharkus/parts_accessories,Hardfloor Cleaners - Parts/Accessories,https://www.sharkclean.com/sharkus/parts_accessories/hardfloor_cleaners_pa,Microfiber Dusting Pad
1631789472-488,https://www.sharkclean.com/sharkus/parts_accessories,Handheld Vacuums - Parts/Accessories,https://www.sharkclean.com/sharkus/parts_accessories/handheld_vacuums_pa,Charging Adapter
1631789579-658,https://www.sharkclean.com/sharkus/parts_accessories,Corded Stick Vacuums - Parts/Accessories,https://www.sharkclean.com/sharkus/parts_accessories/corded_stick_vacuums_pa,Precision Duster
