normal_image src,hover_image src,heart src,productGalleryOverride src,productGalleryOverride src 2,productGalleryOverride src 3,lazy_href,lazy_href href,part_number 2,title,key_details,key_details 2,key_details 3,key_details 4,price,save,percent-box,final-price,ships,text 3,key_details 5,key_details 6,key_details 7,key_details 8,bv_main_container href,bv_stars_svg_no_wrap href,bv_text,bv_text 2,key_details 12
https://p3-ofp.static.pub/ShareResource/3PO/78023100/78023100-200x150-01.88d003ddd5c37330.png,https://p2-ofp.static.pub/ShareResource/3PO/78023100/78023100-560x450-02.813b52a30acc2a17.png,https://p1-ofp.static.pub/fes/cms/2020/12/25/76apjfkml79bg5qcf172tvt0bw0c8s348607.png,https://p2-ofp.static.pub/fes/cms/2021/07/06/2h8n4ofixc8g8i94vopfat048ld37m944694.svg,https://p3-ofp.static.pub/fes/cms/2021/07/06/efrjjv1rz2xiuvpm0emnwj6y2gmai3506628.svg,https://p2-ofp.static.pub/fes/cms/2021/07/06/wxdfgadg28utnas6ca5d28oot1lcxj806083.svg,"Playa by Belkin 10K Power Bank, 18W PD USB-C IN/OUT, USB-A OUT - Black",https://www.lenovo.com/us/en/p/accessories-and-software/chargers-and-batteries/power-banks/78023100,78023100,Key Details,Provides up to 36 hours of additional battery life for your smartphone,Fast charge USB-C smartphones like Google Pixel up to 50% in 37 minutes,Requires USB-C to USB-C cable to achieve fast charging times for USB-C devices (sold separately),"USB-C PD fast charge-enabled devices include Samsung S20, S20+, S20 Ultra, S10, S10+, S10e, Note10, Note10, Google Pixel 4, 4XL, Pixel 3, 3XL and more (cables required to achieve fast charging times are sold separately)",$39.99,save $16.00,40% off,$23.99,Ships FREE in 1-3 business days,$0.72,Provides up to 36 hours of additional battery life for your smartphone,Fast charge USB-C smartphones like Google Pixel up to 50% in 37 minutes,Requires USB-C to USB-C cable to achieve fast charging times for USB-C devices (sold separately),"USB-C PD fast charge-enabled devices include Samsung S20, S20+, S20 Ultra, S10, S10+, S10e, Note10, Note10, Google Pixel 4, 4XL, Pixel 3, 3XL and more (cables required to achieve fast charging times are sold separately)",,,,,
https://p1-ofp.static.pub/ShareResource/560x450/SSNP/4X20M26268/4X20M26268-560x450-01.86107460c5167ff2.png,https://p2-ofp.static.pub/ShareResource/560x450/SSNP/4X20M26268/4X20M26268-560x450-02.61f5a0696c22551d.png,https://p1-ofp.static.pub/fes/cms/2020/12/25/76apjfkml79bg5qcf172tvt0bw0c8s348607.png,https://p2-ofp.static.pub/fes/cms/2021/07/06/2h8n4ofixc8g8i94vopfat048ld37m944694.svg,https://p3-ofp.static.pub/fes/cms/2021/07/06/efrjjv1rz2xiuvpm0emnwj6y2gmai3506628.svg,https://p2-ofp.static.pub/fes/cms/2021/07/06/wxdfgadg28utnas6ca5d28oot1lcxj806083.svg,Lenovo 65W AC Power Adapter,https://www.lenovo.com/us/en/p/accessories-and-software/chargers-and-batteries/chargers/4X20M26268,4X20M26268,Key Details,Compatible with most USB-C laptops,Smart Voltage technology,1 year warranty,Compatible with most USB-C laptops,,,,$59.99,"Ships FREE by Thu, Oct 14",$1,Smart Voltage technology,1 year warranty,,,https://www.lenovo.com/us/en/p/accessories-and-software/chargers-and-batteries/chargers/4X20M26268,[object Object],4.7,(630),
https://p1-ofp.static.pub/ShareResource/560x450/SSNP/GX20K11838/GX20K11838-560x450-01.58cf0c5317d38980.png,https://p1-ofp.static.pub/ShareResource/560x450/SSNP/GX20K11838/GX20K11838-560x450-02.d7cae47c41cfee7c.png,https://p1-ofp.static.pub/fes/cms/2020/12/25/76apjfkml79bg5qcf172tvt0bw0c8s348607.png,https://p2-ofp.static.pub/fes/cms/2021/07/06/2h8n4ofixc8g8i94vopfat048ld37m944694.svg,https://p3-ofp.static.pub/fes/cms/2021/07/06/efrjjv1rz2xiuvpm0emnwj6y2gmai3506628.svg,https://p2-ofp.static.pub/fes/cms/2021/07/06/wxdfgadg28utnas6ca5d28oot1lcxj806083.svg,Lenovo 45W AC Wall Adapter,https://www.lenovo.com/us/en/p/accessories-and-software/chargers-and-batteries/chargers/GX20K11838,GX20K11838,Key Details,Compatible with various Yoga and IdeaPad notebooks,1 year warranty,,Compatible with various Yoga and IdeaPad notebooks,$29.99,save $9.00,30% off,$20.99,"Ships FREE by Thu, Oct 14",$0.63,1 year warranty,,,,https://www.lenovo.com/us/en/p/accessories-and-software/chargers-and-batteries/chargers/GX20K11838,[object Object],4.7,(1702),
https://p1-ofp.static.pub/ShareResource/560x450/SSNP/GX20L29355/GX20L29355-560x450-01.c38d8582681ffa05.png,,,,,,Lenovo 65W AC Wall Adapter,https://www.lenovo.com/us/en/p/accessories-and-software/chargers-and-batteries/chargers/GX20L29355,GX20L29355,Key Details,Compatible with various Yoga and IdeaPad notebooks,1 year warranty,,Compatible with various Yoga and IdeaPad notebooks,$39.99,save $12.00,30% off,$27.99,"Ships FREE by Thu, Oct 14",$0.84,1 year warranty,,,,https://www.lenovo.com/us/en/p/accessories-and-software/chargers-and-batteries/chargers/GX20L29355,[object Object],4.6,(576),
https://p3-ofp.static.pub/ShareResource/560x450/SSNP/4X20V24674/4X20V24674-560x450-01.d2db550a80b1fa0b.png,,,,,,ThinkPad 65W Slim AC Adapter (USB Type-C),https://www.lenovo.com/us/en/p/accessories-and-software/chargers-and-batteries/chargers/4X20V24674,4X20V24674,Key Details,"Portable and slim design, 30% size reduction, designed with cable management","65W power charging, Smart Voltage with PD3.0 technology","Tested and reliable: tested, reliable and backed by a one-year limited warranty","Portable and slim design, 30% size reduction, designed with cable management",,,,$69.99,Ships in 4+ months,$2,"65W power charging, Smart Voltage with PD3.0 technology","Tested and reliable: tested, reliable and backed by a one-year limited warranty",,,https://www.lenovo.com/us/en/p/accessories-and-software/chargers-and-batteries/chargers/4X20V24674,[object Object],4.7,(76),
https://p3-ofp.static.pub/ShareResource/560x450/SSNP/40AWGC65WW/40AWGC65WW-560x450-01.737e56d985aa2292.png,https://p3-ofp.static.pub/ShareResource/560x450/SSNP/40AWGC65WW/40AWGC65WW-560x450-02.613a3c6caf33775a.png,https://p1-ofp.static.pub/fes/cms/2020/12/25/76apjfkml79bg5qcf172tvt0bw0c8s348607.png,https://p2-ofp.static.pub/fes/cms/2021/07/06/2h8n4ofixc8g8i94vopfat048ld37m944694.svg,https://p3-ofp.static.pub/fes/cms/2021/07/06/efrjjv1rz2xiuvpm0emnwj6y2gmai3506628.svg,https://p2-ofp.static.pub/fes/cms/2021/07/06/wxdfgadg28utnas6ca5d28oot1lcxj806083.svg,Lenovo 65W USB-C GaN Adapter,https://www.lenovo.com/us/en/p/accessories-and-software/chargers-and-batteries/chargers/40AWGC65WW,40AWGC65WW,Key Details,65W has a smaller profile and wight thanks to GaN technology,Ultra-portable design with a foldable plug for easy storage,Elegant and stylish with cable management to keep organized,65W has a smaller profile and wight thanks to GaN technology,,,,$64.99,Ships FREE in 4-7 business days,$1,Ultra-portable design with a foldable plug for easy storage,Elegant and stylish with cable management to keep organized,Quickly refuel your laptop or mobile devices via USB-C,Reliable PD 3.0 support with adjustable output voltages of 5V/9V/15V/20V,https://www.lenovo.com/us/en/p/accessories-and-software/chargers-and-batteries/chargers/40AWGC65WW,[object Object],4.7,(54),Quickly refuel your laptop or mobile devices via USB-C
https://p4-ofp.static.pub/ShareResource/560x450/SSNP/888014997/888014997-560x450-01.1791a1cae6e3e363.png,,,,,,Lenovo 65W AC Adapter,https://www.lenovo.com/us/en/p/accessories-and-software/chargers-and-batteries/chargers/888014997,888014997,Key Details,"Compact, energy efficient AC power",Performs to the same specs as standard 65W AC adapters that ship with our notebooks,"Supports systems between 15 - 46W CPUs with integrated graphics, and 15W CPUs with discrete graphics","Compact, energy efficient AC power",$49.99,save $15.00,30% off,$34.99,"Ships FREE by Thu, Oct 14",$1,Performs to the same specs as standard 65W AC adapters that ship with our notebooks,"Supports systems between 15 - 46W CPUs with integrated graphics, and 15W CPUs with discrete graphics",Compatible with:,"U330p, U330 Touch; U430p, U430 Touch; S500, S500 Touch",https://www.lenovo.com/us/en/p/accessories-and-software/chargers-and-batteries/chargers/888014997,[object Object],4.3,(29),Compatible with:
https://p4-ofp.static.pub/ShareResource/560x450/SSNP/4X20M26252/4X20M26252-560x450-01.80b16778b8b2773d.png,,,,,,Lenovo 45W USB-C AC Adapter,https://www.lenovo.com/us/en/p/accessories-and-software/chargers-and-batteries/chargers/4X20M26252,4X20M26252,Key Details,"The PD technology automatically detects and delivers 5V/2A,9V/2A ,15V/3A or 20V/2.25A","Tested, reliable and backed by a one-year limited warranty",,"The PD technology automatically detects and delivers 5V/2A,9V/2A ,15V/3A or 20V/2.25A",,,,$54.99,"Ships FREE by Thu, Oct 14",$1,"Tested, reliable and backed by a one-year limited warranty",,,,https://www.lenovo.com/us/en/p/accessories-and-software/chargers-and-batteries/chargers/4X20M26252,[object Object],4.5,(133),
https://p1-ofp.static.pub/ShareResource/560x450/SSNP/4X20S56713/4X20S56713-560x450-01.d4a7446c2889bd90.png,https://p3-ofp.static.pub/ShareResource/560x450/SSNP/4X20S56713/4X20S56713-560x450-02.77d906895fe8834c.png,https://p1-ofp.static.pub/fes/cms/2020/12/25/76apjfkml79bg5qcf172tvt0bw0c8s348607.png,https://p2-ofp.static.pub/fes/cms/2021/07/06/2h8n4ofixc8g8i94vopfat048ld37m944694.svg,https://p3-ofp.static.pub/fes/cms/2021/07/06/efrjjv1rz2xiuvpm0emnwj6y2gmai3506628.svg,https://p2-ofp.static.pub/fes/cms/2021/07/06/wxdfgadg28utnas6ca5d28oot1lcxj806083.svg,ThinkPad Mobile Workstation Slim 230W AC Adapter (Slim-tip),https://www.lenovo.com/us/en/p/accessories-and-software/chargers-and-batteries/chargers/4X20S56713,4X20S56713,Key Details,230W wattage,30% size reduction comparing to ThinkPad Standard 230W AC adapter,"Compatible with ThinkPad Mobile Workstation Machines with rectangular ""Slim Tip"" power plug",230W wattage,,,,$149.99,Ships in 4+ months,$4,30% size reduction comparing to ThinkPad Standard 230W AC adapter,"Compatible with ThinkPad Mobile Workstation Machines with rectangular ""Slim Tip"" power plug",,,https://www.lenovo.com/us/en/p/accessories-and-software/chargers-and-batteries/chargers/4X20S56713,[object Object],4.5,(17),
https://p1-ofp.static.pub/fes/cms/2021/09/21/jkb003fwislvrgs270t9wb1hmggs5e448888.png,https://p1-ofp.static.pub/fes/cms/2021/09/21/jui8ow8v7nykqo65ovq2r7nbn2qpem124050.png,https://p1-ofp.static.pub/fes/cms/2020/12/25/76apjfkml79bg5qcf172tvt0bw0c8s348607.png,https://p2-ofp.static.pub/fes/cms/2021/07/06/2h8n4ofixc8g8i94vopfat048ld37m944694.svg,https://p3-ofp.static.pub/fes/cms/2021/07/06/efrjjv1rz2xiuvpm0emnwj6y2gmai3506628.svg,https://p2-ofp.static.pub/fes/cms/2021/07/06/wxdfgadg28utnas6ca5d28oot1lcxj806083.svg,"Lenovo USB-C 45W Standard AC Adapter for Yoga 720-13,IdeaPad 720s-13",https://www.lenovo.com/us/en/p/accessories-and-software/chargers-and-batteries/chargers/GX20N20876,GX20N20876,Key Details,"Easy charging, even on-the-go",Light and energy-efficient,1-year warranty,"Easy charging, even on-the-go",$49.99,save $15.00,30% off,$34.99,"Ships FREE by Thu, Oct 14",$1,Light and energy-efficient,1-year warranty,,,https://www.lenovo.com/us/en/p/accessories-and-software/chargers-and-batteries/chargers/GX20N20876,[object Object],4.6,(109),
https://p4-ofp.static.pub/ShareResource/560x450/SSNP/0A36258/0A36258-560x450-01.8e5c67da9dbd77ff.png,,,,,,ThinkPad 65W AC Adapter,https://www.lenovo.com/us/en/p/accessories-and-software/chargers-and-batteries/chargers/0A36258,0A36258,Key Details,System building block accessory,Performs to the same specifications as the standard AC adapter that ships with the notebooks,Energy efficient with Energy Star V (ES 2.0),System building block accessory,,,,$59.99,Ships FREE in 4-7 business days,$1,Performs to the same specifications as the standard AC adapter that ships with the notebooks,Energy efficient with Energy Star V (ES 2.0),Compatible with 2013 Lenovo notebooks with rectangular “slim tip” common power plug,"Not compatible with legacy notebook systems with the round, barrel-type power plug",https://www.lenovo.com/us/en/p/accessories-and-software/chargers-and-batteries/chargers/0A36258,[object Object],4.4,(138),Compatible with 2013 Lenovo notebooks with rectangular “slim tip” common power plug
https://p4-ofp.static.pub/ShareResource/560x450/SSNP/GX20Z46256/GX20Z46256-560x450-01.596df7ba71f7166f.png,,,,,,Lenovo Slim USB-C 65W AC Adapter(UL),https://www.lenovo.com/us/en/p/accessories-and-software/chargers-and-batteries/chargers/GX20Z46256,GX20Z46256,Key Details,"Portable and slim design, 30% size reduction, designed with cable management","65W power charging, Smart Voltage with PD3.0 technology","Tested and reliable: tested, reliable and backed by a one-year limited warranty","Portable and slim design, 30% size reduction, designed with cable management",$59.99,save $22.00,36% off,$37.99,"Ships FREE by Thu, Oct 14",$1,"65W power charging, Smart Voltage with PD3.0 technology","Tested and reliable: tested, reliable and backed by a one-year limited warranty",,,https://www.lenovo.com/us/en/p/accessories-and-software/chargers-and-batteries/chargers/GX20Z46256,[object Object],4.7,(40),
https://p4-ofp.static.pub/ShareResource/560x450/SSNP/4X20E75111/4X20E75111-560x450-01.3fa86b206bc3011a.png,,,,,,ThinkPad 230W AC Adapter Slim Tip,https://www.lenovo.com/us/en/p/accessories-and-software/chargers-and-batteries/chargers/4X20E75111,4X20E75111,Key Details,Compatible with all Lenovo laptops with the rectangular “slim-tip” common power plug,Compact design,1 year warranty,Compatible with all Lenovo laptops with the rectangular “slim-tip” common power plug,,,,$154.99,Ships in 4+ months,$4,Compact design,1 year warranty,,,https://www.lenovo.com/us/en/p/accessories-and-software/chargers-and-batteries/chargers/4X20E75111,[object Object],4.2,(33),
https://p2-ofp.static.pub/ShareResource/560x450/SSNP/40AK0065WW/40AK0065WW-560x450-01.ab841cf1425d8d70.png,https://p4-ofp.static.pub/ShareResource/560x450/SSNP/40AK0065WW/40AK0065WW-560x450-02.88aefb164a1482f0.png,https://p1-ofp.static.pub/fes/cms/2020/12/25/76apjfkml79bg5qcf172tvt0bw0c8s348607.png,https://p2-ofp.static.pub/fes/cms/2021/07/06/2h8n4ofixc8g8i94vopfat048ld37m944694.svg,https://p3-ofp.static.pub/fes/cms/2021/07/06/efrjjv1rz2xiuvpm0emnwj6y2gmai3506628.svg,https://p2-ofp.static.pub/fes/cms/2021/07/06/wxdfgadg28utnas6ca5d28oot1lcxj806083.svg,Lenovo 65W USB-C DC Travel Adapter,https://www.lenovo.com/us/en/p/accessories-and-software/chargers-and-batteries/chargers/40AK0065WW,40AK0065WW,Key Details,Refuel your laptop or mobile device via USB-C,"Plug in auto outlet, will both power your Lenovo/ThinkPad NB as well as charge its battery",65W power enables rapid charging on ThinkPad X1 family,Refuel your laptop or mobile device via USB-C,,,,$59.99,Ships FREE in 4-7 business days,$1,"Plug in auto outlet, will both power your Lenovo/ThinkPad NB as well as charge its battery",65W power enables rapid charging on ThinkPad X1 family,"Compliance with PD 3.0/ Power profile includes 5V, 9V, 15V, 20V,suitable to charge NB, tablet and Phones",Backward compatible with PD2.0,https://www.lenovo.com/us/en/p/accessories-and-software/chargers-and-batteries/chargers/40AK0065WW,[object Object],4.4,(77),"Compliance with PD 3.0/ Power profile includes 5V, 9V, 15V, 20V,suitable to charge NB, tablet and Phones"
https://p2-ofp.static.pub/ShareResource/560x450/SSNP/4X20E50558/4X20E50558-560x450-01.51f7fcf6367dfb72.png,,,,,,ThinkPad 135W AC Adapter Slim Tip,https://www.lenovo.com/us/en/p/accessories-and-software/chargers-and-batteries/chargers/4X20E50558,4X20E50558,Key Details,Performs to the same specifications as the standard AC adapter that ships with the ThinkPad laptops,Energy efficient with Energy Star V (ES 2.0),Compatible with ThinkPad laptops with rectangular “slim tip” common power plug,Performs to the same specifications as the standard AC adapter that ships with the ThinkPad laptops,,,,$109.99,Ships FREE in 4-7 business days,$3,Energy efficient with Energy Star V (ES 2.0),Compatible with ThinkPad laptops with rectangular “slim tip” common power plug,"Not compatible with ThinkPad laptops with the round, barrel-type power plug",,https://www.lenovo.com/us/en/p/accessories-and-software/chargers-and-batteries/chargers/4X20E50558,[object Object],4.5,(67),"Not compatible with ThinkPad laptops with the round, barrel-type power plug"
https://p4-ofp.static.pub/ShareResource/560x450/SSNP/4X20S56697/4X20S56697-560x450-01.97845b6e00dce24c.png,https://p3-ofp.static.pub/ShareResource/560x450/SSNP/4X20S56697/4X20S56697-560x450-02.36e540c32a6d36dc.png,https://p1-ofp.static.pub/fes/cms/2020/12/25/76apjfkml79bg5qcf172tvt0bw0c8s348607.png,https://p2-ofp.static.pub/fes/cms/2021/07/06/2h8n4ofixc8g8i94vopfat048ld37m944694.svg,https://p3-ofp.static.pub/fes/cms/2021/07/06/efrjjv1rz2xiuvpm0emnwj6y2gmai3506628.svg,https://p2-ofp.static.pub/fes/cms/2021/07/06/wxdfgadg28utnas6ca5d28oot1lcxj806083.svg,ThinkPad Mobile Workstation Slim 170W AC Adapter (Slim-tip),https://www.lenovo.com/us/en/p/accessories-and-software/chargers-and-batteries/chargers/4X20S56697,4X20S56697,Key Details,The ThinkPad 170W Slim AC adapter is the new adapter with slim and small design. It is your perfect replacement or spare power adapter for your ThinkPad Mobile Workstation machines.,"To check if the charger is compatible with your system,",CLICK HERE,The ThinkPad 170W Slim AC adapter is the new adapter with slim and small design. It is your perfect replacement or spare power adapter for your ThinkPad Mobile Workstation machines.,,,,$134.99,Ships in 4+ months,$4,"To check if the charger is compatible with your system,",CLICK HERE,,,https://www.lenovo.com/us/en/p/accessories-and-software/chargers-and-batteries/chargers/4X20S56697,[object Object],4.1,(14),
https://p2-ofp.static.pub/ShareResource/560x450/SSNP/4X20Q88539/4X20Q88539-560x450-01.855bb56a93b57d42.png,https://p4-ofp.static.pub/ShareResource/560x450/SSNP/4X20Q88539/4X20Q88539-560x450-02.8f34494ddf23cbbe.png,https://p1-ofp.static.pub/fes/cms/2020/12/25/76apjfkml79bg5qcf172tvt0bw0c8s348607.png,https://p2-ofp.static.pub/fes/cms/2021/07/06/2h8n4ofixc8g8i94vopfat048ld37m944694.svg,https://p3-ofp.static.pub/fes/cms/2021/07/06/efrjjv1rz2xiuvpm0emnwj6y2gmai3506628.svg,https://p2-ofp.static.pub/fes/cms/2021/07/06/wxdfgadg28utnas6ca5d28oot1lcxj806083.svg,Lenovo Slim 135W AC Adapter(slim tip)-US/Can/Mexico,https://www.lenovo.com/us/en/p/accessories-and-software/chargers-and-batteries/chargers/4X20Q88539,4X20Q88539,Key Details,"The Lenovo Slim 135W AC Adapter (Slim tip) offers fast, efficient charging at home, in the office, or on the go for your Think PCs. It is perfect for use as a spare or replacement adapter.  The Lenovo Slim 135W AC Adapter (Slim tip) is compact, energy efficient and backed by a 1 year warranty.",,,"The Lenovo Slim 135W AC Adapter (Slim tip) offers fast, efficient charging at home, in the office, or on the go for your Think PCs. It is perfect for use as a spare or replacement adapter.  The Lenovo Slim 135W AC Adapter (Slim tip) is compact, energy efficient and backed by a 1 year warranty.",,,,$119.99,Ships FREE in 4-7 business days,$3,,,,,,,,,
https://p3-ofp.static.pub/fes/cms/2021/08/27/g0ia6mfn0wwc40p1weszynqzoaxhhu908482.png,,,,,,Lenovo 45W Round Tip Adapter,https://www.lenovo.com/us/en/p/accessories-and-software/chargers-and-batteries/chargers/GX20L23044,GX20L23044,Key Details,"Stable, adequate, reliable power supply",,,"Stable, adequate, reliable power supply",$39.99,save $8.00,20% off,$31.99,"Ships FREE by Thu, Oct 14",$0.96,,,,,https://www.lenovo.com/us/en/p/accessories-and-software/chargers-and-batteries/chargers/GX20L23044,[object Object],4.6,(45),
https://p2-ofp.static.pub/ShareResource/560x450/SSNP/4X20E50574/4X20E50574-560x450-01.e67af2c9a1870d86.png,,,,,,ThinkPad 170W AC Adapter Slim Tip,https://www.lenovo.com/us/en/p/accessories-and-software/chargers-and-batteries/chargers/4X20E50574,4X20E50574,Key Details,Ideal as a spare charger,Slim tip (rectangular),1 year warranty,Ideal as a spare charger,,,,$129.99,Ships in 4+ months,$3,Slim tip (rectangular),1 year warranty,,,https://www.lenovo.com/us/en/p/accessories-and-software/chargers-and-batteries/chargers/4X20E50574,[object Object],4.1,(54),
https://p4-ofp.static.pub/ShareResource/560x450/SSNP/888014197/888014197-560x450-01.fdb598f27dedbfce.png,,,,,,Lenovo 45W Slim Port AC Adapter(UL-SDC),https://www.lenovo.com/us/en/p/accessories-and-software/chargers-and-batteries/chargers/888014197,888014197,Key Details,"stable, adequate and reliable power supplying",,,"stable, adequate and reliable power supplying",$39.99,save $12.00,30% off,$27.99,"Ships FREE by Thu, Oct 14",$0.84,,,,,https://www.lenovo.com/us/en/p/accessories-and-software/chargers-and-batteries/chargers/888014197,[object Object],4.4,(23),
https://p3-ofp.static.pub/ShareResource/560x450/SSNP/0B46994/0B46994-560x450-01.1088d7aa5d7a4e6e.png,,,,,,ThinkPad 90W AC Adapter Slim Tip,https://www.lenovo.com/us/en/p/accessories-and-software/chargers-and-batteries/chargers/0B46994,0B46994,Key Details,Ideal as a spare charger,Slim tip (rectangular),1 year warranty,Ideal as a spare charger,,,,$74.99,Ships in 2+ months,$2,Slim tip (rectangular),1 year warranty,,,https://www.lenovo.com/us/en/p/accessories-and-software/chargers-and-batteries/chargers/0B46994,[object Object],4.2,(33),
https://p3-ofp.static.pub/ShareResource/3PO/78023101/78023101-200x150-01.fbf7b1de19d90829.png,https://p3-ofp.static.pub/ShareResource/3PO/78023101/78023101-560x450-02.48b263c9dc10ccc4.png,https://p1-ofp.static.pub/fes/cms/2020/12/25/76apjfkml79bg5qcf172tvt0bw0c8s348607.png,https://p2-ofp.static.pub/fes/cms/2021/07/06/2h8n4ofixc8g8i94vopfat048ld37m944694.svg,https://p3-ofp.static.pub/fes/cms/2021/07/06/efrjjv1rz2xiuvpm0emnwj6y2gmai3506628.svg,https://p2-ofp.static.pub/fes/cms/2021/07/06/wxdfgadg28utnas6ca5d28oot1lcxj806083.svg,"Playa by Belkin 10K Power Bank, 18W PD USB-C IN/OUT, USB-A OUT - White",https://www.lenovo.com/us/en/p/accessories-and-software/chargers-and-batteries/power-banks/78023101,78023101,Key Details,Provides up to 36 hours of additional battery life for your smartphone,Fast charge USB-C smartphones like Google Pixel up to 50% in 37 minutes,Requires USB-C to USB-C cable to achieve fast charging times for USB-C devices (sold separately),"USB-C PD fast charge-enabled devices include Samsung S20, S20+, S20 Ultra, S10, S10+, S10e, Note10, Note10, Google Pixel 4, 4XL, Pixel 3, 3XL and more (cables required to achieve fast charging times are sold separately)",$39.99,save $16.00,40% off,$23.99,Ships FREE in 1-3 business days,$0.72,Provides up to 36 hours of additional battery life for your smartphone,Fast charge USB-C smartphones like Google Pixel up to 50% in 37 minutes,Requires USB-C to USB-C cable to achieve fast charging times for USB-C devices (sold separately),"USB-C PD fast charge-enabled devices include Samsung S20, S20+, S20 Ultra, S10, S10+, S10e, Note10, Note10, Google Pixel 4, 4XL, Pixel 3, 3XL and more (cables required to achieve fast charging times are sold separately)",,,,,
https://p1-ofp.static.pub/ShareResource/560x450/SSNP/GX20Z46307/GX20Z46307-560x450-01.5b69159bfc12379b.png,https://p3-ofp.static.pub/ShareResource/560x450/SSNP/GX20Z46307/GX20Z46307-560x450-02.85716cd5504f0049.png,https://p1-ofp.static.pub/fes/cms/2020/12/25/76apjfkml79bg5qcf172tvt0bw0c8s348607.png,https://p2-ofp.static.pub/fes/cms/2021/07/06/2h8n4ofixc8g8i94vopfat048ld37m944694.svg,https://p3-ofp.static.pub/fes/cms/2021/07/06/efrjjv1rz2xiuvpm0emnwj6y2gmai3506628.svg,https://p2-ofp.static.pub/fes/cms/2021/07/06/wxdfgadg28utnas6ca5d28oot1lcxj806083.svg,Lenovo Legion Slim 230W  AC Adapter(UL),https://www.lenovo.com/us/en/p/accessories-and-software/chargers-and-batteries/chargers/GX20Z46307,GX20Z46307,Key Details,230W wattage,"30% size reduction comparing to Lenovo Standard 230W AC adapter,with Slim and Portable design",Incorporates a rubber buckle for easy cable management,230W wattage,$139.99,save $42.00,30% off,$97.99,"Ships FREE by Thu, Oct 14",$2,"30% size reduction comparing to Lenovo Standard 230W AC adapter,with Slim and Portable design",Incorporates a rubber buckle for easy cable management,"Compatible with Lenovo Legion laptops with rectangular ""Slim Tip"" power plug",,https://www.lenovo.com/us/en/p/accessories-and-software/chargers-and-batteries/chargers/GX20Z46307,[object Object],4.7,(55),"Compatible with Lenovo Legion laptops with rectangular ""Slim Tip"" power plug"
https://p2-ofp.static.pub/ShareResource/560x450/SSNP/G0A6GC65WW/G0A6GC65WW-560x450-01.ebb2e8857ae418bf.png,https://p2-ofp.static.pub/ShareResource/560x450/SSNP/G0A6GC65WW/G0A6GC65WW-560x450-02.2382e7b4a602fae9.png,https://p1-ofp.static.pub/fes/cms/2020/12/25/76apjfkml79bg5qcf172tvt0bw0c8s348607.png,https://p2-ofp.static.pub/fes/cms/2021/07/06/2h8n4ofixc8g8i94vopfat048ld37m944694.svg,https://p3-ofp.static.pub/fes/cms/2021/07/06/efrjjv1rz2xiuvpm0emnwj6y2gmai3506628.svg,https://p2-ofp.static.pub/fes/cms/2021/07/06/wxdfgadg28utnas6ca5d28oot1lcxj806083.svg,Lenovo 65W USB-C GaN Adapter,https://www.lenovo.com/us/en/p/accessories-and-software/chargers-and-batteries/chargers/G0A6GC65WW,G0A6GC65WW,Key Details,65W has a smaller profile and wight thanks to GaN technology,Ultra-portable design with a foldable plug for easy storage,Elegant and stylish with cable management to keep organized,65W has a smaller profile and wight thanks to GaN technology,,,,$64.99,"Ships FREE by Thu, Oct 14",$1,Ultra-portable design with a foldable plug for easy storage,Elegant and stylish with cable management to keep organized,Quickly refuel your laptop or mobile devices via USB-C,Reliable PD 3.0 support with adjustable output voltages of 5V/9V/15V/20V,https://www.lenovo.com/us/en/p/accessories-and-software/chargers-and-batteries/chargers/G0A6GC65WW,[object Object],4.8,(40),Quickly refuel your laptop or mobile devices via USB-C
https://p3-ofp.static.pub/ShareResource/560x450/SSNP/4X20S56681/4X20S56681-560x450-01.7ce9d55ff080cfe2.png,,,,,,ThinkCentre 135W AC Adapter (slim tip),https://www.lenovo.com/us/en/p/accessories-and-software/chargers-and-batteries/chargers/4X20S56681,4X20S56681,Key Details,Dimensions: 145*65*30 mm / 5.7*2.56*1.18 in,Weight: 490.8 g,"Power Capacity: 2.5 A/250 V, 135W",Dimensions: 145*65*30 mm / 5.7*2.56*1.18 in,,,,$109.99,Ships in 2+ months,$3,Weight: 490.8 g,"Power Capacity: 2.5 A/250 V, 135W",Connectivity: Slim Tip,,https://www.lenovo.com/us/en/p/accessories-and-software/chargers-and-batteries/chargers/4X20S56681,[object Object],3.5,(6),Connectivity: Slim Tip
https://p1-ofp.static.pub/ShareResource/560x450/SSNP/0B47030/0B47030-560x450-01.0bde44776516963f.png,,,,,,ThinkPad 45W AC Adapter Slim Tip,https://www.lenovo.com/us/en/p/accessories-and-software/chargers-and-batteries/chargers/0B47030,0B47030,Key Details,System building block accessory,Identical to the adapter bundled in 45W ThinkPad systems,26% smaller than the current ThinkPad 65W AC Adapter,System building block accessory,,,,$54.99,"Ships FREE by Thu, Oct 14",$1,Identical to the adapter bundled in 45W ThinkPad systems,26% smaller than the current ThinkPad 65W AC Adapter,Energy efficient with Energy Star V (ES 2.0),"Compatible with ThinkPad Helix, T4301s, and 2013 Lenovo notebooks with slim common power plug",https://www.lenovo.com/us/en/p/accessories-and-software/chargers-and-batteries/chargers/0B47030,[object Object],4.6,(72),Energy efficient with Energy Star V (ES 2.0)
https://p3-ofp.static.pub/ShareResource/560x450/SSNP/4X20Z83991/4X20Z83991-560x450-01.3f3144802ba158c2.png,https://p1-ofp.static.pub/ShareResource/560x450/SSNP/4X20Z83991/4X20Z83991-560x450-02.a368bacba0152fb6.png,https://p1-ofp.static.pub/fes/cms/2020/12/25/76apjfkml79bg5qcf172tvt0bw0c8s348607.png,https://p2-ofp.static.pub/fes/cms/2021/07/06/2h8n4ofixc8g8i94vopfat048ld37m944694.svg,https://p3-ofp.static.pub/fes/cms/2021/07/06/efrjjv1rz2xiuvpm0emnwj6y2gmai3506628.svg,https://p2-ofp.static.pub/fes/cms/2021/07/06/wxdfgadg28utnas6ca5d28oot1lcxj806083.svg,ThinkCentre 230W AC Adapter (slim tip),https://www.lenovo.com/us/en/p/accessories-and-software/chargers-and-batteries/chargers/4X20Z83991,4X20Z83991,Key Details,Dimensions: 200*100*25.4 mm / 7.9*3.94*1 in,Weight: 880 g,"Power Capacity: 11.5 A/20 V, 230W",Dimensions: 200*100*25.4 mm / 7.9*3.94*1 in,,,,$149.99,Ships FREE in 4-7 business days,$4,Weight: 880 g,"Power Capacity: 11.5 A/20 V, 230W",Connectivity: Slim Tip,,https://www.lenovo.com/us/en/p/accessories-and-software/chargers-and-batteries/chargers/4X20Z83991,[object Object],3.0,(4),Connectivity: Slim Tip
https://p3-ofp.static.pub/ShareResource/560x450/SSNP/4X20V24690/4X20V24690-560x450-01.cb0e5fb84adef6fd.png,https://p1-ofp.static.pub/ShareResource/560x450/SSNP/4X20V24690/4X20V24690-560x450-02.c7fdfcce5ffda629.png,https://p1-ofp.static.pub/fes/cms/2020/12/25/76apjfkml79bg5qcf172tvt0bw0c8s348607.png,https://p2-ofp.static.pub/fes/cms/2021/07/06/2h8n4ofixc8g8i94vopfat048ld37m944694.svg,https://p3-ofp.static.pub/fes/cms/2021/07/06/efrjjv1rz2xiuvpm0emnwj6y2gmai3506628.svg,https://p2-ofp.static.pub/fes/cms/2021/07/06/wxdfgadg28utnas6ca5d28oot1lcxj806083.svg,Lenovo 95W USB-C AC Adapter,https://www.lenovo.com/us/en/p/accessories-and-software/chargers-and-batteries/chargers/4X20V24690,4X20V24690,Key Details,Dimensions:126*56*28.5mm / 4.96*2.20*1.12 in,Weight: 310g±15g,"Power Capacity: 2.5 A/240 V, 95W power charging",Dimensions:126*56*28.5mm / 4.96*2.20*1.12 in,,,,$74.99,Ships FREE in 4-7 business days,$2,Weight: 310g±15g,"Power Capacity: 2.5 A/240 V, 95W power charging",Smart Voltage with PD3.0 technology,"Tested, reliable and backed by a one-year limited warranty",,,,,Smart Voltage with PD3.0 technology
https://p3-ofp.static.pub/ShareResource/560x450/SSNP/40AW0065WW/40AW0065WW-560x450-01.04a779bc2f241bd7.png,https://p2-ofp.static.pub/ShareResource/560x450/SSNP/40AW0065WW/40AW0065WW-560x450-02.6666d7c2b0362164.png,https://p1-ofp.static.pub/fes/cms/2020/12/25/76apjfkml79bg5qcf172tvt0bw0c8s348607.png,https://p2-ofp.static.pub/fes/cms/2021/07/06/2h8n4ofixc8g8i94vopfat048ld37m944694.svg,https://p3-ofp.static.pub/fes/cms/2021/07/06/efrjjv1rz2xiuvpm0emnwj6y2gmai3506628.svg,https://p2-ofp.static.pub/fes/cms/2021/07/06/wxdfgadg28utnas6ca5d28oot1lcxj806083.svg,Lenovo 65W USB-C AC Travel Adapter,https://www.lenovo.com/us/en/p/accessories-and-software/chargers-and-batteries/chargers/40AW0065WW,40AW0065WW,Key Details,"Ultraportable, lightweight design perfect for frequent commutes and travel",Effortlessly refuel your USB-C laptop or device on the go with a single adaptor,Universal plugs with twist and lock mechanism that cover most regions and are safe to use and easily replaceable,,,,,$69.99,Ships in 4+ months,$2,"Ultraportable, lightweight design perfect for frequent commutes and travel",Effortlessly refuel your USB-C laptop or device on the go with a single adaptor,Universal plugs with twist and lock mechanism that cover most regions and are safe to use and easily replaceable,,https://www.lenovo.com/us/en/p/accessories-and-software/chargers-and-batteries/chargers/40AW0065WW,[object Object],4.5,(22),
https://p2-ofp.static.pub/ShareResource/560x450/SSNP/0B47455/0B47455-560x450-01.bb7aea46a3d23593.png,,,,,,ThinkPad 65W Slim AC Adapter,https://www.lenovo.com/us/en/p/accessories-and-software/chargers-and-batteries/chargers/0B47455,0B47455,Key Details,"Slim, flat design",System building block accessory that performs to the same specifications as the standard AC adapter that ships with the notebooks,Energy efficient with Energy Star V (ES 2.0),"Slim, flat design",,,,$69.99,Ships FREE in 4-7 business days,$2,System building block accessory that performs to the same specifications as the standard AC adapter that ships with the notebooks,Energy efficient with Energy Star V (ES 2.0),Compatible with 2013 Lenovo notebooks with rectangular “slim tip” common power plug,"Not compatible with legacy notebook systems with the round, barrel-type power plug",https://www.lenovo.com/us/en/p/accessories-and-software/chargers-and-batteries/chargers/0B47455,[object Object],4.1,(58),Compatible with 2013 Lenovo notebooks with rectangular “slim tip” common power plug
https://p1-ofp.static.pub/medias/bWFzdGVyfHJvb3R8NjIzMnxpbWFnZS9qcGVnfGgwNC9oYTEvMTE2MDI5NTQ2MTY4NjIuanBnfDQ2NDM5NTNmODg5ZjU3OWNiYjVjYWI0NTJiM2MxMjQyZjIwZmRmNmM1MjJlZTZlNzUyMGI1YjcwMmNkNjZkMmE/95F19449-EA5B-4CAF-86D4-186288CD6182.jpg,https://p1-ofp.static.pub/medias/bWFzdGVyfHJvb3R8NjIzMnxpbWFnZS9qcGVnfGgwNC9oYTEvMTE2MDI5NTQ2MTY4NjIuanBnfDQ2NDM5NTNmODg5ZjU3OWNiYjVjYWI0NTJiM2MxMjQyZjIwZmRmNmM1MjJlZTZlNzUyMGI1YjcwMmNkNjZkMmE/95F19449-EA5B-4CAF-86D4-186288CD6182.jpg,https://p1-ofp.static.pub/fes/cms/2020/12/25/76apjfkml79bg5qcf172tvt0bw0c8s348607.png,https://p2-ofp.static.pub/fes/cms/2021/07/06/2h8n4ofixc8g8i94vopfat048ld37m944694.svg,https://p3-ofp.static.pub/fes/cms/2021/07/06/efrjjv1rz2xiuvpm0emnwj6y2gmai3506628.svg,https://p2-ofp.static.pub/fes/cms/2021/07/06/wxdfgadg28utnas6ca5d28oot1lcxj806083.svg,GUARDIAN STANDARD POWER STRIP  PERP,https://www.lenovo.com/us/en/p/accessories-and-software/chargers-and-batteries/Chargers-&-Batteries_Power-Strips-&-Surge-Protectors/78016495,78016495,,,,,,,,,$6.99,Ships FREE in 1-3 business days,$0.21,,,,,,,,,
https://p2-ofp.static.pub/ShareResource/560x450/SSNP/4X20V07881/4X20V07881-560x450-01.8de9c17bc7eeef25.png,https://p4-ofp.static.pub/ShareResource/560x450/SSNP/4X20V07881/4X20V07881-560x450-02.7029107277cf465e.png,https://p1-ofp.static.pub/fes/cms/2020/12/25/76apjfkml79bg5qcf172tvt0bw0c8s348607.png,https://p2-ofp.static.pub/fes/cms/2021/07/06/2h8n4ofixc8g8i94vopfat048ld37m944694.svg,https://p3-ofp.static.pub/fes/cms/2021/07/06/efrjjv1rz2xiuvpm0emnwj6y2gmai3506628.svg,https://p2-ofp.static.pub/fes/cms/2021/07/06/wxdfgadg28utnas6ca5d28oot1lcxj806083.svg,Lenovo 45W USB-C AC Portable Adapter,https://www.lenovo.com/us/en/p/accessories-and-software/chargers-and-batteries/chargers/4X20V07881,4X20V07881,Key Details,Intelligent USB-C solution,"Highly compatible, works with laptops to smartphones","Ultra light, portable design, perfect for on-the-go use",Intelligent USB-C solution,,,,$59.99,Ships FREE in 4-7 business days,$1,"Highly compatible, works with laptops to smartphones","Ultra light, portable design, perfect for on-the-go use",Fast and secure USB charging out,Power delivery with adjustable voltage of 5V/9V/15V/20V output,https://www.lenovo.com/us/en/p/accessories-and-software/chargers-and-batteries/chargers/4X20V07881,[object Object],4.6,(36),Fast and secure USB charging out
https://p1-ofp.static.pub/medias/bWFzdGVyfHJvb3R8NjI1NHxpbWFnZS9qcGVnfGhlMC9oZDAvMTE3MjQwNjQ4ODI3MTguanBnfDM5MDU0YmVhMDlkN2VlM2E0NDAzYjkyOTAzM2M2ZGU0NzA3YjE2ODEyMmU4OTMxNjYyNWFhZGIyNDQxYTJmOWY/9AC636BF-F586-47DD-B511-B2D5DC6CD59B.jpg,https://p1-ofp.static.pub/medias/bWFzdGVyfHJvb3R8NjI1NHxpbWFnZS9qcGVnfGhlMC9oZDAvMTE3MjQwNjQ4ODI3MTguanBnfDM5MDU0YmVhMDlkN2VlM2E0NDAzYjkyOTAzM2M2ZGU0NzA3YjE2ODEyMmU4OTMxNjYyNWFhZGIyNDQxYTJmOWY/9AC636BF-F586-47DD-B511-B2D5DC6CD59B.jpg,https://p1-ofp.static.pub/fes/cms/2020/12/25/76apjfkml79bg5qcf172tvt0bw0c8s348607.png,https://p2-ofp.static.pub/fes/cms/2021/07/06/2h8n4ofixc8g8i94vopfat048ld37m944694.svg,https://p3-ofp.static.pub/fes/cms/2021/07/06/efrjjv1rz2xiuvpm0emnwj6y2gmai3506628.svg,https://p2-ofp.static.pub/fes/cms/2021/07/06/wxdfgadg28utnas6ca5d28oot1lcxj806083.svg,6OUT SURGE PROTECTOR 6FT CORD  PERP,https://www.lenovo.com/us/en/p/accessories-and-software/chargers-and-batteries/Chargers-&-Batteries_Power-Strips-&-Surge-Protectors/78015935,78015935,,,,,,$17.99,save $4.00,22% off,$13.99,Ships FREE in 1-3 business days,$0.42,,,,,,,,,
https://p1-ofp.static.pub/medias/bWFzdGVyfHJvb3R8MTY5MjR8aW1hZ2UvanBlZ3xoNmMvaDMzLzExNjAyOTUxMDc3OTE4LmpwZ3wzZDdiNDUxOTg1YjkzYjNmYTZiY2NiNDM5Nzg0YTE5NmJmMzNjZDNjYWFhNjk3MDU0ZDc3MDcyY2IyMDE2MzQ3/50703086-1DC0-443F-8721-931369DD4F45.jpg,https://p1-ofp.static.pub/medias/bWFzdGVyfHJvb3R8MTY5MjR8aW1hZ2UvanBlZ3xoNmMvaDMzLzExNjAyOTUxMDc3OTE4LmpwZ3wzZDdiNDUxOTg1YjkzYjNmYTZiY2NiNDM5Nzg0YTE5NmJmMzNjZDNjYWFhNjk3MDU0ZDc3MDcyY2IyMDE2MzQ3/50703086-1DC0-443F-8721-931369DD4F45.jpg,https://p1-ofp.static.pub/fes/cms/2020/12/25/76apjfkml79bg5qcf172tvt0bw0c8s348607.png,https://p2-ofp.static.pub/fes/cms/2021/07/06/2h8n4ofixc8g8i94vopfat048ld37m944694.svg,https://p3-ofp.static.pub/fes/cms/2021/07/06/efrjjv1rz2xiuvpm0emnwj6y2gmai3506628.svg,https://p2-ofp.static.pub/fes/cms/2021/07/06/wxdfgadg28utnas6ca5d28oot1lcxj806083.svg,SMARTSOCKETS BASIC SURGE       PERP,https://www.lenovo.com/us/en/p/accessories-and-software/chargers-and-batteries/Chargers-&-Batteries_Power-Strips-&-Surge-Protectors/78016537,78016537,,,,,,,,,$19.99,Ships FREE in 1-3 business days,$0.60,,,,,,,,,
https://p1-ofp.static.pub/medias/bWFzdGVyfHJvb3R8OTYyNHxpbWFnZS9qcGVnfGg0NS9oNGYvMTE2MDIwOTQ2ODYyMzguanBnfDc3ZjU2OTUwMmMzZjA0ZjhiN2YwOWQyOTgxOWI1MmMwYzRjM2EyZmZhNWU0MjFiN2Y0ZTU3NGRjZDM5NjFiYTI/52B39405-042E-4A63-A14A-D444BD4A5B16.jpg,https://p1-ofp.static.pub/medias/bWFzdGVyfHJvb3R8OTYyNHxpbWFnZS9qcGVnfGg0NS9oNGYvMTE2MDIwOTQ2ODYyMzguanBnfDc3ZjU2OTUwMmMzZjA0ZjhiN2YwOWQyOTgxOWI1MmMwYzRjM2EyZmZhNWU0MjFiN2Y0ZTU3NGRjZDM5NjFiYTI/52B39405-042E-4A63-A14A-D444BD4A5B16.jpg,https://p1-ofp.static.pub/fes/cms/2020/12/25/76apjfkml79bg5qcf172tvt0bw0c8s348607.png,https://p2-ofp.static.pub/fes/cms/2021/07/06/2h8n4ofixc8g8i94vopfat048ld37m944694.svg,https://p3-ofp.static.pub/fes/cms/2021/07/06/efrjjv1rz2xiuvpm0emnwj6y2gmai3506628.svg,https://p2-ofp.static.pub/fes/cms/2021/07/06/wxdfgadg28utnas6ca5d28oot1lcxj806083.svg,12OUT SURGE PROTECTOR 8FT CORD PERP,https://www.lenovo.com/us/en/p/accessories-and-software/chargers-and-batteries/Chargers-&-Batteries_Power-Strips-&-Surge-Protectors/78000994,78000994,,,,,,$29.99,save $5.00,16% off,$24.99,Ships FREE in 1-3 business days,$0.75,,,,,https://www.lenovo.com/us/en/p/accessories-and-software/chargers-and-batteries/Chargers-&-Batteries_Power-Strips-&-Surge-Protectors/78000994,[object Object],2.6,(11),
https://p1-ofp.static.pub/medias/bWFzdGVyfHJvb3R8OTg5NXxpbWFnZS9qcGVnfGg5MC9oYWEvMTE2MDIwOTI1MjM1NTAuanBnfGQ1ZjdjMDkxZGMxYzAzMzY5NjJkNGE3ZDc0Y2M2NmMxNTBmOTYwNDAzZWQwY2NmNjBkNjI0NTRlZTIzMTVmYmI/4675ACFB-BCEE-487E-90EC-E2F9712E4ED7.jpg,https://p1-ofp.static.pub/medias/bWFzdGVyfHJvb3R8OTg5NXxpbWFnZS9qcGVnfGg5MC9oYWEvMTE2MDIwOTI1MjM1NTAuanBnfGQ1ZjdjMDkxZGMxYzAzMzY5NjJkNGE3ZDc0Y2M2NmMxNTBmOTYwNDAzZWQwY2NmNjBkNjI0NTRlZTIzMTVmYmI/4675ACFB-BCEE-487E-90EC-E2F9712E4ED7.jpg,https://p1-ofp.static.pub/fes/cms/2020/12/25/76apjfkml79bg5qcf172tvt0bw0c8s348607.png,https://p2-ofp.static.pub/fes/cms/2021/07/06/2h8n4ofixc8g8i94vopfat048ld37m944694.svg,https://p3-ofp.static.pub/fes/cms/2021/07/06/efrjjv1rz2xiuvpm0emnwj6y2gmai3506628.svg,https://p2-ofp.static.pub/fes/cms/2021/07/06/wxdfgadg28utnas6ca5d28oot1lcxj806083.svg,Belkin Surge Protector - 12 Outlet 10Ft Cord,https://www.lenovo.com/us/en/p/accessories-and-software/chargers-and-batteries/Chargers-&-Batteries_Power-Strips-&-Surge-Protectors/78004747,78004747,Key Details,"At a Glance: 12 total surge-protected outlets with 4120-Joule energy rating Six Block Space outlets 10-foot heavy-duty power cord Ethernet protection and phone line protection ensures open and continuous connections Lifetime Product Warranty and $300,000 Connected Equipment Warranty",,,"At a Glance: 12 total surge-protected outlets with 4120-Joule energy rating Six Block Space outlets 10-foot heavy-duty power cord Ethernet protection and phone line protection ensures open and continuous connections Lifetime Product Warranty and $300,000 Connected Equipment Warranty",$34.99,save $5.00,14% off,$29.99,Ships FREE in 1-3 business days,$0.90,,,,,,,,,
https://p1-ofp.static.pub/ShareResource/560x450/SSNP/GX20Z46240/GX20Z46240-560x450-01.de6e848d789d70c0.png,,,,,,Lenovo Legion USB-C 95W AC Adapter(UL),https://www.lenovo.com/us/en/p/accessories-and-software/chargers-and-batteries/chargers/GX20Z46240,GX20Z46240,Key Details,Dimensions:126*56*28.5mm / 4.96*2.20*1.12 in,Weight: 310g±15g,"Power Capacity: 2.5 A/240 V, 95W power charging, Smart Voltage with PD3.0 technology",Dimensions:126*56*28.5mm / 4.96*2.20*1.12 in,$69.99,save $20.00,28% off,$49.99,"Ships FREE by Thu, Oct 14",$1,Weight: 310g±15g,"Power Capacity: 2.5 A/240 V, 95W power charging, Smart Voltage with PD3.0 technology","Tested and reliable: tested, reliable and backed by a one-year limited warranty",,https://www.lenovo.com/us/en/p/accessories-and-software/chargers-and-batteries/chargers/GX20Z46240,[object Object],2.5,(6),"Tested and reliable: tested, reliable and backed by a one-year limited warranty"
https://p2-ofp.static.pub/ShareResource/560x450/SSNP/4X20E75140/4X20E75140-560x450-01.c2d1e583a75979d1.png,,,,,,ThinkCentre 90W AC Adapter (slim tip),https://www.lenovo.com/us/en/p/accessories-and-software/chargers-and-batteries/chargers/4X20E75140,4X20E75140,Key Details,"Performs to the same specifications as the standard AC adapter that ships with the ThinkPad laptopsEnergy efficient with Energy Star V (ES 2.0)Compatible with ThinkPad laptops with rectangular “slim tip” common power plugNot compatible with ThinkPad laptops with the round, barrel-type power plug",,,"Performs to the same specifications as the standard AC adapter that ships with the ThinkPad laptopsEnergy efficient with Energy Star V (ES 2.0)Compatible with ThinkPad laptops with rectangular “slim tip” common power plugNot compatible with ThinkPad laptops with the round, barrel-type power plug",,,,$74.99,Ships in 4+ months,$2,,,,,https://www.lenovo.com/us/en/p/accessories-and-software/chargers-and-batteries/chargers/4X20E75140,[object Object],3.7,(3),
,,,,,,Thinkpad Battery 67+ (6 Cell),https://www.lenovo.com/us/en/p/accessories-and-software/chargers-and-batteries/batteries/0A36317,0A36317,Key Details,"•	Lithium-Ion (Li-Ion) technology 
•	6 cell system battery 
•	Battery energy (Watt-hours): 63 Wh 
•	Not compatible with the ThinkPad External Battery Charger (40Y7625)",,,"•	Lithium-Ion (Li-Ion) technology 
•	6 cell system battery 
•	Battery energy (Watt-hours): 63 Wh 
•	Not compatible with the ThinkPad External Battery Charger (40Y7625)",,,,$139.99,"Ships FREE by Thu, Oct 14",$4,,,,,,,,,
https://p1-ofp.static.pub/medias/bWFzdGVyfHJvb3R8NzA5NXxpbWFnZS9qcGVnfGg2Ni9oYzQvMTE2MDI5NTYzODYzMzQuanBnfDRjMzc1MDc5ZGQwMjU3MjVlNzc0NGVlNTE1MjMzYjYyYTA1ZmI0NTkyYWZiN2EyYTNiOWQ2YWNmODJlNjhmMjA/06697A3B-C77D-494F-B623-33BF84541B09.jpg,https://p1-ofp.static.pub/medias/bWFzdGVyfHJvb3R8NzA5NXxpbWFnZS9qcGVnfGg2Ni9oYzQvMTE2MDI5NTYzODYzMzQuanBnfDRjMzc1MDc5ZGQwMjU3MjVlNzc0NGVlNTE1MjMzYjYyYTA1ZmI0NTkyYWZiN2EyYTNiOWQ2YWNmODJlNjhmMjA/06697A3B-C77D-494F-B623-33BF84541B09.jpg,https://p1-ofp.static.pub/fes/cms/2020/12/25/76apjfkml79bg5qcf172tvt0bw0c8s348607.png,https://p2-ofp.static.pub/fes/cms/2021/07/06/2h8n4ofixc8g8i94vopfat048ld37m944694.svg,https://p3-ofp.static.pub/fes/cms/2021/07/06/efrjjv1rz2xiuvpm0emnwj6y2gmai3506628.svg,https://p2-ofp.static.pub/fes/cms/2021/07/06/wxdfgadg28utnas6ca5d28oot1lcxj806083.svg,GUARDIAN PREMIUM 7 SURGE       PERP,https://www.lenovo.com/us/en/p/accessories-and-software/chargers-and-batteries/Chargers-&-Batteries_Power-Strips-&-Surge-Protectors/78016497,78016497,Key Details,6-foot power cord puts surge protection where it´s needed,Safeguard computer and equipment with 540 joules of surge protection,Room enough to easily accommodate up to seven adapter-style plugs,6-foot power cord puts surge protection where it´s needed,,,,$13.99,Ships FREE in 1-3 business days,$0.42,Safeguard computer and equipment with 540 joules of surge protection,Room enough to easily accommodate up to seven adapter-style plugs,Indicator monitors the surge protector to ensure full protection,,,,,,Indicator monitors the surge protector to ensure full protection
https://p1-ofp.static.pub/medias/bWFzdGVyfHJvb3R8NjIyOXxpbWFnZS9qcGVnfGg5Zi9oNjYvMTE2MDgwMDc5MDEyMTQuanBnfDJmYjMwODBhYTlhODNmZmFhY2Y5MDUxMzNiY2Q4MDkxZmUyMjViMGQ1OWJiOTM1YzRhZmNjYzIwZGMxNDRhODM/C4BD8E0E-8FEF-4309-9B60-FACAF459EA98.jpg,https://p1-ofp.static.pub/medias/bWFzdGVyfHJvb3R8NjIyOXxpbWFnZS9qcGVnfGg5Zi9oNjYvMTE2MDgwMDc5MDEyMTQuanBnfDJmYjMwODBhYTlhODNmZmFhY2Y5MDUxMzNiY2Q4MDkxZmUyMjViMGQ1OWJiOTM1YzRhZmNjYzIwZGMxNDRhODM/C4BD8E0E-8FEF-4309-9B60-FACAF459EA98.jpg,https://p1-ofp.static.pub/fes/cms/2020/12/25/76apjfkml79bg5qcf172tvt0bw0c8s348607.png,https://p2-ofp.static.pub/fes/cms/2021/07/06/2h8n4ofixc8g8i94vopfat048ld37m944694.svg,https://p3-ofp.static.pub/fes/cms/2021/07/06/efrjjv1rz2xiuvpm0emnwj6y2gmai3506628.svg,https://p2-ofp.static.pub/fes/cms/2021/07/06/wxdfgadg28utnas6ca5d28oot1lcxj806083.svg,6OUT SURGE PROTECTOR 8FT CORD  PERP,https://www.lenovo.com/us/en/p/accessories-and-software/chargers-and-batteries/Chargers-&-Batteries_Power-Strips-&-Surge-Protectors/78015171,78015171,,,,,,$17.99,save $3.00,16% off,$14.99,Ships FREE in 1-3 business days,$0.45,,,,,,,,,
https://p1-ofp.static.pub/medias/bWFzdGVyfHJvb3R8ODAyNXxpbWFnZS9qcGVnfGhlNC9oMTQvMTE2MDI5NTU1OTk5MDIuanBnfGMwNDBmZGM1MzllZjMwOWQzNGY1ZGVhODNhOTQ1MDBjMmU5NWFhZThlYzZlZWM4NDJmYmI5ZmJkMWZiODJkNzM/094BC730-4C22-42A6-8C16-A717E613FB13.jpg,https://p1-ofp.static.pub/medias/bWFzdGVyfHJvb3R8ODAyNXxpbWFnZS9qcGVnfGhlNC9oMTQvMTE2MDI5NTU1OTk5MDIuanBnfGMwNDBmZGM1MzllZjMwOWQzNGY1ZGVhODNhOTQ1MDBjMmU5NWFhZThlYzZlZWM4NDJmYmI5ZmJkMWZiODJkNzM/094BC730-4C22-42A6-8C16-A717E613FB13.jpg,https://p1-ofp.static.pub/fes/cms/2020/12/25/76apjfkml79bg5qcf172tvt0bw0c8s348607.png,https://p2-ofp.static.pub/fes/cms/2021/07/06/2h8n4ofixc8g8i94vopfat048ld37m944694.svg,https://p3-ofp.static.pub/fes/cms/2021/07/06/efrjjv1rz2xiuvpm0emnwj6y2gmai3506628.svg,https://p2-ofp.static.pub/fes/cms/2021/07/06/wxdfgadg28utnas6ca5d28oot1lcxj806083.svg,GUARDIAN PREMIUM 8 SURGE       PERP,https://www.lenovo.com/us/en/p/accessories-and-software/chargers-and-batteries/Chargers-&-Batteries_Power-Strips-&-Surge-Protectors/78016498,78016498,,,,,,,,,$25.99,Ships FREE in 1-3 business days,$0.78,,,,,,,,,
https://p1-ofp.static.pub/medias/bWFzdGVyfHJvb3R8NzA1MXxpbWFnZS9qcGVnfGgzZS9oMmEvMTE2MDgzMTQ5MDQ2MDYuanBnfGMwNWI1YmQ0NzhjNjIyNWI2YWZjYWFiYmRmOWZmYWY3OTVlNmI2MTY1Mzk5ZjI4ZTNmZWUzZmFiZTQzYjk0ZWY/E197809A-769B-47B6-9058-8DDFBCECA12A.jpg,https://p1-ofp.static.pub/medias/bWFzdGVyfHJvb3R8NzA1MXxpbWFnZS9qcGVnfGgzZS9oMmEvMTE2MDgzMTQ5MDQ2MDYuanBnfGMwNWI1YmQ0NzhjNjIyNWI2YWZjYWFiYmRmOWZmYWY3OTVlNmI2MTY1Mzk5ZjI4ZTNmZWUzZmFiZTQzYjk0ZWY/E197809A-769B-47B6-9058-8DDFBCECA12A.jpg,https://p1-ofp.static.pub/fes/cms/2020/12/25/76apjfkml79bg5qcf172tvt0bw0c8s348607.png,https://p2-ofp.static.pub/fes/cms/2021/07/06/2h8n4ofixc8g8i94vopfat048ld37m944694.svg,https://p3-ofp.static.pub/fes/cms/2021/07/06/efrjjv1rz2xiuvpm0emnwj6y2gmai3506628.svg,https://p2-ofp.static.pub/fes/cms/2021/07/06/wxdfgadg28utnas6ca5d28oot1lcxj806083.svg,Belkin 5W Wireless Charging Pad + AC Adapter,https://www.lenovo.com/us/en/p/accessories-and-software/chargers-and-batteries/chargers/78012520,78012520,,,,,,,,,$29.99,Ships FREE in 1-3 business days,$0.90,,,,,https://www.lenovo.com/us/en/p/accessories-and-software/chargers-and-batteries/chargers/78012520,[object Object],4.9,(43),
https://p1-ofp.static.pub/medias/bWFzdGVyfHJvb3R8MTAxNjR8aW1hZ2UvanBlZ3xoYTQvaDUyLzExNjAwODUyMTU2NDQ2LmpwZ3w2NGIwNThlYmFmZmY0MjM5ZjgwMmM4YjljYjkyNjQ3ODM5MTMwOTM2OTI3ZjAxODlmOWYxZWYwNDI5ZDcxYTIx/5E092E73-D0EC-4788-B60F-9412F2BA4305.jpg,https://p1-ofp.static.pub/medias/bWFzdGVyfHJvb3R8MTAxNjR8aW1hZ2UvanBlZ3xoYTQvaDUyLzExNjAwODUyMTU2NDQ2LmpwZ3w2NGIwNThlYmFmZmY0MjM5ZjgwMmM4YjljYjkyNjQ3ODM5MTMwOTM2OTI3ZjAxODlmOWYxZWYwNDI5ZDcxYTIx/5E092E73-D0EC-4788-B60F-9412F2BA4305.jpg,https://p1-ofp.static.pub/fes/cms/2020/12/25/76apjfkml79bg5qcf172tvt0bw0c8s348607.png,https://p2-ofp.static.pub/fes/cms/2021/07/06/2h8n4ofixc8g8i94vopfat048ld37m944694.svg,https://p3-ofp.static.pub/fes/cms/2021/07/06/efrjjv1rz2xiuvpm0emnwj6y2gmai3506628.svg,https://p2-ofp.static.pub/fes/cms/2021/07/06/wxdfgadg28utnas6ca5d28oot1lcxj806083.svg,3OUT SURGE PROTECTR USB SWIVEL PERP,https://www.lenovo.com/us/en/p/accessories-and-software/chargers-and-batteries/chargers/78015394,78015394,,,,,,$34.99,save $5.00,14% off,$29.99,Ships FREE in 1-3 business days,$0.90,,,,,,,,,
https://p1-ofp.static.pub/medias/bWFzdGVyfHJvb3R8MTAyNDR8aW1hZ2UvanBlZ3xoNjcvaGEyLzExNzI0ODA4NDIxNDA2LmpwZ3w2ZmI5NmU5ZjBkMDRjNzBiNWEyMGRiYjQ0Y2Q1NTc1MGMyMDNiMTYyZmQwZTVjOGY0OGU4MGM0YTc4NDk4Y2I3/C58E4C32-AA49-4793-A468-96552EF351E3.jpg,https://p1-ofp.static.pub/medias/bWFzdGVyfHJvb3R8MTAyNDR8aW1hZ2UvanBlZ3xoNjcvaGEyLzExNzI0ODA4NDIxNDA2LmpwZ3w2ZmI5NmU5ZjBkMDRjNzBiNWEyMGRiYjQ0Y2Q1NTc1MGMyMDNiMTYyZmQwZTVjOGY0OGU4MGM0YTc4NDk4Y2I3/C58E4C32-AA49-4793-A468-96552EF351E3.jpg,https://p1-ofp.static.pub/fes/cms/2020/12/25/76apjfkml79bg5qcf172tvt0bw0c8s348607.png,https://p2-ofp.static.pub/fes/cms/2021/07/06/2h8n4ofixc8g8i94vopfat048ld37m944694.svg,https://p3-ofp.static.pub/fes/cms/2021/07/06/efrjjv1rz2xiuvpm0emnwj6y2gmai3506628.svg,https://p2-ofp.static.pub/fes/cms/2021/07/06/wxdfgadg28utnas6ca5d28oot1lcxj806083.svg,Belkin 18W QC 3.0 Car Charger with USB-A to USB-C™ Cable,https://www.lenovo.com/us/en/p/accessories-and-software/chargers-and-batteries/chargers/78015200,78015200,Key Details,"Qualcomm Quick Charge 3.0 technology provides a faster, more optimal charge",4ft/1.2M USB-A to USB-C cable enables charging for a variety of devices,"$2,500 Belkin Connected Equipment Warranty","Qualcomm Quick Charge 3.0 technology provides a faster, more optimal charge",$29.99,save $3.00,10% off,$26.99,Ships FREE in 1-3 business days,$0.81,4ft/1.2M USB-A to USB-C cable enables charging for a variety of devices,"$2,500 Belkin Connected Equipment Warranty",,,,,,,
https://p1-ofp.static.pub/medias/bWFzdGVyfHJvb3R8OTEyMXxpbWFnZS9qcGVnfGgyMy9oM2EvMTE2MDExNjE3NDg1MTAuanBnfGUxNWY4MGI2ZDczN2YxOGJlZDJkNjI3MTQ5NDM3YzMxYWUxYjIwN2VkMDE2NmQyZDVhOTg0ZDlkMTFhMzA0MzY/17F2DD3D-BFCC-4E01-93F6-736126F56F47.jpg,https://p1-ofp.static.pub/medias/bWFzdGVyfHJvb3R8OTEyMXxpbWFnZS9qcGVnfGgyMy9oM2EvMTE2MDExNjE3NDg1MTAuanBnfGUxNWY4MGI2ZDczN2YxOGJlZDJkNjI3MTQ5NDM3YzMxYWUxYjIwN2VkMDE2NmQyZDVhOTg0ZDlkMTFhMzA0MzY/17F2DD3D-BFCC-4E01-93F6-736126F56F47.jpg,https://p1-ofp.static.pub/fes/cms/2020/12/25/76apjfkml79bg5qcf172tvt0bw0c8s348607.png,https://p2-ofp.static.pub/fes/cms/2021/07/06/2h8n4ofixc8g8i94vopfat048ld37m944694.svg,https://p3-ofp.static.pub/fes/cms/2021/07/06/efrjjv1rz2xiuvpm0emnwj6y2gmai3506628.svg,https://p2-ofp.static.pub/fes/cms/2021/07/06/wxdfgadg28utnas6ca5d28oot1lcxj806083.svg,Belkin 10W Dual Wireless Charging Pad with AC Adapter,https://www.lenovo.com/us/en/p/accessories-and-software/chargers-and-batteries/Chargers-&-Batteries_Phone-Accessories/78015407,78015407,,,,,,,,,$49.99,Ships FREE in 1-3 business days,$1,,,,,https://www.lenovo.com/us/en/p/accessories-and-software/chargers-and-batteries/Chargers-&-Batteries_Phone-Accessories/78015407,[object Object],4.4,(47),
https://p1-ofp.static.pub/medias/bWFzdGVyfHJvb3R8MzU0Mzd8aW1hZ2UvcG5nfGgzYS9oMTgvMTE4MDI5ODE0MDA2MDYucG5nfDg1MGJjZGIxNGI5OGY1NDZlZmJmMzg3NzcyMTNjMWJiNTY5ZjU0MGYyOTBjZjAxMGRmYzQ1MzI4MzJlMjIxMTA/78023105-200x150-01.png,https://p1-ofp.static.pub/medias/bWFzdGVyfHJvb3R8MTQ3OTYxfGltYWdlL3BuZ3xoOWQvaDgwLzExODAyOTgyNzQ0MDk0LnBuZ3w1MDQwZmI3NWExZDZlZDkzYzMxMGM1Y2FkNjE2NDU1MDBmYWU0OWNhODhkYmJhNDU4MWJiZThlYTQ0ZWJlOTUw/78023105-560x450-01.png,https://p1-ofp.static.pub/fes/cms/2020/12/25/76apjfkml79bg5qcf172tvt0bw0c8s348607.png,https://p2-ofp.static.pub/fes/cms/2021/07/06/2h8n4ofixc8g8i94vopfat048ld37m944694.svg,https://p3-ofp.static.pub/fes/cms/2021/07/06/efrjjv1rz2xiuvpm0emnwj6y2gmai3506628.svg,https://p2-ofp.static.pub/fes/cms/2021/07/06/wxdfgadg28utnas6ca5d28oot1lcxj806083.svg,Playa by Belkin UV Sterilizing 10W Wireless Charger - White,https://www.lenovo.com/us/en/p/accessories-and-software/chargers-and-batteries/chargers/78023105,78023105,Key Details,Safely and quickly clean your nonporous stuff while you grab a fast wireless charge for your phone,Your phone is basically a petri dish of unwanted bacteria. Our sanitizer easily eliminates up to 99.99% of it. Do we really need to say more?,"Just think of it as a 10-minute UV shower for your phone and other nonporous things. Plus, it has a 3-minute quick clean mode when you’re in a rush","Plop it on your desk, nightstand, or wherever. Our compact UV Sanitizer + Wireless Charger is the idea",,,,$79.99,Ships FREE in 1-3 business days,$2,Safely and quickly clean your nonporous stuff while you grab a fast wireless charge for your phone,Your phone is basically a petri dish of unwanted bacteria. Our sanitizer easily eliminates up to 99.99% of it. Do we really need to say more?,"Just think of it as a 10-minute UV shower for your phone and other nonporous things. Plus, it has a 3-minute quick clean mode when you’re in a rush","Plop it on your desk, nightstand, or wherever. Our compact UV Sanitizer + Wireless Charger is the idea",,,,,
https://p1-ofp.static.pub/medias/bWFzdGVyfHJvb3R8NjM2MXxpbWFnZS9qcGVnfGgyZC9oYjEvMTE2MDc5ODY2Njc1NTAuanBnfGZkNTNlYWQxMTkzZTIwNWNmZGU0NjIxMjU5YjBmNGFhMGFkMGIyOTYyZDIzNTJjOTZhNWMzYWJiOWM5MWI4Njc/5A5AEE1F-562E-4DB2-B746-2100133248BF.jpg,https://p1-ofp.static.pub/medias/bWFzdGVyfHJvb3R8NjM2MXxpbWFnZS9qcGVnfGgyZC9oYjEvMTE2MDc5ODY2Njc1NTAuanBnfGZkNTNlYWQxMTkzZTIwNWNmZGU0NjIxMjU5YjBmNGFhMGFkMGIyOTYyZDIzNTJjOTZhNWMzYWJiOWM5MWI4Njc/5A5AEE1F-562E-4DB2-B746-2100133248BF.jpg,https://p1-ofp.static.pub/fes/cms/2020/12/25/76apjfkml79bg5qcf172tvt0bw0c8s348607.png,https://p2-ofp.static.pub/fes/cms/2021/07/06/2h8n4ofixc8g8i94vopfat048ld37m944694.svg,https://p3-ofp.static.pub/fes/cms/2021/07/06/efrjjv1rz2xiuvpm0emnwj6y2gmai3506628.svg,https://p2-ofp.static.pub/fes/cms/2021/07/06/wxdfgadg28utnas6ca5d28oot1lcxj806083.svg,6OUT SURGE PROTECTOR 4FT CORD  PERP,https://www.lenovo.com/us/en/p/accessories-and-software/chargers-and-batteries/Chargers-&-Batteries_Power-Strips-&-Surge-Protectors/78000668,78000668,Key Details,720 Joule energy rating,6 surge-protected outlets,8' heavy-duty power cord,720 Joule energy rating,,,,$15.99,Ships FREE in 1-3 business days,$0.48,6 surge-protected outlets,8' heavy-duty power cord,Right-angle rotating plug,Advanced power filtration,,,,,Right-angle rotating plug
https://p1-ofp.static.pub/medias/bWFzdGVyfHJvb3R8MTY5Mzd8aW1hZ2UvanBlZ3xoNDIvaDJmLzExNjAyOTUwMDk0ODc4LmpwZ3w0NDM5NDZkZTUxYjA4M2M4YzI1OGRiM2U1MzM1ZTQzYzQxNTE0OTdhNzZhZTFhMmViZmMzZDIxNDI5N2Q0OGI3/3D14E4CA-8FC1-41CA-89A6-34204BBA82C8.jpg,https://p1-ofp.static.pub/medias/bWFzdGVyfHJvb3R8MTY5Mzd8aW1hZ2UvanBlZ3xoNDIvaDJmLzExNjAyOTUwMDk0ODc4LmpwZ3w0NDM5NDZkZTUxYjA4M2M4YzI1OGRiM2U1MzM1ZTQzYzQxNTE0OTdhNzZhZTFhMmViZmMzZDIxNDI5N2Q0OGI3/3D14E4CA-8FC1-41CA-89A6-34204BBA82C8.jpg,https://p1-ofp.static.pub/fes/cms/2020/12/25/76apjfkml79bg5qcf172tvt0bw0c8s348607.png,https://p2-ofp.static.pub/fes/cms/2021/07/06/2h8n4ofixc8g8i94vopfat048ld37m944694.svg,https://p3-ofp.static.pub/fes/cms/2021/07/06/efrjjv1rz2xiuvpm0emnwj6y2gmai3506628.svg,https://p2-ofp.static.pub/fes/cms/2021/07/06/wxdfgadg28utnas6ca5d28oot1lcxj806083.svg,SMARTSOCKETS PREMIUM SURGE     PERP,https://www.lenovo.com/us/en/p/accessories-and-software/chargers-and-batteries/Chargers-&-Batteries_Power-Strips-&-Surge-Protectors/78016536,78016536,,,,,,,,,$24.99,Ships FREE in 1-3 business days,$0.75,,,,,,,,,
https://p1-ofp.static.pub/medias/bWFzdGVyfHJvb3R8NjE0MnxpbWFnZS9qcGVnfGhmMC9oNjcvMTE3MjU0MTA0MzUxMDIuanBnfDg2YmZlNDljYjkyZGRmMGE1NmYxYmQyNTZmZjhjYzI0N2QyNzUzYmNlYzFkZGNhZTAwY2MyYjlkNGM1ODkzZGQ/C8C63EF4-7E04-427A-A749-9CD8CFAD413C.jpg,https://p1-ofp.static.pub/medias/bWFzdGVyfHJvb3R8NjE0MnxpbWFnZS9qcGVnfGhmMC9oNjcvMTE3MjU0MTA0MzUxMDIuanBnfDg2YmZlNDljYjkyZGRmMGE1NmYxYmQyNTZmZjhjYzI0N2QyNzUzYmNlYzFkZGNhZTAwY2MyYjlkNGM1ODkzZGQ/C8C63EF4-7E04-427A-A749-9CD8CFAD413C.jpg,https://p1-ofp.static.pub/fes/cms/2020/12/25/76apjfkml79bg5qcf172tvt0bw0c8s348607.png,https://p2-ofp.static.pub/fes/cms/2021/07/06/2h8n4ofixc8g8i94vopfat048ld37m944694.svg,https://p3-ofp.static.pub/fes/cms/2021/07/06/efrjjv1rz2xiuvpm0emnwj6y2gmai3506628.svg,https://p2-ofp.static.pub/fes/cms/2021/07/06/wxdfgadg28utnas6ca5d28oot1lcxj806083.svg,7OUT SURGE PROTECTOR 6FT CORD  PERP,https://www.lenovo.com/us/en/p/accessories-and-software/chargers-and-batteries/chargers/78000991,78000991,,,,,,,,,$24.99,Ships FREE in 1-3 business days,$0.75,,,,,,,,,
https://p1-ofp.static.pub/medias/bWFzdGVyfHJvb3R8Nzg5NnxpbWFnZS9qcGVnfGgyMS9oZjUvMTE2MDExNTg4NjQ5MjYuanBnfGZlNjU2Yjg2ZGI3MTU3ZGYwYmZiNWQzMDg1NWQzYzhjZGRiZDQ0MTg2NjdmYjVhYTA4ZjIwNTk3MjRiMTRlNTY/88FC1826-9BAF-43C1-BD8F-8AB3A2F20FF0.jpg,https://p1-ofp.static.pub/medias/bWFzdGVyfHJvb3R8Nzg5NnxpbWFnZS9qcGVnfGgyMS9oZjUvMTE2MDExNTg4NjQ5MjYuanBnfGZlNjU2Yjg2ZGI3MTU3ZGYwYmZiNWQzMDg1NWQzYzhjZGRiZDQ0MTg2NjdmYjVhYTA4ZjIwNTk3MjRiMTRlNTY/88FC1826-9BAF-43C1-BD8F-8AB3A2F20FF0.jpg,https://p1-ofp.static.pub/fes/cms/2020/12/25/76apjfkml79bg5qcf172tvt0bw0c8s348607.png,https://p2-ofp.static.pub/fes/cms/2021/07/06/2h8n4ofixc8g8i94vopfat048ld37m944694.svg,https://p3-ofp.static.pub/fes/cms/2021/07/06/efrjjv1rz2xiuvpm0emnwj6y2gmai3506628.svg,https://p2-ofp.static.pub/fes/cms/2021/07/06/wxdfgadg28utnas6ca5d28oot1lcxj806083.svg,Belkin 24W Dual Wall Charger with USBC to USBA Cable,https://www.lenovo.com/us/en/p/accessories-and-software/chargers-and-batteries/chargers/78015406,78015406,,,,,,,,,$29.99,Ships FREE in 1-3 business days,$0.90,,,,,,,,,
https://p1-ofp.static.pub/medias/bWFzdGVyfHJvb3R8MTY5MjR8aW1hZ2UvanBlZ3xoMTcvaGUwLzExNjAyOTUyMjU3NTY2LmpwZ3w4MWY1YTJlZWNlNzg3MTA1ZjFlNGU4NDBiODc2M2ZiZjJmYzE2NjI4MjY3ZTM5OTBmZDkyN2ZiNDI1NGEyN2Ji/E3D04678-8362-41C1-B6AC-6B72EF161280.jpg,https://p1-ofp.static.pub/medias/bWFzdGVyfHJvb3R8MTY5MjR8aW1hZ2UvanBlZ3xoMTcvaGUwLzExNjAyOTUyMjU3NTY2LmpwZ3w4MWY1YTJlZWNlNzg3MTA1ZjFlNGU4NDBiODc2M2ZiZjJmYzE2NjI4MjY3ZTM5OTBmZDkyN2ZiNDI1NGEyN2Ji/E3D04678-8362-41C1-B6AC-6B72EF161280.jpg,https://p1-ofp.static.pub/fes/cms/2020/12/25/76apjfkml79bg5qcf172tvt0bw0c8s348607.png,https://p2-ofp.static.pub/fes/cms/2021/07/06/2h8n4ofixc8g8i94vopfat048ld37m944694.svg,https://p3-ofp.static.pub/fes/cms/2021/07/06/efrjjv1rz2xiuvpm0emnwj6y2gmai3506628.svg,https://p2-ofp.static.pub/fes/cms/2021/07/06/wxdfgadg28utnas6ca5d28oot1lcxj806083.svg,SMARTSOCKETS STANDARD SURGE    PERP,https://www.lenovo.com/us/en/p/accessories-and-software/chargers-and-batteries/Chargers-&-Batteries_Power-Strips-&-Surge-Protectors/78016538,78016538,,,,,,,,,$28.95,Ships FREE in 1-3 business days,$0.86,,,,,,,,,
https://p1-ofp.static.pub/medias/bWFzdGVyfHJvb3R8MTA3MjF8aW1hZ2UvanBlZ3xoYWIvaDQ4LzExNjAxNDYwODU0ODE0LmpwZ3wzODliYmI2MTRmN2MxNmEwY2VkNGExNzVjNDI1OTU3Njg1OGQwNjRmNDE5NDQ3OWVjNjNjMDQ5YjQ1MGVhNDk3/BB62600E-E3B9-4F2F-AE22-B22341E8055F.jpg,https://p1-ofp.static.pub/medias/bWFzdGVyfHJvb3R8MTA3MjF8aW1hZ2UvanBlZ3xoYWIvaDQ4LzExNjAxNDYwODU0ODE0LmpwZ3wzODliYmI2MTRmN2MxNmEwY2VkNGExNzVjNDI1OTU3Njg1OGQwNjRmNDE5NDQ3OWVjNjNjMDQ5YjQ1MGVhNDk3/BB62600E-E3B9-4F2F-AE22-B22341E8055F.jpg,https://p1-ofp.static.pub/fes/cms/2020/12/25/76apjfkml79bg5qcf172tvt0bw0c8s348607.png,https://p2-ofp.static.pub/fes/cms/2021/07/06/2h8n4ofixc8g8i94vopfat048ld37m944694.svg,https://p3-ofp.static.pub/fes/cms/2021/07/06/efrjjv1rz2xiuvpm0emnwj6y2gmai3506628.svg,https://p2-ofp.static.pub/fes/cms/2021/07/06/wxdfgadg28utnas6ca5d28oot1lcxj806083.svg,C2G QI WL CHARGER              SYST,https://www.lenovo.com/us/en/p/accessories-and-software/chargers-and-batteries/chargers/78011675,78011675,,,,,,$52.99,save $21.20,40% off,$31.79,Ships FREE in 1-3 business days,$0.95,,,,,,,,,
https://p1-ofp.static.pub/medias/bWFzdGVyfHJvb3R8MTMxNTF8aW1hZ2UvanBlZ3xoZTQvaDQxLzExNzI0MzU3OTkyNDc4LmpwZ3xiZGE0ZjkzZmYwZDQ3ZDllMjZhYWFjZTNmYjA4ZTBlZGY4ZmY5YjM2MTRiMTMxZTMxNzU3OGVlNGVjYmI0N2Yz/6594EF97-058E-45F4-9BC0-162056C437E7.jpg,https://p1-ofp.static.pub/medias/bWFzdGVyfHJvb3R8MTMxNTF8aW1hZ2UvanBlZ3xoZTQvaDQxLzExNzI0MzU3OTkyNDc4LmpwZ3xiZGE0ZjkzZmYwZDQ3ZDllMjZhYWFjZTNmYjA4ZTBlZGY4ZmY5YjM2MTRiMTMxZTMxNzU3OGVlNGVjYmI0N2Yz/6594EF97-058E-45F4-9BC0-162056C437E7.jpg,https://p1-ofp.static.pub/fes/cms/2020/12/25/76apjfkml79bg5qcf172tvt0bw0c8s348607.png,https://p2-ofp.static.pub/fes/cms/2021/07/06/2h8n4ofixc8g8i94vopfat048ld37m944694.svg,https://p3-ofp.static.pub/fes/cms/2021/07/06/efrjjv1rz2xiuvpm0emnwj6y2gmai3506628.svg,https://p2-ofp.static.pub/fes/cms/2021/07/06/wxdfgadg28utnas6ca5d28oot1lcxj806083.svg,10OUT METAL SURGE 15FT CORD    PERP,https://www.lenovo.com/us/en/p/accessories-and-software/chargers-and-batteries/Chargers-&-Batteries_Power-Strips-&-Surge-Protectors/78015185,78015185,,,,,,$39.99,save $5.00,12% off,$34.99,Ships FREE in 1-3 business days,$1,,,,,,,,,
https://p1-ofp.static.pub/medias/bWFzdGVyfHJvb3R8MTU5Mjl8aW1hZ2UvanBlZ3xoYTYvaDc3LzExNjAyOTUzMjQwNjA2LmpwZ3xjMTRjYTUxYjY5Y2RjYTM2ZTRjZmVjYzMzN2M3YzY0ZWI0ODAxMDIzODhlMTQzNzNmNWQyZjJiZmVkMmRhNzAz/2C57D270-1CE3-41B8-9BD3-8B5B9FA26283.jpg,https://p1-ofp.static.pub/medias/bWFzdGVyfHJvb3R8MTU5Mjl8aW1hZ2UvanBlZ3xoYTYvaDc3LzExNjAyOTUzMjQwNjA2LmpwZ3xjMTRjYTUxYjY5Y2RjYTM2ZTRjZmVjYzMzN2M3YzY0ZWI0ODAxMDIzODhlMTQzNzNmNWQyZjJiZmVkMmRhNzAz/2C57D270-1CE3-41B8-9BD3-8B5B9FA26283.jpg,https://p1-ofp.static.pub/fes/cms/2020/12/25/76apjfkml79bg5qcf172tvt0bw0c8s348607.png,https://p2-ofp.static.pub/fes/cms/2021/07/06/2h8n4ofixc8g8i94vopfat048ld37m944694.svg,https://p3-ofp.static.pub/fes/cms/2021/07/06/efrjjv1rz2xiuvpm0emnwj6y2gmai3506628.svg,https://p2-ofp.static.pub/fes/cms/2021/07/06/wxdfgadg28utnas6ca5d28oot1lcxj806083.svg,SMARTSOCKETS STANDARD ADAPTER  PERP,https://www.lenovo.com/us/en/p/accessories-and-software/chargers-and-batteries/Chargers-&-Batteries_Power-Strips-&-Surge-Protectors/78016554,78016554,,,,,,,,,$39.99,Ships FREE in 1-3 business days,$1,,,,,,,,,
https://p1-ofp.static.pub/medias/bWFzdGVyfHJvb3R8NDg5OHxpbWFnZS9qcGVnfGhlYy9oYjAvMTE3MjQyODkxNzk2NzguanBnfDZkMDQ3NDRjMDBiMzBjODlkZDQ2YzhiOTVkY2JjMzUzMmI2ZTQzN2MxNzc2NzI1YTQzZGQ1YzViNDQ0ZmQ5Zjc/EDA56A98-9DC6-4718-B0F4-07845B92FD6F.jpg,https://p1-ofp.static.pub/medias/bWFzdGVyfHJvb3R8NDg5OHxpbWFnZS9qcGVnfGhlYy9oYjAvMTE3MjQyODkxNzk2NzguanBnfDZkMDQ3NDRjMDBiMzBjODlkZDQ2YzhiOTVkY2JjMzUzMmI2ZTQzN2MxNzc2NzI1YTQzZGQ1YzViNDQ0ZmQ5Zjc/EDA56A98-9DC6-4718-B0F4-07845B92FD6F.jpg,https://p1-ofp.static.pub/fes/cms/2020/12/25/76apjfkml79bg5qcf172tvt0bw0c8s348607.png,https://p2-ofp.static.pub/fes/cms/2021/07/06/2h8n4ofixc8g8i94vopfat048ld37m944694.svg,https://p3-ofp.static.pub/fes/cms/2021/07/06/efrjjv1rz2xiuvpm0emnwj6y2gmai3506628.svg,https://p2-ofp.static.pub/fes/cms/2021/07/06/wxdfgadg28utnas6ca5d28oot1lcxj806083.svg,6OUT METAL SURGE 6FT CORD      PERP,https://www.lenovo.com/us/en/p/accessories-and-software/chargers-and-batteries/Chargers-&-Batteries_Power-Strips-&-Surge-Protectors/78015940,78015940,,,,,,,,,$39.99,Ships FREE in 1-3 business days,$1,,,,,,,,,
https://p1-ofp.static.pub/medias/bWFzdGVyfHJvb3R8MTgxOTJ8aW1hZ2UvanBlZ3xoNzcvaGE0LzExNzI0MTExMjgyMjA2LmpwZ3w5ZWMwMzYwZmJiN2MwZGY4Y2I0NzcyMTc3Yjg2YzM4YjdhNjMzMjY5NzU3MmQ1NGJkYWI1Yzk4NGU5ODVhODNh/B6380B7B-7ED8-4E34-B157-11D32E55EE2E.jpg,https://p1-ofp.static.pub/medias/bWFzdGVyfHJvb3R8MTgxOTJ8aW1hZ2UvanBlZ3xoNzcvaGE0LzExNzI0MTExMjgyMjA2LmpwZ3w5ZWMwMzYwZmJiN2MwZGY4Y2I0NzcyMTc3Yjg2YzM4YjdhNjMzMjY5NzU3MmQ1NGJkYWI1Yzk4NGU5ODVhODNh/B6380B7B-7ED8-4E34-B157-11D32E55EE2E.jpg,https://p1-ofp.static.pub/fes/cms/2020/12/25/76apjfkml79bg5qcf172tvt0bw0c8s348607.png,https://p2-ofp.static.pub/fes/cms/2021/07/06/2h8n4ofixc8g8i94vopfat048ld37m944694.svg,https://p3-ofp.static.pub/fes/cms/2021/07/06/efrjjv1rz2xiuvpm0emnwj6y2gmai3506628.svg,https://p2-ofp.static.pub/fes/cms/2021/07/06/wxdfgadg28utnas6ca5d28oot1lcxj806083.svg,PROTECT AND POWER BLACK XBOX   PWR,https://www.lenovo.com/us/en/p/accessories-and-software/chargers-and-batteries/power-banks/78015939,78015939,,,,,,,,,$44.99,Ships FREE in 1-3 business days,$1,,,,,,,,,
https://p1-ofp.static.pub/medias/bWFzdGVyfHJvb3R8MjUwODN8aW1hZ2UvanBlZ3xoNzEvaGFlLzExNjA4NjIxMTU0MzM0LmpwZ3w2OWI1YzcwYzViNWY1YzQ2MzBlOGFjYWNmODk3NzA5ZGEyOTRjYTdmZTllOWJhY2MxMzZlZmNhODVjYjJkNTQ0/B14915E6-4570-471E-8519-708BF0BAA722.jpg,https://p1-ofp.static.pub/medias/bWFzdGVyfHJvb3R8MjUwODN8aW1hZ2UvanBlZ3xoNzEvaGFlLzExNjA4NjIxMTU0MzM0LmpwZ3w2OWI1YzcwYzViNWY1YzQ2MzBlOGFjYWNmODk3NzA5ZGEyOTRjYTdmZTllOWJhY2MxMzZlZmNhODVjYjJkNTQ0/B14915E6-4570-471E-8519-708BF0BAA722.jpg,https://p1-ofp.static.pub/fes/cms/2020/12/25/76apjfkml79bg5qcf172tvt0bw0c8s348607.png,https://p2-ofp.static.pub/fes/cms/2021/07/06/2h8n4ofixc8g8i94vopfat048ld37m944694.svg,https://p3-ofp.static.pub/fes/cms/2021/07/06/efrjjv1rz2xiuvpm0emnwj6y2gmai3506628.svg,https://p2-ofp.static.pub/fes/cms/2021/07/06/wxdfgadg28utnas6ca5d28oot1lcxj806083.svg,LOCKING DOOR FOR UNIVERSAL AC  PWR,https://www.lenovo.com/us/en/p/accessories-and-software/chargers-and-batteries/chargers/78016670,78016670,,,,,,,,,$49.99,Ships FREE in 1-3 business days,$1,,,,,,,,,
https://p1-ofp.static.pub/medias/bWFzdGVyfHJvb3R8MTM0NTB8aW1hZ2UvanBlZ3xoYTgvaGRlLzExNjAyMTAwNTE4OTQyLmpwZ3xmYWM3Njg1MDk2NDBiNGQwZmM0NTQ3Y2JmNjllYTA1MmYyZDNhMmY5YTA3ODc3N2FlYTA4OTIxMGYwNmUxZGEw/55EA13F6-21A5-4AFB-A905-181AE5173B5C.jpg,https://p1-ofp.static.pub/medias/bWFzdGVyfHJvb3R8MTM0NTB8aW1hZ2UvanBlZ3xoYTgvaGRlLzExNjAyMTAwNTE4OTQyLmpwZ3xmYWM3Njg1MDk2NDBiNGQwZmM0NTQ3Y2JmNjllYTA1MmYyZDNhMmY5YTA3ODc3N2FlYTA4OTIxMGYwNmUxZGEw/55EA13F6-21A5-4AFB-A905-181AE5173B5C.jpg,https://p1-ofp.static.pub/fes/cms/2020/12/25/76apjfkml79bg5qcf172tvt0bw0c8s348607.png,https://p2-ofp.static.pub/fes/cms/2021/07/06/2h8n4ofixc8g8i94vopfat048ld37m944694.svg,https://p3-ofp.static.pub/fes/cms/2021/07/06/efrjjv1rz2xiuvpm0emnwj6y2gmai3506628.svg,https://p2-ofp.static.pub/fes/cms/2021/07/06/wxdfgadg28utnas6ca5d28oot1lcxj806083.svg,SMARTSOCKETS PREMIUM ADAPTER   PERP,https://www.lenovo.com/us/en/p/accessories-and-software/chargers-and-batteries/Chargers-&-Batteries_Power-Strips-&-Surge-Protectors/78016555,78016555,,,,,,,,,$49.99,Ships FREE in 1-3 business days,$1,,,,,,,,,
https://p1-ofp.static.pub/medias/bWFzdGVyfHJvb3R8Njk1M3xpbWFnZS9qcGVnfGgwOC9oODIvMTE3MjQwNjk5OTQ1MjYuanBnfDA1NTE1MzNkMmJlYWJkZmU0YTkxYWNlNDA2NWRmMjFlMTRkYzMyYjdjNDc5NWRkYTg4MmNmMGJkNWNmZWQxZTc/ABD35B35-40D3-4373-AEDE-ED0278E78715.jpg,https://p1-ofp.static.pub/medias/bWFzdGVyfHJvb3R8Njk1M3xpbWFnZS9qcGVnfGgwOC9oODIvMTE3MjQwNjk5OTQ1MjYuanBnfDA1NTE1MzNkMmJlYWJkZmU0YTkxYWNlNDA2NWRmMjFlMTRkYzMyYjdjNDc5NWRkYTg4MmNmMGJkNWNmZWQxZTc/ABD35B35-40D3-4373-AEDE-ED0278E78715.jpg,https://p1-ofp.static.pub/fes/cms/2020/12/25/76apjfkml79bg5qcf172tvt0bw0c8s348607.png,https://p2-ofp.static.pub/fes/cms/2021/07/06/2h8n4ofixc8g8i94vopfat048ld37m944694.svg,https://p3-ofp.static.pub/fes/cms/2021/07/06/efrjjv1rz2xiuvpm0emnwj6y2gmai3506628.svg,https://p2-ofp.static.pub/fes/cms/2021/07/06/wxdfgadg28utnas6ca5d28oot1lcxj806083.svg,8 OUT SURGE PROTECTOR 6FT CORD PERP,https://www.lenovo.com/us/en/p/accessories-and-software/chargers-and-batteries/Chargers-&-Batteries_Power-Strips-&-Surge-Protectors/78015936,78015936,,,,,,,,,$49.99,Ships FREE in 1-3 business days,$1,,,,,,,,,
https://p1-ofp.static.pub/medias/bWFzdGVyfHJvb3R8MTI1MzR8aW1hZ2UvanBlZ3xoMjUvaGU5LzExNjAxNzE5MDAxMTE4LmpwZ3wxNWNkMWZhNDA3NWM4MWNmYjMxMGFjODM0NDJmMTliZmNjMTY4NmExYjlhMWExNTQyMWRhNTcwMzc0MmQ4ZjZj/1B8C8CC4-D5D8-41CB-98F0-C9B3CD39B149.jpg,https://p1-ofp.static.pub/medias/bWFzdGVyfHJvb3R8MTI1MzR8aW1hZ2UvanBlZ3xoMjUvaGU5LzExNjAxNzE5MDAxMTE4LmpwZ3wxNWNkMWZhNDA3NWM4MWNmYjMxMGFjODM0NDJmMTliZmNjMTY4NmExYjlhMWExNTQyMWRhNTcwMzc0MmQ4ZjZj/1B8C8CC4-D5D8-41CB-98F0-C9B3CD39B149.jpg,https://p1-ofp.static.pub/fes/cms/2020/12/25/76apjfkml79bg5qcf172tvt0bw0c8s348607.png,https://p2-ofp.static.pub/fes/cms/2021/07/06/2h8n4ofixc8g8i94vopfat048ld37m944694.svg,https://p3-ofp.static.pub/fes/cms/2021/07/06/efrjjv1rz2xiuvpm0emnwj6y2gmai3506628.svg,https://p2-ofp.static.pub/fes/cms/2021/07/06/wxdfgadg28utnas6ca5d28oot1lcxj806083.svg,SMARTSOCKETS TABLE TOP SURGE   PERP,https://www.lenovo.com/us/en/p/accessories-and-software/chargers-and-batteries/Chargers-&-Batteries_Power-Strips-&-Surge-Protectors/78016553,78016553,,,,,,,,,$54.99,Ships FREE in 1-3 business days,$1,,,,,,,,,
https://p1-ofp.static.pub/medias/bWFzdGVyfHJvb3R8NTQ4NHxpbWFnZS9qcGVnfGg2ZS9oMDcvMTE2MDA0NDQ2MjA4MzAuanBnfGVmMzNkMDNlYWZlZjY5ZGQyYzUwMTY5ZTdjNzUxZDM5NGUwZTczNzhkMDJmZGM4NDZhNjJhNTI4NjIwYzlkYTk/CC443DD8-B246-4EDE-B672-E2BBF9ED1473.jpg,https://p1-ofp.static.pub/medias/bWFzdGVyfHJvb3R8NTQ4NHxpbWFnZS9qcGVnfGg2ZS9oMDcvMTE2MDA0NDQ2MjA4MzAuanBnfGVmMzNkMDNlYWZlZjY5ZGQyYzUwMTY5ZTdjNzUxZDM5NGUwZTczNzhkMDJmZGM4NDZhNjJhNTI4NjIwYzlkYTk/CC443DD8-B246-4EDE-B672-E2BBF9ED1473.jpg,https://p1-ofp.static.pub/fes/cms/2020/12/25/76apjfkml79bg5qcf172tvt0bw0c8s348607.png,https://p2-ofp.static.pub/fes/cms/2021/07/06/2h8n4ofixc8g8i94vopfat048ld37m944694.svg,https://p3-ofp.static.pub/fes/cms/2021/07/06/efrjjv1rz2xiuvpm0emnwj6y2gmai3506628.svg,https://p2-ofp.static.pub/fes/cms/2021/07/06/wxdfgadg28utnas6ca5d28oot1lcxj806083.svg,Belkin 68W GaN Dual USB-C Wall Charger,https://www.lenovo.com/us/en/p/accessories-and-software/chargers-and-batteries/chargers/78015401,78015401,,,,,,,,,$54.99,Ships FREE in 1-3 business days,$1,,,,,,,,,
https://p1-ofp.static.pub/ShareResource/560x450/SSNP/4X20E53336/4X20E53336-560x450-01.fb01982863b06859.png,,,,,,ThinkCentre Tiny 65W AC Adapter Slim Tip,https://www.lenovo.com/us/en/p/accessories-and-software/chargers-and-batteries/chargers/4X20E53336,4X20E53336,Key Details,Compatible with ThinkCentre Tiny,Slim with 1 metre power cable,1 year warranty,Compatible with ThinkCentre Tiny,,,,$59.99,Ships in 4+ months,$1,Slim with 1 metre power cable,1 year warranty,,,https://www.lenovo.com/us/en/p/accessories-and-software/chargers-and-batteries/chargers/4X20E53336,[object Object],2.4,(5),
https://p1-ofp.static.pub/medias/bWFzdGVyfHJvb3R8ODMyNXxpbWFnZS9qcGVnfGg1OC9oYjkvMTE3MjQwNzM5OTIyMjIuanBnfDljNjNhZDU4YjhlNmExMTc2Mjc1NTNmNzc3Y2EzNDA4NjVjYjA3ZGEwMzAzY2Q4ODQyYTI4MGFkMGUwZGJkMGI/76FCFBD1-F938-44E7-95A4-66AC42B3C1F1.jpg,https://p1-ofp.static.pub/medias/bWFzdGVyfHJvb3R8ODMyNXxpbWFnZS9qcGVnfGg1OC9oYjkvMTE3MjQwNzM5OTIyMjIuanBnfDljNjNhZDU4YjhlNmExMTc2Mjc1NTNmNzc3Y2EzNDA4NjVjYjA3ZGEwMzAzY2Q4ODQyYTI4MGFkMGUwZGJkMGI/76FCFBD1-F938-44E7-95A4-66AC42B3C1F1.jpg,https://p1-ofp.static.pub/fes/cms/2020/12/25/76apjfkml79bg5qcf172tvt0bw0c8s348607.png,https://p2-ofp.static.pub/fes/cms/2021/07/06/2h8n4ofixc8g8i94vopfat048ld37m944694.svg,https://p3-ofp.static.pub/fes/cms/2021/07/06/efrjjv1rz2xiuvpm0emnwj6y2gmai3506628.svg,https://p2-ofp.static.pub/fes/cms/2021/07/06/wxdfgadg28utnas6ca5d28oot1lcxj806083.svg,12OUT SURGE PROTECTOR 8FT CORD PERP,https://www.lenovo.com/us/en/p/accessories-and-software/chargers-and-batteries/Chargers-&-Batteries_Power-Strips-&-Surge-Protectors/78015937,78015937,,,,,,,,,$64.99,Ships FREE in 1-3 business days,$1,,,,,,,,,
https://p2-ofp.static.pub/ShareResource/560x450/SSNP/4X20V24707/4X20V24707-560x450-01.501494b9894e3f23.png,https://p1-ofp.static.pub/ShareResource/560x450/SSNP/4X20V24707/4X20V24707-560x450-02.7ca486961d85c4ed.png,https://p1-ofp.static.pub/fes/cms/2020/12/25/76apjfkml79bg5qcf172tvt0bw0c8s348607.png,https://p2-ofp.static.pub/fes/cms/2021/07/06/2h8n4ofixc8g8i94vopfat048ld37m944694.svg,https://p3-ofp.static.pub/fes/cms/2021/07/06/efrjjv1rz2xiuvpm0emnwj6y2gmai3506628.svg,https://p2-ofp.static.pub/fes/cms/2021/07/06/wxdfgadg28utnas6ca5d28oot1lcxj806083.svg,ThinkCentre 90W AC Adapter II (slim tip)-US/Can/Mexico/Philippines/Guam,https://www.lenovo.com/us/en/p/accessories-and-software/chargers-and-batteries/chargers/4X20V24707,4X20V24707,Key Details,Input 3pin (IEC 320 C6 type) model,Dimensions:129*53*30mm,Energy-star requirement based on EPA appliance,Input 3pin (IEC 320 C6 type) model,,,,$74.99,Ships in 4+ months,$2,Dimensions:129*53*30mm,Energy-star requirement based on EPA appliance,"Constant maximum output power voltage 90W, with power harmonics requirement",,,,,,"Constant maximum output power voltage 90W, with power harmonics requirement"
https://p1-ofp.static.pub/medias/bWFzdGVyfHJvb3R8MTM1NTI1fGltYWdlL3BuZ3xoYTcvaDRiLzExMjU4MzM0ODA2MDQ2LnBuZ3w2NTE0YWRhZTRkODc3MGU1ZGY0YWYzYjc5OWI0ZWFiN2FmMTY4YTBiM2QwZmZkYjdlZTRiYzFhODQzMTc1MzU2/4X21A98952_main_v1.png,,,,,,ThinkStation 625W Power Supply Unit,https://www.lenovo.com/us/en/p/accessories-and-software/chargers-and-batteries/chargers/4X21A98952,4X21A98952,Key Details,Power supply:625W,Rated line frequency:50/60 Hz,Rated input current:8A,Power supply:625W,,,,$129.99,Ships FREE in 4-7 business days,$3,Rated line frequency:50/60 Hz,Rated input current:8A,"Industrial Protection:(OVP) Over Voltage Protection, (SCP) Short Circuit Protection, (OTP) Over Temperature Protection and (OCP) Over Current Protection",Smart control PSU，MCU embeded,,,,,"Industrial Protection:(OVP) Over Voltage Protection, (SCP) Short Circuit Protection, (OTP) Over Temperature Protection and (OCP) Over Current Protection"
https://p4-ofp.static.pub/ShareResource/560x450/SSNP/4X21A98950/4X21A98950-01-500x400.70c15b2ae6300fbd.png,,,,,,ThinkStation 1000W Power Supply Unit,https://www.lenovo.com/us/en/p/accessories-and-software/chargers-and-batteries/chargers/4X21A98950,4X21A98950,Key Details,Power supply: 1000W,Rated line frequency: 50/60 Hz,Rated input current: 12A-6A,Power supply: 1000W,,,,$289.99,Ships in 4+ months,$8,Rated line frequency: 50/60 Hz,Rated input current: 12A-6A,"Industrial Protection: (OVP) Over Voltage Protection, (SCP) Short Circuit Protection, (OTP) Over Temperature Protection and (OCP) Over Current",Protection,,,,,"Industrial Protection: (OVP) Over Voltage Protection, (SCP) Short Circuit Protection, (OTP) Over Temperature Protection and (OCP) Over Current"