web-scraper-order,web-scraper-start-url,name
"1629135236-27280","https://www.ecstuning.com/b-akebono-parts/14","Front Euro Ceramic Brake Pad Set"
"1629135244-27311","https://www.ecstuning.com/b-akebono-parts/13","Rear Euro Ceramic Brake Pad Set"
"1629135183-27157","https://www.ecstuning.com/b-akebono-parts/20","Ceramic Rear Brake Pad Set"
"1629135333-27614","https://www.ecstuning.com/b-akebono-parts/4","Akebono Front Euro Ceramic Brake Pad Set -- F25 F26"
"1629135310-27521","https://www.ecstuning.com/b-akebono-parts/7","Front Euro Ceramic Brake Pad Set"
"1629135198-27201","https://www.ecstuning.com/b-akebono-parts/18","Front Euro Ceramic Brake Pad Set"
"1629135310-27520","https://www.ecstuning.com/b-akebono-parts/7","Front & Rear Euro Ceramic Brake Pad Kit"
"1629135216-27247","https://www.ecstuning.com/b-akebono-parts/16","Front Euro Ceramic Brake Pad Set"
"1629135257-27337","https://www.ecstuning.com/b-akebono-parts/12","Rear Euro Ceramic Brake Pad Set"
"1629135310-27525","https://www.ecstuning.com/b-akebono-parts/7","Rear Ceramic Brake Pad Set"
"1629135198-27203","https://www.ecstuning.com/b-akebono-parts/18","Front & Rear Brake Pad Kit"
"1629135257-27335","https://www.ecstuning.com/b-akebono-parts/12","Akebono Rear Euro Ceramic Brake Pad Set -- E39"
"1629135276-27397","https://www.ecstuning.com/b-akebono-parts/10","Akebono Front Euro Ceramic Brake Pad Set -- E39"
"1629135323-27563","https://www.ecstuning.com/b-akebono-parts/5","Front & Rear Euro Ceramic Brake Pad Kit"
"1629135348-27670","https://www.ecstuning.com/b-akebono-parts/2","Front Euro Ceramic Brake Pad Set"
"1629135284-27425","https://www.ecstuning.com/b-akebono-parts/9","Premium Front Ceramic Brake Pad Set"
"1629135208-27221","https://www.ecstuning.com/b-akebono-parts/17","Rear Euro Ceramic Brake Pad Set"
"1629135317-27539","https://www.ecstuning.com/b-akebono-parts/6","Akebono Front Euro Ceramic Brake Pad Set -- E36 E46 z3"
"1629135323-27560","https://www.ecstuning.com/b-akebono-parts/5","Rear Euro Ceramic Brake Pad Set"
"1629135208-27223","https://www.ecstuning.com/b-akebono-parts/17","Front Euro Ceramic Brake Pad Set"
"1629135216-27243","https://www.ecstuning.com/b-akebono-parts/16","Front Pro-Act Ceramic Brake Pad Set"
"1629135244-27319","https://www.ecstuning.com/b-akebono-parts/13","Rear Euro Ceramic Brake Pad Set"
"1629135198-27205","https://www.ecstuning.com/b-akebono-parts/18","Rear Euro Ceramic Brake Pad Set"
"1629135317-27542","https://www.ecstuning.com/b-akebono-parts/6","Front Euro Ceramic Brake Pad Set"
"1629135323-27566","https://www.ecstuning.com/b-akebono-parts/5","Front Euro Ceramic Brake Pad Set"
"1629135227-27266","https://www.ecstuning.com/b-akebono-parts/15","Pro-Act Ceramic Brake Pad Set"
"1629135257-27338","https://www.ecstuning.com/b-akebono-parts/12","Euro Ceramic Brake Pad Set"
"1629135310-27527","https://www.ecstuning.com/b-akebono-parts/7","Front Euro Ceramic Brake Pad Set"
"1629135348-27672","https://www.ecstuning.com/b-akebono-parts/2","Rear Euro Ceramic Brake Pad Set (EUR1547A)"
"1629135244-27318","https://www.ecstuning.com/b-akebono-parts/13","Front Euro Ceramic Brake Pad Set"
"1629135292-27449","https://www.ecstuning.com/b-akebono-parts/8","Akebono Front Euro Ceramic Brake Pad Set -- E38 750iL"
"1629135333-27615","https://www.ecstuning.com/b-akebono-parts/4","Rear Euro Ceramic Brake Pad Set"
"1629135292-27455","https://www.ecstuning.com/b-akebono-parts/8","Front & Rear Euro Ceramic Brake Pad Kit"
"1629135183-27153","https://www.ecstuning.com/b-akebono-parts/20","Front Euro Ceramic Brake Pad Set"
"1629135348-27676","https://www.ecstuning.com/b-akebono-parts/2","Front Euro Ceramic Brake Pad Set eur1204 EUR1204A"
"1629135183-27150","https://www.ecstuning.com/b-akebono-parts/20","Ceramic Front Brake Pad Set"
"1629135341-27646","https://www.ecstuning.com/b-akebono-parts/3","Front Brake Pad Set"
"1629135191-27172","https://www.ecstuning.com/b-akebono-parts/19","Front Euro Ceramic Brake Pad Set"
"1629135227-27267","https://www.ecstuning.com/b-akebono-parts/15","Front Euro Ceramic Brake Pad Set"
"1629135244-27313","https://www.ecstuning.com/b-akebono-parts/13","Rear Euro Ceramic Brake Pad Set"
"1629135183-27158","https://www.ecstuning.com/b-akebono-parts/20","Front Euro Ceramic Brake Pad Set"
"1629135276-27389","https://www.ecstuning.com/b-akebono-parts/10","Rear Euro Ceramic Brake Pad Set"
"1629135310-27522","https://www.ecstuning.com/b-akebono-parts/7","Front Euro Ceramic Brake Pad Set"
"1629135341-27643","https://www.ecstuning.com/b-akebono-parts/3","Front & Rear Euro Ceramic Brake Pad Kit"
"1629135276-27392","https://www.ecstuning.com/b-akebono-parts/10","Rear Premium Ceramic Brake Pad Set"
"1629135236-27288","https://www.ecstuning.com/b-akebono-parts/14","Rear Euro Ceramic Brake Pad Set"
"1629135348-27674","https://www.ecstuning.com/b-akebono-parts/2","Front & Rear Euro Ceramic Brake Pad Kit"
"1629135333-27613","https://www.ecstuning.com/b-akebono-parts/4","Rear Euro Ceramic Brake Pad Set EUR1309 EUR1309A"
"1629135292-27450","https://www.ecstuning.com/b-akebono-parts/8","Front Euro Ceramic Brake Pad Set"
"1629135244-27314","https://www.ecstuning.com/b-akebono-parts/13","Rear Euro Ceramic Brake Pad Set"
"1629135323-27567","https://www.ecstuning.com/b-akebono-parts/5","Akebono Rear Euro Ceramic Brake Pad Set -- E9X E84"
"1629135353-27684","https://www.ecstuning.com/b-akebono-parts/1","Front & Rear Euro Ceramic Brake Pad Kit"
"1629135348-27677","https://www.ecstuning.com/b-akebono-parts/2","Rear Euro Ceramic Brake Pad Set"
"1629135191-27174","https://www.ecstuning.com/b-akebono-parts/19","Front Euro Ceramic Brake Pad Set EUR1801A"
"1629135183-27151","https://www.ecstuning.com/b-akebono-parts/20","Rear Euro Ceramic Brake Pad Set"
"1629135310-27518","https://www.ecstuning.com/b-akebono-parts/7","Rear Euro Ceramic Brake Pad Set EUR1762"
"1629135198-27206","https://www.ecstuning.com/b-akebono-parts/18","Brake Pad Set"
"1629135276-27388","https://www.ecstuning.com/b-akebono-parts/10","Premium Front Ceramic Brake Pad Set"
"1629135323-27562","https://www.ecstuning.com/b-akebono-parts/5","Front & Rear Brake Pad Kit"
"1629135236-27285","https://www.ecstuning.com/b-akebono-parts/14","Euro Ceramic Brake Pad Set"
"1629135216-27244","https://www.ecstuning.com/b-akebono-parts/16","Rear Euro Ceramic Brake Pad Set"
"1629135348-27675","https://www.ecstuning.com/b-akebono-parts/2","Front Euro Ceramic Brake Pad Set"
"1629135198-27200","https://www.ecstuning.com/b-akebono-parts/18","Front Euro Ceramic Brake Pad Set"
"1629135353-27687","https://www.ecstuning.com/b-akebono-parts/1","Rear Euro Ceramic Brake Pad Set"
"1629135236-27286","https://www.ecstuning.com/b-akebono-parts/14","Rear Euro Ceramic Brake Pad Set"
"1629135284-27427","https://www.ecstuning.com/b-akebono-parts/9","Euro Ceramic Front Brake Pad Set"
"1629135257-27339","https://www.ecstuning.com/b-akebono-parts/12","Rear Euro Ceramic Brake Pad Set"
"1629135353-27681","https://www.ecstuning.com/b-akebono-parts/1","Front Euro Ceramic Brake Pad Set"
"1629135323-27558","https://www.ecstuning.com/b-akebono-parts/5","Akebono Rear Euro Ceramic Brake Pad Set -- E9X E84 E87"
"1629135216-27241","https://www.ecstuning.com/b-akebono-parts/16","Euro Ceramic Rear Brake Pad Set"
"1629135198-27202","https://www.ecstuning.com/b-akebono-parts/18","Rear Euro Ceramic Brake Pad Set"
"1629135292-27456","https://www.ecstuning.com/b-akebono-parts/8","Front Euro Ceramic Brake Pad Set EUR939"
"1629135353-27680","https://www.ecstuning.com/b-akebono-parts/1","Front & Rear Brake Pad Set"
"1629135176-27135","https://www.ecstuning.com/b-akebono-parts/21","Rear Euro Ceramic Brake Pad Set"
"1629135310-27526","https://www.ecstuning.com/b-akebono-parts/7","Front Euro Ceramic Brake Pad Set EUR1308"
"1629135191-27171","https://www.ecstuning.com/b-akebono-parts/19","Rear Brake Pad Set"
"1629135176-27136","https://www.ecstuning.com/b-akebono-parts/21","Front Brake Pad Set"
"1629135265-27358","https://www.ecstuning.com/b-akebono-parts/11","Front Brake Pad Set"
"1629135317-27545","https://www.ecstuning.com/b-akebono-parts/6","Front Euro Ceramic Brake Pad Set - With Sensors"
"1629135216-27248","https://www.ecstuning.com/b-akebono-parts/16","Pro-ACT Brake Pad Set - Rear"
"1629135236-27289","https://www.ecstuning.com/b-akebono-parts/14","Front Brake Pad Set"
"1629135317-27538","https://www.ecstuning.com/b-akebono-parts/6","Front Euro Ceramic Brake Pad Set EUR1801"
"1629135236-27283","https://www.ecstuning.com/b-akebono-parts/14","Front Euro Ceramic Brake Pad Set"
"1629135323-27561","https://www.ecstuning.com/b-akebono-parts/5","Rear Euro Ceramic Brake Pad Set"
"1629135310-27524","https://www.ecstuning.com/b-akebono-parts/7","Front Euro Ceramic Brake Pad Set EUR1892"
"1629135191-27175","https://www.ecstuning.com/b-akebono-parts/19","Euro Ceramic Brake Pad Set"
"1629135292-27451","https://www.ecstuning.com/b-akebono-parts/8","Front And Rear Euro Ceramic Brake Pad Set"
"1629135208-27228","https://www.ecstuning.com/b-akebono-parts/17","Front Pro-Act Brake Pad Set"
"1629135323-27559","https://www.ecstuning.com/b-akebono-parts/5","Rear Euro Ceramic Brake Pad Set"
"1629135348-27673","https://www.ecstuning.com/b-akebono-parts/2","Front Euro Ceramic Brake Pad Set"
"1629135353-27686","https://www.ecstuning.com/b-akebono-parts/1","Front Euro Ceramic Brake Pad Set"
"1629135191-27173","https://www.ecstuning.com/b-akebono-parts/19","Rear Euro Ceramic Brake Pad Set"
"1629135236-27281","https://www.ecstuning.com/b-akebono-parts/14","Rear Euro Ceramic Brake Pad Set"
"1629135292-27452","https://www.ecstuning.com/b-akebono-parts/8","Front & Rear Euro Ceramic Brake Pad Kit"
"1629135244-27310","https://www.ecstuning.com/b-akebono-parts/13","Rear Euro Ceramic Brake Pad Set"
"1629135341-27640","https://www.ecstuning.com/b-akebono-parts/3","Front Euro Ceramic Brake Pad Set (EUR1549)"
"1629135183-27152","https://www.ecstuning.com/b-akebono-parts/20","Rear Pro-Act Brake Pad Set"
"1629135348-27671","https://www.ecstuning.com/b-akebono-parts/2","Front Euro Ceramic Brake Pad Set"
"1629135208-27227","https://www.ecstuning.com/b-akebono-parts/17","Rear Euro Ceramic Brake Pad Set"
"1629135191-27178","https://www.ecstuning.com/b-akebono-parts/19","Euro Ceramic Brake Pad Set"
"1629135333-27617","https://www.ecstuning.com/b-akebono-parts/4","Rear Euro Ceramic Brake Pad Set"
"1629135236-27287","https://www.ecstuning.com/b-akebono-parts/14","Front Pro-Act Ceramic Brake Pad Set"
"1629135353-27682","https://www.ecstuning.com/b-akebono-parts/1","Front & Rear Euro Ceramic Brake Pad Kit"
"1629135292-27448","https://www.ecstuning.com/b-akebono-parts/8","Front Euro Ceramic Brake Pad Set"
"1629135265-27360","https://www.ecstuning.com/b-akebono-parts/11","Akebono Rear Euro Ceramic Brake Pad Set - E36 E46 Z4"
"1629135341-27647","https://www.ecstuning.com/b-akebono-parts/3","Rear Euro Ceramic Brake Pad Set EUR1800"
"1629135227-27264","https://www.ecstuning.com/b-akebono-parts/15","Front Pro-Act Ceramic Brake Pad Set"
"1629135353-27678","https://www.ecstuning.com/b-akebono-parts/1","Front & Rear Euro Ceramic Brake Pad Kit"
"1629135276-27394","https://www.ecstuning.com/b-akebono-parts/10","Front Euro Ceramic Brake Pad Set"
"1629135244-27317","https://www.ecstuning.com/b-akebono-parts/13","Front & Rear Euro Ceramic Brake Pad Kit"
"1629135257-27333","https://www.ecstuning.com/b-akebono-parts/12","Rear Euro Ceramic Brake Pad Set"
"1629135292-27454","https://www.ecstuning.com/b-akebono-parts/8","Premium Ceramic Rear Brake Pad Set"
"1629135257-27332","https://www.ecstuning.com/b-akebono-parts/12","Akebono ProACT Ultra Pre"
"1629135183-27159","https://www.ecstuning.com/b-akebono-parts/20","Rear Brake Pad Set"
"1629135333-27610","https://www.ecstuning.com/b-akebono-parts/4","Rear Brake Pad Set"
"1629135265-27361","https://www.ecstuning.com/b-akebono-parts/11","Front Euro Ceramic Brake Pad Set"
"1629135353-27679","https://www.ecstuning.com/b-akebono-parts/1","Front Euro Ceramic Brake Pad Set (EUR1322)"
"1629135348-27668","https://www.ecstuning.com/b-akebono-parts/2","Front & Rear Euro Ceramic Brake Pad Kit"
"1629135244-27312","https://www.ecstuning.com/b-akebono-parts/13","Euro Ceramic Brake Pad Set"
"1629135323-27565","https://www.ecstuning.com/b-akebono-parts/5","Front & Rear Euro Ceramic Brake Pad Kit"
"1629135317-27543","https://www.ecstuning.com/b-akebono-parts/6","Front Euro Ceramic Brake Pad Set"
"1629135284-27421","https://www.ecstuning.com/b-akebono-parts/9","Front Euro Ceramic Brake Pad Set"
"1629135341-27642","https://www.ecstuning.com/b-akebono-parts/3","Front Euro Ceramic Brake Pad Set"
"1629135208-27224","https://www.ecstuning.com/b-akebono-parts/17","Rear Brake Pad Set"
"1629135183-27156","https://www.ecstuning.com/b-akebono-parts/20","Brake Pad Set"
"1629135341-27645","https://www.ecstuning.com/b-akebono-parts/3","Front Euro Ceramic Brake Pad Set"
"1629135317-27541","https://www.ecstuning.com/b-akebono-parts/6","Front Euro Ceramic Brake Pad Set"
"1629135198-27204","https://www.ecstuning.com/b-akebono-parts/18","Front Euro Ceramic Brake Pad Set"
"1629135227-27260","https://www.ecstuning.com/b-akebono-parts/15","Rear Euro Ceramic Brake Pad Set"
"1629135176-27139","https://www.ecstuning.com/b-akebono-parts/21","Rear Euro Ceramic Brake Pad Set"
"1629135198-27209","https://www.ecstuning.com/b-akebono-parts/18","Front Euro Ceramic Brake Pad Set"
"1629135198-27207","https://www.ecstuning.com/b-akebono-parts/18","Front Euro Ceramic Brake Pad Set"
"1629135191-27170","https://www.ecstuning.com/b-akebono-parts/19","Front Euro Ceramic Brake Pad Set"
"1629135341-27641","https://www.ecstuning.com/b-akebono-parts/3","Front & Rear Euro Ceramic Brake Pad Kit"
"1629135208-27229","https://www.ecstuning.com/b-akebono-parts/17","Front Brake Pad Set"
"1629135257-27330","https://www.ecstuning.com/b-akebono-parts/12","Front Euro Ceramic Brake Pad Set"
"1629135323-27564","https://www.ecstuning.com/b-akebono-parts/5","Front Euro Ceramic Brake Pad Set"
"1629135257-27334","https://www.ecstuning.com/b-akebono-parts/12","Front Euro Ceramic Brake Pad Set"
"1629135284-27423","https://www.ecstuning.com/b-akebono-parts/9","Front & Rear Euro Ceramic Brake Pad Kit"
"1629135265-27362","https://www.ecstuning.com/b-akebono-parts/11","Front Euro Ceramic Brake Pad Set"
"1629135317-27544","https://www.ecstuning.com/b-akebono-parts/6","Front Euro Ceramic Brake Pad Set"
"1629135216-27246","https://www.ecstuning.com/b-akebono-parts/16","Brake Pad Set - Front"
"1629135236-27284","https://www.ecstuning.com/b-akebono-parts/14","Front Euro Ceramic Brake Pad Set"
"1629135208-27226","https://www.ecstuning.com/b-akebono-parts/17","Front Euro Ceramic Brake Pad Set"
"1629135276-27395","https://www.ecstuning.com/b-akebono-parts/10","Akebono EUR917 Brake Pad Set"
"1629135236-27282","https://www.ecstuning.com/b-akebono-parts/14","Front & Rear Brake Pad Kit - Sport"
"1629135208-27225","https://www.ecstuning.com/b-akebono-parts/17","Front Euro Ceramic Brake Pad Set"
"1629135276-27391","https://www.ecstuning.com/b-akebono-parts/10","Rear Euro Ceramic Brake Pad Set"
"1629135265-27359","https://www.ecstuning.com/b-akebono-parts/11","Front Euro Ceramic Brake Pad Set"
"1629135276-27390","https://www.ecstuning.com/b-akebono-parts/10","Euro Ceramic Brake Pad Set"
"1629135310-27523","https://www.ecstuning.com/b-akebono-parts/7","Akebono Front Euro Ceramic Brake Pad Set -- E46 E60 Z4"
"1629135183-27155","https://www.ecstuning.com/b-akebono-parts/20","Front Euro Ceramic Brake Pad Set"
"1629135317-27547","https://www.ecstuning.com/b-akebono-parts/6","Rear Euro Ceramic Brake Pad Set EUR1554"
"1629135227-27265","https://www.ecstuning.com/b-akebono-parts/15","Rear Pro-Act Ceramic Brake Pad Set"
"1629135284-27424","https://www.ecstuning.com/b-akebono-parts/9","Rear Euro Ceramic Brake Pad Set"
"1629135176-27137","https://www.ecstuning.com/b-akebono-parts/21","Rear Brake Pad Set"
"1629135284-27419","https://www.ecstuning.com/b-akebono-parts/9","Front & Rear Euro Ceramic Brake Pad Kit"
"1629135276-27393","https://www.ecstuning.com/b-akebono-parts/10","Premium Ceramic Front Brake Pad Set"
"1629135353-27683","https://www.ecstuning.com/b-akebono-parts/1","Rear Euro Ceramic Brake Pad Set"
"1629135191-27177","https://www.ecstuning.com/b-akebono-parts/19","Front Euro Ceramic Brake Pad Set"
"1629135176-27138","https://www.ecstuning.com/b-akebono-parts/21","Front Euro Ceramic Brake Pad Set"
"1629135216-27240","https://www.ecstuning.com/b-akebono-parts/16","Front Brake Pad Set"
"1629135265-27367","https://www.ecstuning.com/b-akebono-parts/11","Front Euro Ceramic Brake Pad Set"
"1629135317-27546","https://www.ecstuning.com/b-akebono-parts/6","Akebono Front Euro Ceramic Brake Pad Set -- E39 E38 E53"
"1629135216-27249","https://www.ecstuning.com/b-akebono-parts/16","Rear Euro Ceramic Brake Pad Set"
"1629135257-27336","https://www.ecstuning.com/b-akebono-parts/12","Front Euro Ceramic Brake Pad Set"
"1629135183-27154","https://www.ecstuning.com/b-akebono-parts/20","Rear Euro Ceramic Brake Pad Set"
"1629135191-27176","https://www.ecstuning.com/b-akebono-parts/19","Front Euro Ceramic Brake Pad Set"
"1629135191-27179","https://www.ecstuning.com/b-akebono-parts/19","Front Euro Ceramic Brake Pad Set"
"1629135265-27363","https://www.ecstuning.com/b-akebono-parts/11","Rear Premium Ceramic Brake Pad Set"
"1629135292-27453","https://www.ecstuning.com/b-akebono-parts/8","Front & Rear Euro Ceramic Brake Pad Kit"
"1629135284-27418","https://www.ecstuning.com/b-akebono-parts/9","Front & Rear Euro Ceramic Brake Pad Kit"
"1629135348-27669","https://www.ecstuning.com/b-akebono-parts/2","Front & Rear Euro Ceramic Brake Pad Kit"
"1629135244-27315","https://www.ecstuning.com/b-akebono-parts/13","Front Euro Ceramic Brake Pad Set"
"1629135333-27608","https://www.ecstuning.com/b-akebono-parts/4","Rear Ceramic Brake Pad Set"
"1629135284-27426","https://www.ecstuning.com/b-akebono-parts/9","Front Euro Ceramic Brake Pad Set"
"1629135244-27316","https://www.ecstuning.com/b-akebono-parts/13","Front Euro Ceramic Brake Pad Set"
"1629135265-27366","https://www.ecstuning.com/b-akebono-parts/11","Front Euro Ceramic Brake Pad Set"
"1629135208-27220","https://www.ecstuning.com/b-akebono-parts/17","Front Brake Pad Set"
"1629135317-27540","https://www.ecstuning.com/b-akebono-parts/6","Front & Rear Euro Ceramic Brake Pad Kit"
"1629135284-27420","https://www.ecstuning.com/b-akebono-parts/9","Akenbono Rear Euro Ceramic Brake Pad Set -- E60 E61"
"1629135333-27612","https://www.ecstuning.com/b-akebono-parts/4","Rear Euro Ceramic Brake Pad Set"
"1629135265-27365","https://www.ecstuning.com/b-akebono-parts/11","2017+ Macan Base/GTS/S Rear Brake Pad Set (EUR1547A)"
"1629135353-27685","https://www.ecstuning.com/b-akebono-parts/1","Front & Rear Euro Ceramic Brake Pad Kit"
"1629135341-27639","https://www.ecstuning.com/b-akebono-parts/3","Akebono Rear Euro Ceramic Brake Pad Set -- F30 F22"
"1629135227-27261","https://www.ecstuning.com/b-akebono-parts/15","Front Pro-Act Ceramic Brake Pad Set"
"1629135227-27263","https://www.ecstuning.com/b-akebono-parts/15","Brake Pad Set - Rear"
"1629135333-27616","https://www.ecstuning.com/b-akebono-parts/4","Front Euro Ceramic Brake Pad Set"
"1629135265-27364","https://www.ecstuning.com/b-akebono-parts/11","Rear Euro Ceramic Brake Pad Set"
"1629135341-27638","https://www.ecstuning.com/b-akebono-parts/3","Front Euro Ceramic Brake Pad Set"
"1629135227-27262","https://www.ecstuning.com/b-akebono-parts/15","Front Euro Ceramic Brake Pad Set"
"1629135257-27331","https://www.ecstuning.com/b-akebono-parts/12","Rear Euro Ceramic Brake Pad Set"
"1629135284-27422","https://www.ecstuning.com/b-akebono-parts/9","Euro Ultra Premium Ceramic Brake Pad Set"
"1629135198-27208","https://www.ecstuning.com/b-akebono-parts/18","Euro Ceramic Brake Pad Set"
"1629135333-27611","https://www.ecstuning.com/b-akebono-parts/4","Rear Euro Ceramic Brake Pad Set"
"1629135292-27457","https://www.ecstuning.com/b-akebono-parts/8","Front & Rear Euro Ceramic Brake Pad Kit"
"1629135276-27396","https://www.ecstuning.com/b-akebono-parts/10","Rear Euro Ceramic Brake Pad Set EUR1060"
"1629135341-27644","https://www.ecstuning.com/b-akebono-parts/3","Front & Rear Euro Ceramic Brake Pad Kit"
"1629135216-27242","https://www.ecstuning.com/b-akebono-parts/16","Front & Rear Euro Ceramic Brake Pad Kit"
"1629135310-27519","https://www.ecstuning.com/b-akebono-parts/7","Front & Rear Euro Ceramic Brake Pad Kit"
"1629135227-27268","https://www.ecstuning.com/b-akebono-parts/15","Brake Pad Set"
"1629135208-27222","https://www.ecstuning.com/b-akebono-parts/17","Pro-Act Ceramic Brake Pads"
"1629135333-27609","https://www.ecstuning.com/b-akebono-parts/4","Rear Euro Ceramic Brake Pad Set"
"1629135227-27269","https://www.ecstuning.com/b-akebono-parts/15","Rear Euro Ceramic Brake Pad Set"
"1629135216-27245","https://www.ecstuning.com/b-akebono-parts/16","Front Euro Ceramic Brake Pad Set"
