normal_image src,hover_image src,lazy_href,lazy_href href,part_number 2,includes,includes 2,includes 3,price,save,percent-box,final-price,ca-content-container,ca-price-focus,ca-link,coupon-label,coupon-code,ca-link 2,text 3,includes 7
https://p1-ofp.static.pub/medias/bWFzdGVyfHJvb3R8NDAxNzJ8aW1hZ2UvanBlZ3xoNjcvaDQ3LzExNjM0MzMxODQ0NjM4LmpwZ3wyNjNlMzUzZjc5ZGQxN2U4MGNiYWYzZjViYWU5MTY5MTM1MmI1ZTU0N2IyMDVjN2M3OTBhMWIwZTc1ZmYxMzNh/lenovo-bundles-lfh-starter-bundle.jpg,https://p1-ofp.static.pub/ShareResource/560x450/Monitors/65FBGCC1US/65FBGCC1US-560x450-01.1b15b52fff31d032.png,LFH Starter Bundle,https://www.lenovo.com/us/en/p/accessories-and-software/convenience-bundles/LFHBUNDLE706,LFHBUNDLE706,Lenovo L24q-30 23.8-inch QHD Monitor,Lenovo 530 Wireless Mouse (Almond),Lenovo 110 Stereo USB Headset,$279.97,save $59.98,21% off,$219.99,6 Months Promotional Financing Available* On purchases of  or more made with the Lenovo Credit Card,$500,Learn More,Use eCoupon,LFHBUNDLE706,Learn More,$6,
https://p1-ofp.static.pub/medias/bWFzdGVyfHJvb3R8MTkwNzMxfGltYWdlL3BuZ3xoNWMvaDAxLzExMTEwMTc5MTEwOTQyLnBuZ3w3NDk5MzIwZTk5YjIzYWJkODUwOTNhZGQ1MmU2MjIwMTM0Mjc2YWRkNGU4YzY4ODE0MWJhMWViZmU4NTVlOWE4/lenovo-accessories-legion-bundle.png,https://p1-ofp.static.pub/ShareResource/560x450/Monitors/65EEGAC1US/65EEGAC1US-560x450-01.5f633297a857ee89.png,Gaming bundle,https://www.lenovo.com/us/en/p/accessories-and-software/convenience-bundles/GAMINGBUNDLE,GAMINGBUNDLE,Lenovo Legion Y27q-20 27-inch WLED Gaming Monitor,Lenovo Legion H300 Stereo Gaming Headset,Lenovo Legion Mouse Pad,$647.96,save $177.97,27% off,$469.99,6 Months Promotional Financing Available* On purchases of  or more made with the Lenovo Credit Card,$500,Learn More,Use eCoupon,Gamingbundle,Learn More,$14,Lenovo Legion M500 RGB Gaming Mouse
https://p4-ofp.static.pub/fes/cms/2021/09/02/l2yki3o5mbdaw55op18k58vq6kvghl782296.jpg,https://p3-ofp.static.pub/ShareResource/560x450/SSNP/GX40Q17230/GX40Q17230-560x450-01.6a50eaa3d85d411b.png,Basic Travel Bundle 2,https://www.lenovo.com/us/en/p/accessories-and-software/convenience-bundles/BUNDLE21018,BUNDLE21018,"Lenovo 15.6"" Laptop Casual Toploader T210 (Blue)",Lenovo 530 Wireless Mouse (Abyss Blue),Lenovo 100 Stereo Analog Headset,$59.97,save $21.98,36% off,$37.99,6 Months Promotional Financing Available* On purchases of  or more made with the Lenovo Credit Card,$500,Learn More,Use eCoupon,BUNDLE21018,Learn More,$1,
https://p1-ofp.static.pub/medias/bWFzdGVyfHJvb3R8NDY0MTB8aW1hZ2UvcG5nfGhlYy9oZDQvMTExOTgyNzA5OTY1MTAucG5nfGI3MTBhN2I4ODlkYzZhM2UzNzkxYmZjM2Y5ODcwYzg3OWUwZWYxMTYyNTcyNGY4MzQ0OGFiMGNlMzI3OWVmOTA/lenovo-gaming305.png,https://p4-ofp.static.pub/ShareResource/560x450/SSNP/GXD0T69864/GXD0T69864-560x450-01.4dd0e0bf40266e00.png,H500 Case Bundle,https://www.lenovo.com/us/en/p/accessories-and-software/convenience-bundles/GAMING305,GAMING305,Legion H500 Pro 7.1 Surround Sound Gaming Headset,Lenovo Legion Headset Hardcase,,$124.98,save $49.99,39% off,$74.99,6 Months Promotional Financing Available* On purchases of  or more made with the Lenovo Credit Card,$500,Learn More,Use eCoupon,GAMING305,Learn More,$2,
https://p3-ofp.static.pub/fes/cms/2021/09/06/aamenzvoi1nfedtywg0x52or42b3b6380761.jpg,https://p1-ofp.static.pub/ShareResource/560x450/Monitors/65FBGCC1US/65FBGCC1US-560x450-01.1b15b52fff31d032.png,LFH Bundle- Advance,https://www.lenovo.com/us/en/p/accessories-and-software/convenience-bundles/LFHBUNDLE704,LFHBUNDLE704,Lenovo L24q-30 23.8-inch QHD Monitor,Lenovo 2-in-1 Laptop Stand,Lenovo 110 Stereo USB Headset,$334.96,save $104.97,31% off,$229.99,6 Months Promotional Financing Available* On purchases of  or more made with the Lenovo Credit Card,$500,Learn More,Use eCoupon,LFHBUNDLE704,Learn More,$6,Lenovo Wireless Keyboard Mouse Combo
https://p1-ofp.static.pub/medias/bWFzdGVyfHJvb3R8MTIwNzM4fGltYWdlL2pwZWd8aDI1L2hlMS8xMTQ4NDM4MzczOTkzNC5qcGd8YmI0YTZlZjVmZDVjOWVlNGZlMjEyNTdmYmIwN2Y4NzYwYTI1MDFhZWEwYzUzN2RhMmNiMDU3NWRiZjRjN2M3MA/lenovo-bundles-Gaming-201.jpg,https://p4-ofp.static.pub/ShareResource/560x450/Monitors/66AAGAC6US/66AAGAC6US-560x450-01.b33c23ec78c5d062.png,Ultimate Gaming Bundle,https://www.lenovo.com/us/en/p/accessories-and-software/convenience-bundles/GAMING201,GAMING201,Lenovo Legion Y25-25 24.5-inch FHD LED Backlit LCD Gaming Monitor (G-Sync Compatible),Legion H500 Pro 7.1 Surround Sound Gaming Headset,Lenovo Legion K500 RGB Mechanical Gaming Keyboard,$639.96,save $169.97,26% off,$469.99,6 Months Promotional Financing Available* On purchases of  or more made with the Lenovo Credit Card,$500,Learn More,Use eCoupon,Gaming201,Learn More,$14,Lenovo Legion M600 Wireless Gaming Mouse
https://p1-ofp.static.pub/medias/bWFzdGVyfHJvb3R8MTYyNzE1fGltYWdlL3BuZ3xoZTAvaDBjLzExMzMyNTAwNTg2NTI2LnBuZ3w2MjFmNTJkNzNmZWQ1NzhkOWYwMzg5OTYwNDA0YzA3YjVjOGQ4ZmQ2OWEyNTg2Yzk2NTE5ZTY5OWEwMDJjZDI4/lenovo-bundle-gaming301.png,https://p4-ofp.static.pub/ShareResource/560x450/SSNP/GY40T26478/GY40T26478-560x450-01.33afc19ff5136a3d.png,Basic Gaming Bundle 1,https://www.lenovo.com/us/en/p/accessories-and-software/convenience-bundles/GAMING301,GAMING301,Lenovo Legion K500 RGB Mechanical Gaming Keyboard,Lenovo Legion M200 Mouse,Lenovo Legion Gaming Cloth Mouse Pad,$144.97,save $57.00,39% off,$87.97,6 Months Promotional Financing Available* On purchases of  or more made with the Lenovo Credit Card,$500,Learn More,,,Learn More,$2,
https://p1-ofp.static.pub/medias/bWFzdGVyfHJvb3R8MTUxNTY1fGltYWdlL3BuZ3xoZmMvaDI4LzEwOTI3MzUxNDk2NzM0LnBuZ3wxOTYxZjJiMWIzMzEyNjM0NWQ5NzZmYzIyNDNjYjU3ZDA5YjQ0MjAxNWJjY2JiNWNmNDk1NDBkM2I5ZDJiMGU4/lenovo-bundles-beginner-gaming-bundle.png,https://p4-ofp.static.pub/ShareResource/560x450/SSNP/GY40T26478/GY40T26478-560x450-01.33afc19ff5136a3d.png,Beginner Gaming Bundle,https://www.lenovo.com/us/en/p/accessories-and-software/convenience-bundles/GAMING202,GAMING202,Lenovo Legion K500 RGB Mechanical Gaming Keyboard,Lenovo Legion H300 Stereo Gaming Headset,Lenovo Legion Mouse Pad,$257.96,save $107.97,41% off,$149.99,6 Months Promotional Financing Available* On purchases of  or more made with the Lenovo Credit Card,$500,Learn More,Use eCoupon,Gaming202,Learn More,$4,Lenovo Legion M500 RGB Gaming Mouse
https://p1-ofp.static.pub/medias/bWFzdGVyfHJvb3R8MTk4NzI2fGltYWdlL3BuZ3xoNzAvaDI0LzEwODM4MTA1OTQ4MTkwLnBuZ3w5NjViZWU2NDcwOGQwZGM3MTBhOTJjZmRlYTAxNTFmOTM0ZThjNmQyYmM1ZWVhMjljMTRiMzYzMzExNzY0ZGFh/lenovo-bundles-thinkbook-bundle-450x450.png,https://p3-ofp.static.pub/ShareResource/560x450/SSNP/4X30H56841/4X30H56841-560x450-01.925a85ee20b29a48.png,Thinkbook Bundle,https://www.lenovo.com/us/en/p/accessories-and-software/convenience-bundles/THINK01BOOK,THINK01BOOK,Lenovo Wireless Keyboard,ThinkBook Wireless Media Mouse,ThinkBook 14-inch Sleeve (Grey),$89.97,save $31.98,35% off,$57.99,6 Months Promotional Financing Available* On purchases of  or more made with the Lenovo Credit Card,$500,Learn More,Use eCoupon,Think01Book,Learn More,$1,
https://p4-ofp.static.pub/fes/cms/2021/09/02/9c9g16ggsxyae3pq421guo576ipqk2224320.jpg,https://p1-ofp.static.pub/ShareResource/560x450/SSNP/GXD1A39963/GXD1A39963---01-500x400.db03c89215b53542.png,Yoga Bundle- Black,https://www.lenovo.com/us/en/p/accessories-and-software/convenience-bundles/YOGA02BUNDLE,YOGA02BUNDLE,Lenovo Yoga Active Noise Cancellation Headphones-Shadow Black,Lenovo Yoga Mouse with Laser Presenter (Shadow Black),Lenovo Yoga 15-inch Sleeve,$269.97,save $119.98,44% off,$149.99,6 Months Promotional Financing Available* On purchases of  or more made with the Lenovo Credit Card,$500,Learn More,Use eCoupon,YOGA02BUNDLE,Learn More,$4,
https://p2-ofp.static.pub/fes/cms/2021/09/07/t96s6pd1x9b8x4ra8onwl0q7f90kq4351439.jpg,https://p3-ofp.static.pub/ShareResource/560x450/SSNP/GY50X79385/GY50X79385-560x450-01.16e249224a18a86a.png,Game On Bundle 2,https://www.lenovo.com/us/en/p/accessories-and-software/convenience-bundles/GAMING311,GAMING311,Lenovo Legion M600 Wireless Gaming Mouse,Legion H500 Pro 7.1 Surround Sound Gaming Headset,Lenovo Legion K300 RGB Gaming Keyboard - US English,$259.96,save $94.97,36% off,$164.99,6 Months Promotional Financing Available* On purchases of  or more made with the Lenovo Credit Card,$500,Learn More,Use eCoupon,GAMING311,Learn More,$4,Lenovo Legion Gaming Control Mouse Pad XXL
https://p2-ofp.static.pub/fes/cms/2021/09/02/ddtxguxo81lnzuiq4z243k9lo7onqi552157.jpg,https://p1-ofp.static.pub/ShareResource/560x450/SSNP/GXD1A39963/GXD1A39963---01-500x400.db03c89215b53542.png,Ultra Travel Bundle,https://www.lenovo.com/us/en/p/accessories-and-software/convenience-bundles/BUNDLE21019,BUNDLE21019,Lenovo Yoga Active Noise Cancellation Headphones-Shadow Black,Lenovo F510 HDD 1TB Grey,Lenovo Yoga Mouse with Laser Presenter,$374.96,save $144.97,38% off,$229.99,6 Months Promotional Financing Available* On purchases of  or more made with the Lenovo Credit Card,$500,Learn More,Use eCoupon,BUNDLE21019,Learn More,$6,Lenovo 17-inch Laptop Urban Backpack B730
https://p1-ofp.static.pub/fes/cms/2021/09/02/x1pchtxc5yvx64h6tahcg5zj7bx2xo201575.jpg,https://p1-ofp.static.pub/fes/cms/2021/07/27/sv287ae8jl5qgma1xu2917j7lkil3x743233.png,Essential Gaming Bundle,https://www.lenovo.com/us/en/p/accessories-and-software/convenience-bundles/GAMING310,GAMING310,Lenovo G24-10 23.6-inch FHD WLED Gaming Monitor,Lenovo IdeaPad Gaming M100 RGB Mouse,Lenovo Legion H300 Stereo Gaming Headset,$309.97,save $49.98,16% off,$259.99,6 Months Promotional Financing Available* On purchases of  or more made with the Lenovo Credit Card,$500,Learn More,Use eCoupon,GAMING310,Learn More,$7,
https://p4-ofp.static.pub/fes/cms/2021/09/06/w1un5z37l1vcltdxre0yxntgoqg3ch409938.jpg,https://p2-ofp.static.pub/ShareResource/560x450/Monitors/66C0KCC3US/66C0KCC3US-560x450-01.3cad33ad16a99507.png,SMB Think Bundle,https://www.lenovo.com/us/en/p/accessories-and-software/convenience-bundles/SMBBUNDLE3,SMBBUNDLE3,"Lenovo Q24i-1L 23.8"" FHD Natural Low Blue Light Monitor",Lenovo Professional Wireless Keyboard and Mouse Combo,ThinkPad X1 Active Noise Cancellation Headphones,$449.97,save $129.98,28% off,$319.99,6 Months Promotional Financing Available* On purchases of  or more made with the Lenovo Credit Card,$500,Learn More,Use eCoupon,SMBBUNDLE3,Learn More,$9,
https://p1-ofp.static.pub/medias/bWFzdGVyfHJvb3R8OTg2OTB8aW1hZ2UvcG5nfGgzZC9oYTQvMTEwNzY0ODk1NDM3MTAucG5nfDIzZDFlNTliMjNlODI3MWFiNGYwNmM0N2MyNWQzOGMxNTRmMDUxOTVlYmE0NTE5OTFlNTBjYTMwZjA5NGY3YTY/lenovo-wfh-bundle-ultimate-500x400.png,https://p3-ofp.static.pub/ShareResource/560x450/SSNP/4XD0U47635/4XD0U47635-560x450-01.0360c00e710ce123.png,WFH Bundle- Ultimate,https://www.lenovo.com/us/en/p/accessories-and-software/convenience-bundles/WFHBUNDLE706,WFHBUNDLE706,ThinkPad X1 Active Noise Cancellation Headphones,ThinkPad X1 Presenter Mouse,Lenovo Adjustable Notebook Stand,$514.95,save $154.96,30% off,$359.99,6 Months Promotional Financing Available* On purchases of  or more made with the Lenovo Credit Card,$500,Learn More,Use eCoupon,WFHBUNDLE706,Learn More,$10,ThinkPad X1 Carbon/Yoga Leather Sleeve
https://p1-ofp.static.pub/medias/bWFzdGVyfHJvb3R8MzIxMDd8aW1hZ2UvcG5nfGgzMC9oOWQvMTExOTgzNjgyODQ3MDIucG5nfDVhNmZiMDQ3MDhhNTQ4ODk4OGZmM2FhMjhlYjRiOGJiZjE2NTYwOGQ0ODBlMWUwOWVlZmQ0YWRmZmZkOGM5ZDA/lenovo-gaming307.png,https://p4-ofp.static.pub/ShareResource/560x450/SSNP/GX30P93886/GX30P93886-560x450-01.861d72b984355e2f.png,M200 Gaming Bundle,https://www.lenovo.com/us/en/p/accessories-and-software/convenience-bundles/GAMING307,GAMING307,Lenovo Legion M200 Mouse,Lenovo Legion Mouse Bungee,Lenovo Legion Mouse Pad,$57.97,save $19.98,34% off,$37.99,6 Months Promotional Financing Available* On purchases of  or more made with the Lenovo Credit Card,$500,Learn More,Use eCoupon,GAMING307,Learn More,$1,
https://p3-ofp.static.pub/fes/cms/2021/09/02/o3chwk6cg2omcvol8qr342ygbas6mt315457.jpg,https://p1-ofp.static.pub/ShareResource/560x450/SSNP/GX40Q75215/GX40Q75215-560x450-01.6986d848ccd12a86.png,Basic Travel Bundle 1,https://www.lenovo.com/us/en/p/accessories-and-software/convenience-bundles/BUNDLE21017,BUNDLE21017,"Lenovo 15.6"" Laptop Backpack B515 (Black)",Lenovo 100 Stereo Analog Headset,Lenovo Select Wireless Everyday Mouse,$74.97,save $36.00,48% off,$38.97,6 Months Promotional Financing Available* On purchases of  or more made with the Lenovo Credit Card,$500,Learn More,,,Learn More,$1,
https://p1-ofp.static.pub/medias/bWFzdGVyfHJvb3R8MzIzMjV8aW1hZ2UvcG5nfGhiMy9oZDUvMTExOTgyNzE4MTU3MTAucG5nfDI3MTg3MzJkODVhN2E4YTI2ZTQ3MjhkMTkxNmQ5Njc5YmI3ZTk0NDQ5NjMwMGE0N2UzMjhmZjA5YjY4NTNhOWE/lenovo-gaming308.png,https://p1-ofp.static.pub/ShareResource/560x450/SSNP/GY50X79384/GY50X79384-560x450-01.ae7daf6c042c7913.png,M300 Gaming Bundle,https://www.lenovo.com/us/en/p/accessories-and-software/convenience-bundles/GAMING308,GAMING308,Lenovo Legion M300 RGB Gaming Mouse,Lenovo Legion Mouse Pad,Lenovo Legion Mouse Bungee,$62.97,save $20.98,33% off,$41.99,6 Months Promotional Financing Available* On purchases of  or more made with the Lenovo Credit Card,$500,Learn More,Use eCoupon,GAMING308,Learn More,$1,
https://p1-ofp.static.pub/medias/bWFzdGVyfHJvb3R8MTg0NTZ8aW1hZ2UvanBlZ3xoMWYvaGVhLzExNDM5MTE5NDY2NTI2LmpwZ3xjNTljYmI0NzA5NmUyNDBmNGYwZmQ3ZjNhZThjMmFjOTI0NTU0Yzk0ZGUxNDBhMWFmMWM1NDEwMDFiODE4ZDQ0/lenovo-lfh-bundle-705.jpg,https://p2-ofp.static.pub/ShareResource/560x450/SSNP/GXC1B34793/GXC1B34793-560x450-01.07fcc7f1b5c09007.png,Essential LFH Bundle,https://www.lenovo.com/us/en/p/accessories-and-software/convenience-bundles/LFHBUNDLE721,LFHBUNDLE721,Lenovo 300 FHD WebCam,Lenovo 100 Stereo Analog Headset,,$69.98,save $24.99,35% off,$44.99,6 Months Promotional Financing Available* On purchases of  or more made with the Lenovo Credit Card,$500,Learn More,Use eCoupon,LFHBUNDLE721,Learn More,$1,
https://p4-ofp.static.pub/fes/cms/2021/09/02/etai2yuasb7pbergaetyttba96cfio050394.jpg,https://p1-ofp.static.pub/ShareResource/560x450/SSNP/4Z11D05519/4Z11D05519-500x400-01.8a4ab60ae85d69a2.png,300e Chromebook Bundle 1,https://www.lenovo.com/us/en/p/accessories-and-software/convenience-bundles/CHROMEBUNDLE105,CHROMEBUNDLE105,Lenovo Case for Lenovo 300e/500e Chromebook Gen 3 and 300w/500w Gen 3,ThinkPad Wireless Mouse,Lenovo Essential Stereo Analog Headset,$69.97,save $24.98,35% off,$44.99,6 Months Promotional Financing Available* On purchases of  or more made with the Lenovo Credit Card,$500,Learn More,Use eCoupon,CHROMEBUNDLE105,Learn More,$1,
https://p2-ofp.static.pub/fes/cms/2021/09/02/vi5ygmywn439f3ic1h8fvvfuk4y24w590815.jpg,https://p1-ofp.static.pub/ShareResource/560x450/SSNP/4Z11D05518/4Z11D05518-500x400-01.11e87d8eae31742f.png,100e Chromebook Bundle 4,https://www.lenovo.com/us/en/p/accessories-and-software/convenience-bundles/CHROMEBUNDLE106,CHROMEBUNDLE106,Lenovo Case for Lenovo 100e Chromebook Gen 3 / 100w Gen 3,ThinkPad Wireless Mouse,Lenovo Essential Stereo Analog Headset,$69.97,save $24.98,35% off,$44.99,6 Months Promotional Financing Available* On purchases of  or more made with the Lenovo Credit Card,$500,Learn More,Use eCoupon,CHROMEBUNDLE106,Learn More,$1,
https://p1-ofp.static.pub/medias/bWFzdGVyfHJvb3R8MTg3MjJ8aW1hZ2UvanBlZ3xoOTEvaDI5LzExNDQ2NjM5NjU2OTkwLmpwZ3xiZThlNjU0ZjA0ZTNhNjU0NmExYTBkZDE1Nzk2OGFlN2NjY2JjNGE2YWZjY2Q3NDhmZGRmMTBlNjBlMjhlODIz/lenovo-lfh-bundle-706.jpg,https://p2-ofp.static.pub/ShareResource/560x450/SSNP/GXC1B34793/GXC1B34793-560x450-01.07fcc7f1b5c09007.png,Essential LFH Bundle 2,https://www.lenovo.com/us/en/p/accessories-and-software/convenience-bundles/LFHBUNDLE722,LFHBUNDLE722,Lenovo 300 FHD WebCam,Lenovo 110 Stereo USB Headset,,$79.98,save $27.99,34% off,$51.99,6 Months Promotional Financing Available* On purchases of  or more made with the Lenovo Credit Card,$500,Learn More,Use eCoupon,LFHBUNDLE722,Learn More,$1,
https://p1-ofp.static.pub/medias/bWFzdGVyfHJvb3R8MjI0Nzh8aW1hZ2UvanBlZ3xoMmMvaGEyLzExNjM0MzMwNTMzOTE4LmpwZ3xhYzQwNTAzYTJjZDNiMWVhOWU0Yjc0ZDhlMzI4ZWI0NjY5YjU5M2QwMDY1Y2FjNDQzNjY0OThhZTczOGFjZTMz/lenovo-bundles-lfh-bundle-basic-2.jpg,https://p4-ofp.static.pub/ShareResource/560x450/SSNP/GX90T33021/GX90T33021-560x450-01.ce7af701ae80b79a.png,LFH Bundle- Basic 2,https://www.lenovo.com/us/en/p/accessories-and-software/convenience-bundles/LFHBUNDLE702,LFHBUNDLE702,"Lenovo USB-C 3-in-1 Travel Hub, 4K HDMI, VGA, USB 3.0, Simple Plug and Play",Lenovo 600 Bluetooth Silent Mouse,Lenovo 14-inch Laptop Urban Sleeve Case,$94.97,save $39.98,42% off,$54.99,6 Months Promotional Financing Available* On purchases of  or more made with the Lenovo Credit Card,$500,Learn More,Use eCoupon,LFHBUNDLE702,Learn More,$1,
https://p1-ofp.static.pub/medias/bWFzdGVyfHJvb3R8NDQ4MjJ8aW1hZ2UvcG5nfGhkYi9oODYvMTExOTgzNjY5NDEyMTQucG5nfDAxNDFhNDhiNTdkNTMwNzQ3N2I4ZDU2ODQxNjFkNWJhMDYwNGFkNzMxOTZhNTEyZjUzMTgzNmJlMjYzNzFlNWQ/lenovo-gaming304.png,https://p1-ofp.static.pub/ShareResource/560x450/SSNP/GXD0T69863/GXD0T69863-560x450-01.a79c2f420dc8deef.png,H300 Case Bundle,https://www.lenovo.com/us/en/p/accessories-and-software/convenience-bundles/GAMING304,GAMING304,Lenovo Legion H300 Stereo Gaming Headset,Lenovo Legion Headset Hardcase,,$94.98,save $39.99,42% off,$54.99,6 Months Promotional Financing Available* On purchases of  or more made with the Lenovo Credit Card,$500,Learn More,Use eCoupon,GAMING304,Learn More,$1,
https://p3-ofp.static.pub/fes/cms/2021/09/02/4mqg2mny2hnjh7zpbcyv1zvpxc2rft649903.jpg,https://p1-ofp.static.pub/fes/cms/2021/08/27/5tn7n9yzlsxm44pqbgsxlyz225q523302254.png,Travel Light Bundle,https://www.lenovo.com/us/en/p/accessories-and-software/convenience-bundles/BUNDLE21014,BUNDLE21014,Lenovo 500 Bluetooth In-ear Headphones,Lenovo 600 Bluetooth Silent Mouse,Lenovo Select 14-inch Sleeve,$84.97,save $30.00,35% off,$54.97,6 Months Promotional Financing Available* On purchases of  or more made with the Lenovo Credit Card,$500,Learn More,,,Learn More,$1,
https://p4-ofp.static.pub/fes/cms/2021/09/02/h4v51h83s1vm2ks6dn7silimvsp7k8331797.jpg,https://p3-ofp.static.pub/ShareResource/560x450/SSNP/GX40X54262/GX40X54262-560x450-01.30df287e40a00b90.png,Travel Bundle,https://www.lenovo.com/us/en/p/accessories-and-software/convenience-bundles/BUNDLE21013,BUNDLE21013,Lenovo 15.6-inch Laptop Urban Toploader,Lenovo 500 Bluetooth In-ear Headphones,Lenovo Select Wireless Everyday Mouse,$104.97,save $44.00,41% off,$60.97,6 Months Promotional Financing Available* On purchases of  or more made with the Lenovo Credit Card,$500,Learn More,,,Learn More,$1,
https://p1-ofp.static.pub/medias/bWFzdGVyfHJvb3R8MTQ5MTU1fGltYWdlL3BuZ3xoMzYvaDQ5LzExMTk4MjcwMzczOTE4LnBuZ3xmYjIxMjRjMGY4YWEyNWMxNTFiNWJjYjE4ZjhmZDI3ZmUyZDAyMzU5MjM3ZjBlODg2M2JjMGVlZWIzODg2OTQz/lenovo-gaming302bundle.png,https://p2-ofp.static.pub/ShareResource/560x450/SSNP/GY40Y57708/GY40Y57708-560x450-01.0870b7ddd1743f5d.png,Basic Gaming Bundle 2,https://www.lenovo.com/us/en/p/accessories-and-software/convenience-bundles/GAMING302,GAMING302,Lenovo Legion K300 RGB Gaming Keyboard - US English,Lenovo Legion Mouse Pad,Lenovo Legion M300 RGB Gaming Mouse,$97.97,save $35.98,36% off,$61.99,6 Months Promotional Financing Available* On purchases of  or more made with the Lenovo Credit Card,$500,Learn More,Use eCoupon,GAMING302,Learn More,$1,
https://p1-ofp.static.pub/fes/cms/2021/09/06/s7gul1n3tif2890ql1jeqf6yhcg2kb832985.png,https://p4-ofp.static.pub/ShareResource/560x450/SSNP/GX30Z21568/GX30Z21568-560x450-01.b68d99c36fbc683e.png,KM300 Gaming Bundle,https://www.lenovo.com/us/en/p/accessories-and-software/convenience-bundles/GAMING306,GAMING306,Lenovo Legion KM300 RGB Gaming Combo Keyboard and Mouse - US English,Lenovo Legion Mouse Bungee,Lenovo Legion Mouse Pad,$107.97,save $37.98,35% off,$69.99,6 Months Promotional Financing Available* On purchases of  or more made with the Lenovo Credit Card,$500,Learn More,Use eCoupon,GAMING306,Learn More,$2,
https://p1-ofp.static.pub/fes/cms/2021/09/02/x5jcpiinix9w8etx0pyoi4xkvks57e179462.jpg,https://p2-ofp.static.pub/fes/cms/2021/09/02/f20sm8rqc725rn8zsrgibg19evx0nf811060.png,LFH Bundle- Basic,https://www.lenovo.com/us/en/p/accessories-and-software/convenience-bundles/BUNDLE21016,BUNDLE21016,Lenovo 510 Wireless Combo Keyboard & Mouse (White) - US English,Lenovo 300 FHD WebCam,Lenovo 110 Stereo USB Headset,$129.97,save $54.98,42% off,$74.99,6 Months Promotional Financing Available* On purchases of  or more made with the Lenovo Credit Card,$500,Learn More,Use eCoupon,BUNDLE21016,Learn More,$2,
https://p3-ofp.static.pub/fes/cms/2021/09/06/1j5xhisnz4no9hoqzmmdn1k0xwh40f118199.jpg,https://p1-ofp.static.pub/ShareResource/560x450/SSNP/GXC1D05522/GXC1D05522-500x400-01.ab2ceeb8d21d076c.png,Productivity LFH Bundle,https://www.lenovo.com/us/en/p/accessories-and-software/convenience-bundles/LFHBUNDLE723,LFHBUNDLE723,Lenovo Select FHD Webcam,"Lenovo USB-C 3-in-1 Travel Hub, 4K HDMI, VGA, USB 3.0, Simple Plug and Play",Lenovo Select Wireless Everyday Mouse,$149.96,save $74.97,49% off,$74.99,6 Months Promotional Financing Available* On purchases of  or more made with the Lenovo Credit Card,$500,Learn More,Use eCoupon,LFHBUNDLE723,Learn More,$2,Lenovo 110 Stereo USB Headset
https://p1-ofp.static.pub/ShareResource/560x450/SSNP/GX31D10707/GX31D10707-560x450-01.5516c530ee1f7193.png,https://p1-ofp.static.pub/ShareResource/560x450/SSNP/GXC1D05522/GXC1D05522-500x400-01.ab2ceeb8d21d076c.png,Mobility Bundle 2,https://www.lenovo.com/us/en/p/accessories-and-software/convenience-bundles/BUNDLE21012,BUNDLE21012,Lenovo Select Wireless Modern Combo (Storm Grey) - English,Lenovo Select FHD Webcam,Lenovo 110 Stereo USB Headset,$159.96,save $80.97,50% off,$78.99,6 Months Promotional Financing Available* On purchases of  or more made with the Lenovo Credit Card,$500,Learn More,Use eCoupon,BUNDLE21012,Learn More,$2,Lenovo Select 14-inch Sleeve
https://p3-ofp.static.pub/fes/cms/2021/09/02/ocnvgan207btrlidw0n85yzykr52zf799050.jpg,https://p3-ofp.static.pub/ShareResource/560x450/SSNP/4X40V26080/4X40V26080-560x450-01.1abc077e8d10746e.png,Thinkbook Bundle 2,https://www.lenovo.com/us/en/p/accessories-and-software/convenience-bundles/THINK02BOOK,THINK02BOOK,"ThinkBook 15.6"" Laptop Urban Backpack",Lenovo Bluetooth In-ear Headphones,ThinkBook Bluetooth Silent Mouse,$144.97,save $52.00,35% off,$92.97,6 Months Promotional Financing Available* On purchases of  or more made with the Lenovo Credit Card,$500,Learn More,,,Learn More,$2,
https://p3-ofp.static.pub/fes/cms/2021/09/02/r1hz7grwkb5nmp44a1tpuc9p6aagq8309499.jpg,https://p3-ofp.static.pub/ShareResource/560x450/SSNP/GXB0Z91294/GXB0Z91294-560x450-01.de57beb8a8820e0e.png,Mobility Bundle 1,https://www.lenovo.com/us/en/p/accessories-and-software/convenience-bundles/BUNDLE21010,BUNDLE21010,Lenovo F510 HDD 2TB Grey,Lenovo 110 Stereo USB Headset,Lenovo Select 14-inch Sleeve,$209.96,save $89.97,42% off,$119.99,6 Months Promotional Financing Available* On purchases of  or more made with the Lenovo Credit Card,$500,Learn More,Use eCoupon,BUNDLE21010,Learn More,$3,Lenovo Select Wireless Modern Combo (Storm Grey) - English
https://p2-ofp.static.pub/fes/cms/2021/09/02/hlvj2o9jc6s2tweti28ofnkyynxc1m478690.jpg,https://p1-ofp.static.pub/ShareResource/560x450/SSNP/GXD0U47643/GXD0U47643-560x450-01.b2c4dfeaa47f34a8.png,LFH Bundle- Ultra,https://www.lenovo.com/us/en/p/accessories-and-software/convenience-bundles/BUNDLE21015,BUNDLE21015,Lenovo Yoga Active Noise Cancellation Headphones,Lenovo Select FHD Webcam,Lenovo 510 Wireless Combo Keyboard & Mouse (White) - US English,$249.97,save $103.00,41% off,$146.97,6 Months Promotional Financing Available* On purchases of  or more made with the Lenovo Credit Card,$500,Learn More,,,Learn More,$4,
https://p1-ofp.static.pub/medias/bWFzdGVyfHJvb3R8MTAyMDQzfGltYWdlL3BuZ3xoZmUvaDFhLzEwODM2NTMwMjAwNjA2LnBuZ3wyMGIzOGRhOTgzZjk3YmM1MjI1N2JkYWUxMzcwNjNjNmFjZGFiZDdhNzM0Y2I2YTAzZTFjM2UxNjk1YjE0MWMw/lenovo-bundles-yoga-bundle-450x450.png,https://p1-ofp.static.pub/ShareResource/560x450/SSNP/GXD0U47643/GXD0U47643-560x450-01.b2c4dfeaa47f34a8.png,Yoga Bundle,https://www.lenovo.com/us/en/p/accessories-and-software/convenience-bundles/YOGA01BUNDLE,YOGA01BUNDLE,Lenovo Yoga Active Noise Cancellation Headphones,Lenovo Yoga Mouse with Laser Presenter,,$239.98,save $90.00,37% off,$149.98,6 Months Promotional Financing Available* On purchases of  or more made with the Lenovo Credit Card,$500,Learn More,,,Learn More,$4,
https://p4-ofp.static.pub/fes/cms/2021/09/02/ddvenkg3y4s6myfnk0yta5vid7myc9928960.jpg,https://p3-ofp.static.pub/ShareResource/560x450/SSNP/GY50X79385/GY50X79385-560x450-01.16e249224a18a86a.png,Gaming Travel Bundle,https://www.lenovo.com/us/en/p/accessories-and-software/convenience-bundles/GAMING313,GAMING313,Lenovo Legion M600 Wireless Gaming Mouse,Lenovo Legion H300 Stereo Gaming Headset,Lenovo Legion Active Gaming Backpack,$231.96,save $81.97,35% off,$149.99,6 Months Promotional Financing Available* On purchases of  or more made with the Lenovo Credit Card,$500,Learn More,Use eCoupon,GAMING313,Learn More,$4,Lenovo Legion Gaming Control Mouse Pad L (Grey)
https://p1-ofp.static.pub/medias/bWFzdGVyfHJvb3R8MTc3NTI2fGltYWdlL3BuZ3xoMmUvaGQ2LzExMTIzOTA0Njc1ODcwLnBuZ3xhOWIyMWUwMWQwY2E4MGE0OGRiYzcyNzU4MjE4MzU5NTcwYjNiY2QxOTQ5YTViY2JjMzI1ODUyN2RlNTE4MzBj/lenovo-accesories-bundle-0921.png,https://p1-ofp.static.pub/ShareResource/560x450/SSNP/GXD0U47643/GXD0U47643-560x450-01.b2c4dfeaa47f34a8.png,Learn From Home Bundle,https://www.lenovo.com/us/en/p/accessories-and-software/convenience-bundles/STUDENT703,STUDENT703,Lenovo Yoga Active Noise Cancellation Headphones,Lenovo F510 HDD 1TB Grey,"Lenovo USB-C 3-in-1 Travel Hub, 4K HDMI, VGA, USB 3.0, Simple Plug and Play",$319.96,save $139.97,43% off,$179.99,6 Months Promotional Financing Available* On purchases of  or more made with the Lenovo Credit Card,$500,Learn More,Use eCoupon,STUDENT703,Learn More,$5,Lenovo Wireless Keyboard Mouse Combo
https://p1-ofp.static.pub/medias/bWFzdGVyfHJvb3R8MTYwNzY1fGltYWdlL3BuZ3xoODkvaGUyLzExMTk4MjcwNjAzMjk0LnBuZ3wyZDVkMzdlNjE4YTEzYWYwNTg2MDhhNWViOWJiZjBjMzM1M2M0ZmQyOTIzNWFmNWU0YTQ1OTY0ZjllYmY3OGQ0/lenovo-gaming303bundle.png,https://p4-ofp.static.pub/ShareResource/560x450/SSNP/GXD0T69864/GXD0T69864-560x450-01.4dd0e0bf40266e00.png,Game On Bundle,https://www.lenovo.com/us/en/p/accessories-and-software/convenience-bundles/GAMING303,GAMING303,Legion H500 Pro 7.1 Surround Sound Gaming Headset,Lenovo Legion 17” Armored Backpack,Lenovo Legion M600 Wireless Gaming Mouse,$289.97,save $110.00,37% off,$179.97,6 Months Promotional Financing Available* On purchases of  or more made with the Lenovo Credit Card,$500,Learn More,,,Learn More,$5,
https://p3-ofp.static.pub/fes/cms/2021/09/06/txkq9xyj36mcabvo6hyal7mt19krgm820001.jpg,https://p2-ofp.static.pub/ShareResource/560x450/Monitors/66C0KCC3US/66C0KCC3US-560x450-01.3cad33ad16a99507.png,X1 Bundle,https://www.lenovo.com/us/en/p/accessories-and-software/convenience-bundles/X1BUNDLE,X1BUNDLE,"Lenovo Q24i-1L 23.8"" FHD Natural Low Blue Light Monitor",ThinkPad X1 Presenter Mouse,ThinkPad X1 Active Noise Cancellation Headphones,$454.97,save $129.98,28% off,$324.99,6 Months Promotional Financing Available* On purchases of  or more made with the Lenovo Credit Card,$500,Learn More,Use eCoupon,X1BUNDLE,Learn More,$9,
https://p1-ofp.static.pub/medias/bWFzdGVyfHJvb3R8MTUyMzA3fGltYWdlL3BuZ3xoZDMvaGQ1LzExMDI4ODAwMDQ1MDg2LnBuZ3xjOTU2MzgyNDUxZWMyMmRjMDVjNmU4M2Q3ODRmZmQ3YjFlNGFhZTU5MDIwMWFlZjU4MjE5MmExZmIyMDY1Y2Nj/lenovo-wfh-bundle-pro-gallery-hero.png,https://p3-ofp.static.pub/ShareResource/560x450/SSNP/40AU0065US/40AU0065US-560X450-01.74ba993dfce738ef.png,WFH Bundle- Pro,https://www.lenovo.com/us/en/p/accessories-and-software/convenience-bundles/WFHBUNDLE707,WFHBUNDLE707,Lenovo USB-C Mini Dock,Lenovo Adjustable Notebook Stand,Lenovo Professional Wireless Keyboard and Mouse Combo,$559.95,save $169.96,30% off,$389.99,6 Months Promotional Financing Available* On purchases of  or more made with the Lenovo Credit Card,$500,Learn More,Use eCoupon,WFHBUNDLE707,Learn More,$11,Lenovo 500 FHD Webcam
https://p1-ofp.static.pub/medias/bWFzdGVyfHJvb3R8OTIyOTB8aW1hZ2UvanBlZ3xoMjIvaDhkLzExNDg0MzgzNjA4ODYyLmpwZ3wwZDAyMjEyYjE4MGQyYjZlNDI0ZmY4ZjcwZWEzMDNlNzk2YzBjODVjNDVhNjA0NTM3OTNjY2Q0MjVjMTAyODE5/lenovo-bundles-gaming-203.jpg,https://p4-ofp.static.pub/ShareResource/560x450/Monitors/66AAGAC6US/66AAGAC6US-560x450-01.b33c23ec78c5d062.png,Essential Gaming Bundle,https://www.lenovo.com/us/en/p/accessories-and-software/convenience-bundles/GAMING203,GAMING203,Lenovo Legion Y25-25 24.5-inch FHD LED Backlit LCD Gaming Monitor (G-Sync Compatible),Legion H500 Pro 7.1 Surround Sound Gaming Headset,Lenovo Legion 17” Armored Backpack,$629.96,save $149.97,23% off,$479.99,6 Months Promotional Financing Available* On purchases of  or more made with the Lenovo Credit Card,$500,Learn More,Use eCoupon,GAMING203,Learn More,$14,Lenovo Legion M600 Wireless Gaming Mouse
https://p3-ofp.static.pub/fes/cms/2021/07/16/5ap3vunwaei9nti6sbrtnlkv66t37c770302.jpg,https://p1-ofp.static.pub/medias/bWFzdGVyfHJvb3R8MTIwODF8aW1hZ2UvanBlZ3xoY2YvaGY1LzExNzIzODQyMzg3OTk4LmpwZ3xkZTdjYWFiZjQ1ZTg3YTBmMGQxYjRhOTJiMDA4Yzk0Njc2ZDU2MWY0ZDI2ZGI0Y2JkOGM4MGRjNjMwOTk2ZTY5/3F2ED0C6-9BE3-4B27-B922-91BE25E806C1.jpg,XEROX Workcenter 3335 with Toner Included,https://www.lenovo.com/us/en/p/accessories-and-software/convenience-bundles/XEROX3335TONER,XEROX3335TONER,Xerox Workcentre 3335 Black and White Printer,8.5K HIGH-CAPACITY TONER       TONR,,$723.43,save $137.45,18% off,$585.98,,,See How,Use eCoupon,XEROX3335TONER,Prequalify,$17,