normal_image src,hover_image src,lazy_href,lazy_href href,part_number 2,title,key_details,key_details 2,price,save,percent-box,final-price,ca-content-container,ca-price-focus,ca-link,ships,ca-link 2,text 3,bv_main_container href,bv_stars_svg_no_wrap href,bv_text,bv_text 2,ca-bold,ca-sub-content-container,ca-sub-content-container 2,ca-sub-content-container 3,ca-link 3,ca-link 4
https://p1-ofp.static.pub/medias/bWFzdGVyfHJvb3R8MTUxNjd8aW1hZ2UvanBlZ3xoOGYvaDFlLzExNjA4OTUzODQ3ODM4LmpwZ3w1ZjEyNjc2NmM4MDgwYjc1YTQ5YmEyNWEzZmQwOGJiN2I5ZGU0ZjhiZjE2MGE0ZmYwZGJiYmY4ODZhYzI5ODlm/C5ACB02A-B214-4D5B-A1CC-D9F42F760394.jpg,https://p1-ofp.static.pub/medias/bWFzdGVyfHJvb3R8MTUxNjd8aW1hZ2UvanBlZ3xoOGYvaDFlLzExNjA4OTUzODQ3ODM4LmpwZ3w1ZjEyNjc2NmM4MDgwYjc1YTQ5YmEyNWEzZmQwOGJiN2I5ZGU0ZjhiZjE2MGE0ZmYwZGJiYmY4ODZhYzI5ODlm/C5ACB02A-B214-4D5B-A1CC-D9F42F760394.jpg,"Brother ADS-2200 - document scanner - desktop - USB 2.0, USB 2.0 (Host)",https://www.lenovo.com/us/en/p/accessories-and-software/office-essentials/Office-Essentials_Scanners/78012952,78012952,Key Details,Fast 35 ppm/70 ipm 2-sided color scan speeds,Versatile paper handling via 50-sheet mixed media auto-feeder,$449.99,save $120.00,26% off,$329.99,6 Months Promotional Financing Available* On purchases of  or more made with the Lenovo Credit Card,$500,Learn More,Ships FREE in 1-3 business days,Learn More,$9,https://www.lenovo.com/us/en/p/accessories-and-software/office-essentials/Office-Essentials_Scanners/78012952,[object Object],4.4,(52),,,,,,
https://p1-ofp.static.pub/medias/bWFzdGVyfHJvb3R8MTYzMDR8aW1hZ2UvanBlZ3xoN2UvaDVlLzExNjA4NzMxNjQ4MDMwLmpwZ3wzY2E4NTFmYTdiYzllMzVmMGY5YzJkYzZkZDUzZmRiODY2M2E5ODA3MDkwMTU3OWI2NTE3NDVhOWZkNzMxNDQ5/FBE1F600-D8D5-438A-AFA4-126BAB44ECE2.jpg,https://p1-ofp.static.pub/medias/bWFzdGVyfHJvb3R8MTYzMDR8aW1hZ2UvanBlZ3xoN2UvaDVlLzExNjA4NzMxNjQ4MDMwLmpwZ3wzY2E4NTFmYTdiYzllMzVmMGY5YzJkYzZkZDUzZmRiODY2M2E5ODA3MDkwMTU3OWI2NTE3NDVhOWZkNzMxNDQ5/FBE1F600-D8D5-438A-AFA4-126BAB44ECE2.jpg,WRLSS COMPACT DESKTOP SCANNER,https://www.lenovo.com/us/en/p/accessories-and-software/office-essentials/Office-Essentials_Scanners/78012931,78012931,,,,$379.99,save $110.00,28% off,$269.99,6 Months Promotional Financing Available* On purchases of  or more made with the Lenovo Credit Card,$500,Learn More,Ships FREE in 1-3 business days,Learn More,$8,https://www.lenovo.com/us/en/p/accessories-and-software/office-essentials/Office-Essentials_Scanners/78012931,[object Object],4.2,(62),,,,,,
https://p1-ofp.static.pub/medias/bWFzdGVyfHJvb3R8MTIzODh8aW1hZ2UvanBlZ3xoYjAvaDYwLzExNjAyMTE4NDc1ODA2LmpwZ3w0Y2RkZDYwNTJlYWVkZTg5YzFjMjQ0NDQzYjk2N2IzY2VhNGE4OTY4NmJmZTc4OGFjNDhjYzk2OTE3OWU5NGQx/1FE1AC32-7CCF-42D0-9F2A-12B0918F0DCD.jpg,https://p1-ofp.static.pub/medias/bWFzdGVyfHJvb3R8MTIzODh8aW1hZ2UvanBlZ3xoYjAvaDYwLzExNjAyMTE4NDc1ODA2LmpwZ3w0Y2RkZDYwNTJlYWVkZTg5YzFjMjQ0NDQzYjk2N2IzY2VhNGE4OTY4NmJmZTc4OGFjNDhjYzk2OTE3OWU5NGQx/1FE1AC32-7CCF-42D0-9F2A-12B0918F0DCD.jpg,DSKTP DOCUMENT SCANNER,https://www.lenovo.com/us/en/p/accessories-and-software/office-essentials/Office-Essentials_Scanners/78012933,78012933,,,,$549.99,save $180.00,32% off,$369.99,6 Months Promotional Financing Available* On purchases of  or more made with the Lenovo Credit Card,$500,Learn More,Ships FREE in 1-3 business days,Learn More,$11,https://www.lenovo.com/us/en/p/accessories-and-software/office-essentials/Office-Essentials_Scanners/78012933,[object Object],4.2,(72),,,,,,
https://p1-ofp.static.pub/medias/bWFzdGVyfHJvb3R8MTAyODV8aW1hZ2UvanBlZ3xoNzIvaDQ5LzExNjAxOTI1NzAxNjYyLmpwZ3w0NTlkMDRiNjdkMjcxMGNkZGZhNTcxM2I2ZTlhODVhMTQ0YjQ4ZDVkNjIyY2FiOTAxMzIyZGVkYTRiZmIxMmMz/50308201-46CA-4C5D-83ED-CADA59844667.jpg,https://p1-ofp.static.pub/medias/bWFzdGVyfHJvb3R8MTAyODV8aW1hZ2UvanBlZ3xoNzIvaDQ5LzExNjAxOTI1NzAxNjYyLmpwZ3w0NTlkMDRiNjdkMjcxMGNkZGZhNTcxM2I2ZTlhODVhMTQ0YjQ4ZDVkNjIyY2FiOTAxMzIyZGVkYTRiZmIxMmMz/50308201-46CA-4C5D-83ED-CADA59844667.jpg,OFFICEASSIST AUTO FEED SHREDDERACCS,https://www.lenovo.com/us/en/p/accessories-and-software/office-essentials/Office-Essentials_Shredders/78016654,78016654,,,,,,,$999.99,,,See How,Ships FREE in 1-3 business days,Prequalify,$30,,,,,$167/mo,suggested payments,w/6 mo,promo financing,See How,Prequalify
https://p4-ofp.static.pub/ShareResource/560x450/3PO/78025627/78025627-560x450-01.15178231656f0435.png,https://p3-ofp.static.pub/ShareResource/560x450/3PO/78025627/78025627-560x450-02.1c85de2a8612d82b.png,"Ativa 6-Sheet Cross-Cut Shredder, Black, A06CC19",https://www.lenovo.com/us/en/p/accessories-and-software/office-essentials/Office-Essentials_Shredders/78025627,78025627,Key Details,"Destroying sensitive documents can help ensure that your private information stays out of the hands of identity thieves and other criminals. This cross-cut Ativa shredder allows you to quickly dispose of financial statements and other personal documents.  Integrated features that help you save time when shredding documents.  6-sheet shredder can be used to destroy staples, paper clips, and credit cards.  3.4 gallon bin with easy lift-off lid with handle.  Cross-cut blades slice paper in a cross-...","Destroying sensitive documents can help ensure that your private information stays out of the hands of identity thieves and other criminals. This cross-cut Ativa shredder allows you to quickly dispose of financial statements and other personal documents.  Integrated features that help you save time when shredding documents.  6-sheet shredder can be used to destroy staples, paper clips, and credit cards.  3.4 gallon bin with easy lift-off lid with handle.  Cross-cut blades slice paper in a cross-...",$50.99,save $16.00,31% off,$34.99,6 Months Promotional Financing Available* On purchases of  or more made with the Lenovo Credit Card,$500,Learn More,Ships FREE in 4-7 business days,Learn More,$1,,,,,,,,,,
https://p1-ofp.static.pub/medias/bWFzdGVyfHJvb3R8MTEwNDZ8aW1hZ2UvanBlZ3xoZTgvaGRjLzExNjAzNjUzMzYxNjk0LmpwZ3w0NjAxODJiMjQzNmQ0MWEyZThiNTRiMDAyM2RhNzE4MjEyODM1OGUyOGYwZjczZmRiNTcyMjk3YTA2ZTQxNDUx/0E741547-5E0F-41FC-8A8F-0BAC2E6D310B.jpg,https://p1-ofp.static.pub/medias/bWFzdGVyfHJvb3R8MTEwNDZ8aW1hZ2UvanBlZ3xoZTgvaGRjLzExNjAzNjUzMzYxNjk0LmpwZ3w0NjAxODJiMjQzNmQ0MWEyZThiNTRiMDAyM2RhNzE4MjEyODM1OGUyOGYwZjczZmRiNTcyMjk3YTA2ZTQxNDUx/0E741547-5E0F-41FC-8A8F-0BAC2E6D310B.jpg,OFFICEASSIST M100S ANTI-JAM    ACCS,https://www.lenovo.com/us/en/p/accessories-and-software/office-essentials/Office-Essentials_Shredders/78014711,78014711,,,,,,,$114.99,6 Months Promotional Financing Available* On purchases of  or more made with the Lenovo Credit Card,$500,Learn More,Ships FREE in 1-3 business days,Learn More,$3,,,,,,,,,,
https://p4-ofp.static.pub/ShareResource/560x450/3PO/78025626/78025626-560x450-01.801579d67f2c64f4.png,https://p1-ofp.static.pub/ShareResource/560x450/3PO/78025626/78025626-560x450-02.165f69d2288bc55c.png,"Ativa 12-Sheet Micro-Cut Shredder, A12MC19",https://www.lenovo.com/us/en/p/accessories-and-software/office-essentials/Office-Essentials_Shredders/78025626,78025626,Key Details,"Keep this powerful unit in your home office to quickly shred through sensitive documents. The micro-cut design leaves behind virtually unreadable scraps.  Integrated features that help you save time when shredding documents.  12-sheet shredder can be used to destroy staples, paper clips, and credit cards.  6 gallon bin easily pulls out for emptying.  Micro-cut blades slice paper in a cross-hatch pattern into shreds measuring 0.16in x 0.47in.  Shred speeds up to 6 fpm allows fast use.  Shreds con...","Keep this powerful unit in your home office to quickly shred through sensitive documents. The micro-cut design leaves behind virtually unreadable scraps.  Integrated features that help you save time when shredding documents.  12-sheet shredder can be used to destroy staples, paper clips, and credit cards.  6 gallon bin easily pulls out for emptying.  Micro-cut blades slice paper in a cross-hatch pattern into shreds measuring 0.16in x 0.47in.  Shred speeds up to 6 fpm allows fast use.  Shreds con...",$165.19,save $40.20,24% off,$124.99,6 Months Promotional Financing Available* On purchases of  or more made with the Lenovo Credit Card,$500,Learn More,Ships FREE in 4-7 business days,Learn More,$3,,,,,,,,,,
https://p1-ofp.static.pub/medias/bWFzdGVyfHJvb3R8MTEyMzd8aW1hZ2UvanBlZ3xoNTgvaGVjLzExNjA3Nzg5MTQyMDQ2LmpwZ3w1NzY2MmYxMzEyMWViNDQ1YzBkZjc4MWYxNmI0Y2E3MWU0ODdiZGFlYTEyZmE2NjM0MWRmNThlMGU4NGRmOGMx/307F0E60-A0B8-4D3E-9987-CB234104FEFD.jpg,https://p1-ofp.static.pub/medias/bWFzdGVyfHJvb3R8MTEyMzd8aW1hZ2UvanBlZ3xoNTgvaGVjLzExNjA3Nzg5MTQyMDQ2LmpwZ3w1NzY2MmYxMzEyMWViNDQ1YzBkZjc4MWYxNmI0Y2E3MWU0ODdiZGFlYTEyZmE2NjM0MWRmNThlMGU4NGRmOGMx/307F0E60-A0B8-4D3E-9987-CB234104FEFD.jpg,POWERSHRED P-35C CROSS-CUT     ACCS,https://www.lenovo.com/us/en/p/accessories-and-software/office-essentials/Office-Essentials_Shredders/78014698,78014698,,,,,,,$139.99,6 Months Promotional Financing Available* On purchases of  or more made with the Lenovo Credit Card,$500,Learn More,Ships FREE in 1-3 business days,Learn More,$4,https://www.lenovo.com/us/en/p/accessories-and-software/office-essentials/Office-Essentials_Shredders/78014698,[object Object],3.9,(68),,,,,,
https://p1-ofp.static.pub/medias/bWFzdGVyfHJvb3R8ODgxNHxpbWFnZS9qcGVnfGg0MS9oOWYvMTE2MDI3MzE2NjMzOTAuanBnfGE3N2RmZTdkNWY2ZGE1NzVlYjUxOTk0NTkwYTZiNGY4ZDI5NGZmNWU0YzEyZjAwYmY1MTQzYzQwMDhjNTg0ZWY/13B9E203-8704-40DB-B147-49CB2DF72910.jpg,https://p1-ofp.static.pub/medias/bWFzdGVyfHJvb3R8ODgxNHxpbWFnZS9qcGVnfGg0MS9oOWYvMTE2MDI3MzE2NjMzOTAuanBnfGE3N2RmZTdkNWY2ZGE1NzVlYjUxOTk0NTkwYTZiNGY4ZDI5NGZmNWU0YzEyZjAwYmY1MTQzYzQwMDhjNTg0ZWY/13B9E203-8704-40DB-B147-49CB2DF72910.jpg,POWERSHRED 11C CROSS CUT       ACCS,https://www.lenovo.com/us/en/p/accessories-and-software/office-essentials/Office-Essentials_Shredders/78014701,78014701,,,,,,,$179.99,6 Months Promotional Financing Available* On purchases of  or more made with the Lenovo Credit Card,$500,Learn More,Ships FREE in 1-3 business days,Learn More,$5,https://www.lenovo.com/us/en/p/accessories-and-software/office-essentials/Office-Essentials_Shredders/78014701,[object Object],4.6,(124),,,,,,
https://p1-ofp.static.pub/medias/bWFzdGVyfHJvb3R8MTQzMTl8aW1hZ2UvanBlZ3xoNmEvaGViLzExNjA4OTc2OTgyMDQ2LmpwZ3w5OWViMjFlYzkxYjJiZjU0ZjY4YWU0MTg5NDIwN2Y3YjQwMDVjN2ZiZmM1ZmQ4MDM4NzcwOGE0MGFkMzk2OTY4/A85EEEF7-2F58-4802-9E19-D1AC269259F4.jpg,https://p1-ofp.static.pub/medias/bWFzdGVyfHJvb3R8MTQzMTl8aW1hZ2UvanBlZ3xoNmEvaGViLzExNjA4OTc2OTgyMDQ2LmpwZ3w5OWViMjFlYzkxYjJiZjU0ZjY4YWU0MTg5NDIwN2Y3YjQwMDVjN2ZiZmM1ZmQ4MDM4NzcwOGE0MGFkMzk2OTY4/A85EEEF7-2F58-4802-9E19-D1AC269259F4.jpg,WRLSS COMPACT DESKTOP SCANNER,https://www.lenovo.com/us/en/p/accessories-and-software/office-essentials/Office-Essentials_Scanners/78012930,78012930,,,,$329.99,save $100.00,30% off,$229.99,6 Months Promotional Financing Available* On purchases of  or more made with the Lenovo Credit Card,$500,Learn More,Ships FREE in 1-3 business days,Learn More,$6,https://www.lenovo.com/us/en/p/accessories-and-software/office-essentials/Office-Essentials_Scanners/78012930,[object Object],3.8,(41),,,,,,
https://p1-ofp.static.pub/medias/bWFzdGVyfHJvb3R8MTA5NzN8aW1hZ2UvanBlZ3xoNjUvaDVlLzExNjAxOTE2ODU0MzAyLmpwZ3w5NDdiMGNlMGE3N2IxNDdhNmRhYzQ0NDE1NjNkZTVhMzkwZWJlMjVkMjI2YjQ2YWJjM2NlZThhM2M2MjMyZmQ5/0A92A901-44C3-46C5-9E29-227AA5F28024.jpg,https://p1-ofp.static.pub/medias/bWFzdGVyfHJvb3R8MTA5NzN8aW1hZ2UvanBlZ3xoNjUvaDVlLzExNjAxOTE2ODU0MzAyLmpwZ3w5NDdiMGNlMGE3N2IxNDdhNmRhYzQ0NDE1NjNkZTVhMzkwZWJlMjVkMjI2YjQ2YWJjM2NlZThhM2M2MjMyZmQ5/0A92A901-44C3-46C5-9E29-227AA5F28024.jpg,OFFICEASSIST AUTO FEED SHREDDERACCS,https://www.lenovo.com/us/en/p/accessories-and-software/office-essentials/Office-Essentials_Shredders/78016652,78016652,,,,,,,$299.99,6 Months Promotional Financing Available* On purchases of  or more made with the Lenovo Credit Card,$500,Learn More,Ships FREE in 1-3 business days,Learn More,$9,,,,,,,,,,
https://p1-ofp.static.pub/medias/bWFzdGVyfHJvb3R8OTEzNXxpbWFnZS9qcGVnfGg2NC9oYjYvMTE2MDI3MzA2ODAzNTAuanBnfDlhMmJmNGRkZWQwZjdlNzk5OWZjMzAwMjJhMzIzNDEwZmZlYmJkYWI1NWE4ZDYyM2Y0MWJhYWI5MGY1MzBiODc/0959536E-6F4B-444D-83D1-F9A534272688.jpg,https://p1-ofp.static.pub/medias/bWFzdGVyfHJvb3R8OTEzNXxpbWFnZS9qcGVnfGg2NC9oYjYvMTE2MDI3MzA2ODAzNTAuanBnfDlhMmJmNGRkZWQwZjdlNzk5OWZjMzAwMjJhMzIzNDEwZmZlYmJkYWI1NWE4ZDYyM2Y0MWJhYWI5MGY1MzBiODc/0959536E-6F4B-444D-83D1-F9A534272688.jpg,SHREDDER 12CS CROSS CUT        ACCS,https://www.lenovo.com/us/en/p/accessories-and-software/office-essentials/Office-Essentials_Shredders/78014702,78014702,,,,,,,$326.99,6 Months Promotional Financing Available* On purchases of  or more made with the Lenovo Credit Card,$500,Learn More,Ships FREE in 1-3 business days,Learn More,$9,https://www.lenovo.com/us/en/p/accessories-and-software/office-essentials/Office-Essentials_Shredders/78014702,[object Object],4.4,(9),,,,,,
https://p1-ofp.static.pub/medias/bWFzdGVyfHJvb3R8MTI5MDZ8aW1hZ2UvanBlZ3xoNWYvaDBhLzExNjAxOTIzMzQyMzY2LmpwZ3xlYmI0NjNjOTQ3MTFiNDdkOWJmMzExZmI1N2NiMmQ0ZmE2ZTM1YTMzNWE0Y2NiOTZkM2ZjMGRjOGQyY2I2OTU4/7CBD6759-8C9F-43E7-B831-EF35FA21C237.jpg,https://p1-ofp.static.pub/medias/bWFzdGVyfHJvb3R8MTI5MDZ8aW1hZ2UvanBlZ3xoNWYvaDBhLzExNjAxOTIzMzQyMzY2LmpwZ3xlYmI0NjNjOTQ3MTFiNDdkOWJmMzExZmI1N2NiMmQ0ZmE2ZTM1YTMzNWE0Y2NiOTZkM2ZjMGRjOGQyY2I2OTU4/7CBD6759-8C9F-43E7-B831-EF35FA21C237.jpg,Kensington OfficeAssist Shredder M200-HS Anti-Jam Micro Cut - shredder,https://www.lenovo.com/us/en/p/accessories-and-software/office-essentials/Office-Essentials_Shredders/78016651,78016651,Key Details,"Shreds up to 15 sheets at a time, including staples and paper clips. P-5 micro-cut shredding provides a higher level of security. Ideal for shredding sensitive and confidential documents","Quiet motor with anti-jam technology benefits the office with less noise and disruption. Motor automatically stops and reverses when too much paper is inserted, avoiding time-consuming and paper jams",,,,$359.99,6 Months Promotional Financing Available* On purchases of  or more made with the Lenovo Credit Card,$500,Learn More,Ships FREE in 1-3 business days,Learn More,$10,,,,,,,,,,
https://p1-ofp.static.pub/medias/bWFzdGVyfHJvb3R8MTEzODV8aW1hZ2UvanBlZ3xoMzAvaGFmLzExNjAxOTI0NTIyMDE0LmpwZ3w4MGFmNmE4ZDEwZTdlYjhhNTM0ZTA3NmUwYTY0YzI3OGZkMjFlNGQ5YmI4OTFmZGRlODg2YmE2M2U3YWQyMzEz/691D1E68-8CA0-4A91-A80A-0313221CB545.jpg,https://p1-ofp.static.pub/medias/bWFzdGVyfHJvb3R8MTEzODV8aW1hZ2UvanBlZ3xoMzAvaGFmLzExNjAxOTI0NTIyMDE0LmpwZ3w4MGFmNmE4ZDEwZTdlYjhhNTM0ZTA3NmUwYTY0YzI3OGZkMjFlNGQ5YmI4OTFmZGRlODg2YmE2M2U3YWQyMzEz/691D1E68-8CA0-4A91-A80A-0313221CB545.jpg,OFFICEASSIST AUTO FEED SHREDDERACCS,https://www.lenovo.com/us/en/p/accessories-and-software/office-essentials/Office-Essentials_Shredders/78016653,78016653,,,,,,,$549.99,,,See How,Ships FREE in 1-3 business days,Prequalify,$16,,,,,$92/mo,suggested payments,w/6 mo,promo financing,See How,Prequalify
https://p1-ofp.static.pub/medias/bWFzdGVyfHJvb3R8MTAxNjN8aW1hZ2UvanBlZ3xoMmMvaDg2LzExNjAyOTQwMTMzNDA2LmpwZ3w2YmE3MTMxMWQyMWY4NDBiODYzYjNiZTE4MGQ0ZTQxOWRmY2NlZTRiNDJhZTNjNjJkMjQzNjNlNDgwNzc4ZDA3/9960971D-4137-40C3-8545-E7A677518449.jpg,https://p1-ofp.static.pub/medias/bWFzdGVyfHJvb3R8MTAxNjN8aW1hZ2UvanBlZ3xoMmMvaDg2LzExNjAyOTQwMTMzNDA2LmpwZ3w2YmE3MTMxMWQyMWY4NDBiODYzYjNiZTE4MGQ0ZTQxOWRmY2NlZTRiNDJhZTNjNjJkMjQzNjNlNDgwNzc4ZDA3/9960971D-4137-40C3-8545-E7A677518449.jpg,AUTOMAX 130C  CROSS CUT        ACCS,https://www.lenovo.com/us/en/p/accessories-and-software/office-essentials/Office-Essentials_Shredders/78014704,78014704,,,,,,,$599.99,,,See How,Ships FREE in 1-3 business days,Prequalify,$18,https://www.lenovo.com/us/en/p/accessories-and-software/office-essentials/Office-Essentials_Shredders/78014704,[object Object],4.9,(7),$100/mo,suggested payments,w/6 mo,promo financing,See How,Prequalify
https://p1-ofp.static.pub/medias/bWFzdGVyfHJvb3R8OTg3NnxpbWFnZS9qcGVnfGg1Ny9oOGQvMTE5ODM1MDg1NzAxNDIuanBnfGUwNjM5YzBlYjFiMGJjMTczMGNiMTNkYTg1Mzk5MmE2YTY4Y2E3NzQyM2ZkNTdjNzc0ZGEwZDhiMzc1MGRhZTE/CD3588B7-2017-441C-94C3-2AB2598E9774.jpg,https://p1-ofp.static.pub/medias/bWFzdGVyfHJvb3R8OTg3NnxpbWFnZS9qcGVnfGg1Ny9oOGQvMTE5ODM1MDg1NzAxNDIuanBnfGUwNjM5YzBlYjFiMGJjMTczMGNiMTNkYTg1Mzk5MmE2YTY4Y2E3NzQyM2ZkNTdjNzc0ZGEwZDhiMzc1MGRhZTE/CD3588B7-2017-441C-94C3-2AB2598E9774.jpg,Canon imageFORMULA DR-M140 Office Document Scanner,https://www.lenovo.com/us/en/p/accessories-and-software/office-essentials/Office-Essentials_Scanners/78053867,78053867,,,,"$1,095.00",save $274.00,25% off,$821.00,,,See How,Ships FREE in 1-3 business days,Prequalify,$24,,,,,$137/mo,suggested payments,w/6 mo,promo financing,See How,Prequalify
https://p1-ofp.static.pub/medias/bWFzdGVyfHJvb3R8OTQ1OHxpbWFnZS9qcGVnfGgwMy9oOWEvMTE2MDI5NDQyNjIxNzQuanBnfDY1MzFkMTkzMTExZmUyY2IxODFiNjhlOTRhYmU1ZGU1NGZkOGYyYWRhNzQ3MDdjMWZhM2U3YzMyZmMyOWRlODA/61336613-A46E-4AE3-AA9C-1F590B53F8DF.jpg,https://p1-ofp.static.pub/medias/bWFzdGVyfHJvb3R8OTQ1OHxpbWFnZS9qcGVnfGgwMy9oOWEvMTE2MDI5NDQyNjIxNzQuanBnfDY1MzFkMTkzMTExZmUyY2IxODFiNjhlOTRhYmU1ZGU1NGZkOGYyYWRhNzQ3MDdjMWZhM2U3YzMyZmMyOWRlODA/61336613-A46E-4AE3-AA9C-1F590B53F8DF.jpg,AUTOMAX 200C CD/DVD  CROSS CUT ACCS,https://www.lenovo.com/us/en/p/accessories-and-software/office-essentials/Office-Essentials_Shredders/78014703,78014703,,,,,,,"$1,109.99",,,See How,Ships FREE in 1-3 business days,Prequalify,$33,https://www.lenovo.com/us/en/p/accessories-and-software/office-essentials/Office-Essentials_Shredders/78014703,[object Object],4.4,(5),$185/mo,suggested payments,w/6 mo,promo financing,See How,Prequalify