normal_image src,hover_image src,heart src,productGalleryOverride src,productGalleryOverride src 2,productGalleryOverride src 3,lazy_href,lazy_href href,part_number 2,title,key_details,key_details 2,key_details 3,final-price,ships,text 3,bv_main_container href,bv_stars_svg_no_wrap href,bv_text,bv_text 2,key_details 4,key_details 5,key_details 6,key_details 7,key_details 8,key_details 9,key_details 10,key_details 11,key_details 12,key_details 13
https://p1-ofp.static.pub/medias/bWFzdGVyfHJvb3R8NTQ4OHxpbWFnZS9qcGVnfGgwOC9oMjAvMTE3MjM2NjI0MjYxNDIuanBnfDg1NGM2ZWU1NjUwMGUxZGVkZGJjZDQ2N2JmNTI5NjNmZjVjZWVmODg2ZDEyZjYzYzcwNjA5N2FjNWZkMDU1ZWY/A671295E-8AFC-4E22-8855-414C00C08CBD.jpg,https://p1-ofp.static.pub/medias/bWFzdGVyfHJvb3R8NTQ4OHxpbWFnZS9qcGVnfGgwOC9oMjAvMTE3MjM2NjI0MjYxNDIuanBnfDg1NGM2ZWU1NjUwMGUxZGVkZGJjZDQ2N2JmNTI5NjNmZjVjZWVmODg2ZDEyZjYzYzcwNjA5N2FjNWZkMDU1ZWY/A671295E-8AFC-4E22-8855-414C00C08CBD.jpg,https://p1-ofp.static.pub/fes/cms/2020/12/25/76apjfkml79bg5qcf172tvt0bw0c8s348607.png,https://p2-ofp.static.pub/fes/cms/2021/07/06/2h8n4ofixc8g8i94vopfat048ld37m944694.svg,https://p3-ofp.static.pub/fes/cms/2021/07/06/efrjjv1rz2xiuvpm0emnwj6y2gmai3506628.svg,https://p2-ofp.static.pub/fes/cms/2021/07/06/wxdfgadg28utnas6ca5d28oot1lcxj806083.svg,Philips Hue - LED light bulb - shape: A19 - E26 - 10 W - white light - 2700 K,https://www.lenovo.com/us/en/p/accessories-and-software/smart-home-essentials/Smart-Home-Essentials_Smart-Lighting/78015968,78015968,Key Details,Control lights with your voice,Create a personalized experience,Set the right mood with soft light,$12.99,Ships FREE in 1-3 business days,$0.39,https://www.lenovo.com/us/en/p/accessories-and-software/smart-home-essentials/Smart-Home-Essentials_Smart-Lighting/78015968,[object Object],4.3,(7),Control lights with your voice,Create a personalized experience,Set the right mood with soft light,,,,,,,
https://p1-ofp.static.pub/medias/bWFzdGVyfHJvb3R8ODU2OHxpbWFnZS9qcGVnfGhhZi9oOTAvMTE2MDU5NDg4NTgzOTguanBnfDNjYjMzYTI0ZTU4YWExNTFjMWIxNzgzNjBhNWNmNGEyZTkwNGYxOTFmOTkwMDdmOWVkMDY0MzFlYjBmNWZlNGQ/91F1893D-E99A-4FB6-AD7A-4D025E197BBD.jpg,https://p1-ofp.static.pub/medias/bWFzdGVyfHJvb3R8ODU2OHxpbWFnZS9qcGVnfGhhZi9oOTAvMTE2MDU5NDg4NTgzOTguanBnfDNjYjMzYTI0ZTU4YWExNTFjMWIxNzgzNjBhNWNmNGEyZTkwNGYxOTFmOTkwMDdmOWVkMDY0MzFlYjBmNWZlNGQ/91F1893D-E99A-4FB6-AD7A-4D025E197BBD.jpg,https://p1-ofp.static.pub/fes/cms/2020/12/25/76apjfkml79bg5qcf172tvt0bw0c8s348607.png,https://p2-ofp.static.pub/fes/cms/2021/07/06/2h8n4ofixc8g8i94vopfat048ld37m944694.svg,https://p3-ofp.static.pub/fes/cms/2021/07/06/efrjjv1rz2xiuvpm0emnwj6y2gmai3506628.svg,https://p2-ofp.static.pub/fes/cms/2021/07/06/wxdfgadg28utnas6ca5d28oot1lcxj806083.svg,TP-Link Kasa Smart KL60 - LED filament light bulb - shape: A60 - E27 - 5 W - amber light - 2000 K,https://www.lenovo.com/us/en/p/accessories-and-software/smart-home-essentials/Smart-Home-Essentials_Smart-Lighting/78015312,78015312,Key Details,Dimmable,Device grouping,Voice control,$14.99,Ships FREE in 1-3 business days,$0.45,,,,,Dimmable,Device grouping,Voice control,Energy monitoring,Energy monitoring,,,,,
https://p1-ofp.static.pub/medias/bWFzdGVyfHJvb3R8NjI1M3xpbWFnZS9qcGVnfGhlZi9oMTUvMTE2MDIzMTU0NDQyNTQuanBnfGU3NTdmM2RiMjU0OGFmMjVhMDAwZjUzNjU5MDc0NDk0ODliMjNhYTc2MGZjNTliODcyMDVlYTk2ZmM2YjQ4ZTM/44047BC8-2E1F-4304-9E4B-87FC44A652BB.jpg,https://p1-ofp.static.pub/medias/bWFzdGVyfHJvb3R8NjI1M3xpbWFnZS9qcGVnfGhlZi9oMTUvMTE2MDIzMTU0NDQyNTQuanBnfGU3NTdmM2RiMjU0OGFmMjVhMDAwZjUzNjU5MDc0NDk0ODliMjNhYTc2MGZjNTliODcyMDVlYTk2ZmM2YjQ4ZTM/44047BC8-2E1F-4304-9E4B-87FC44A652BB.jpg,https://p1-ofp.static.pub/fes/cms/2020/12/25/76apjfkml79bg5qcf172tvt0bw0c8s348607.png,https://p2-ofp.static.pub/fes/cms/2021/07/06/2h8n4ofixc8g8i94vopfat048ld37m944694.svg,https://p3-ofp.static.pub/fes/cms/2021/07/06/efrjjv1rz2xiuvpm0emnwj6y2gmai3506628.svg,https://p2-ofp.static.pub/fes/cms/2021/07/06/wxdfgadg28utnas6ca5d28oot1lcxj806083.svg,Kasa Smart HS105 V5.80 - smart plug - 802.11b/g/n,https://www.lenovo.com/us/en/p/accessories-and-software/smart-home-essentials/Smart-Home-Essentials_Smart-Outlets/78010814,78010814,Key Details,Control from anywhere,Keep outlets free,Stay on schedule,$22.99,Ships FREE in 1-3 business days,$0.69,,,,,Control from anywhere,Keep outlets free,Stay on schedule,Know what's happening,Know what's happening,Feel more secure,Control with your voice,No hub required,Feel more secure,Control with your voice
https://p1-ofp.static.pub/medias/bWFzdGVyfHJvb3R8NTkwMXxpbWFnZS9qcGVnfGg1NC9oZTAvMTE2OTE5MjIxOTQ0NjIuanBnfDkzZGVmNTIxNmM5NWNjYjllMjJjMzhhNzQwNzNhMGRhNTdiZDQ3ZGM5YmU4NzBjMTY1OWI2M2U3NDM1OGQyMzc/524429DB-3115-4DDD-92D2-626EF6DA9B92.jpg,https://p1-ofp.static.pub/medias/bWFzdGVyfHJvb3R8NTkwMXxpbWFnZS9qcGVnfGg1NC9oZTAvMTE2OTE5MjIxOTQ0NjIuanBnfDkzZGVmNTIxNmM5NWNjYjllMjJjMzhhNzQwNzNhMGRhNTdiZDQ3ZGM5YmU4NzBjMTY1OWI2M2U3NDM1OGQyMzc/524429DB-3115-4DDD-92D2-626EF6DA9B92.jpg,https://p1-ofp.static.pub/fes/cms/2020/12/25/76apjfkml79bg5qcf172tvt0bw0c8s348607.png,https://p2-ofp.static.pub/fes/cms/2021/07/06/2h8n4ofixc8g8i94vopfat048ld37m944694.svg,https://p3-ofp.static.pub/fes/cms/2021/07/06/efrjjv1rz2xiuvpm0emnwj6y2gmai3506628.svg,https://p2-ofp.static.pub/fes/cms/2021/07/06/wxdfgadg28utnas6ca5d28oot1lcxj806083.svg,Philips Hue White ambiance - LED light bulb - shape: B39 - E12 - 6 W - warm white to cool daylight - 2200-6500 K,https://www.lenovo.com/us/en/p/accessories-and-software/smart-home-essentials/Smart-Home-Essentials_Smart-Lighting/78015970,78015970,Key Details,Control numerous lights with the Bluetooth app,Control lights with your voice,Set the right mood with warm to cool white light,$24.99,Ships FREE in 1-3 business days,$0.75,https://www.lenovo.com/us/en/p/accessories-and-software/smart-home-essentials/Smart-Home-Essentials_Smart-Lighting/78015970,[object Object],4.4,(16),Control numerous lights with the Bluetooth app,Control lights with your voice,Set the right mood with warm to cool white light,Get the perfect light recipes for your daily activities,Get the perfect light recipes for your daily activities,,,,,
https://p1-ofp.static.pub/medias/bWFzdGVyfHJvb3R8NjkzMHxpbWFnZS9qcGVnfGg2ZS9oZTQvMTE2MDEyMDI2NzU3NDIuanBnfDFiZGEwMDg1ZDgyYTcyZTYwNDVmMzA0NmUzODVhZDY2MDAzODUwMjVjNzY5MTE2MTdmZDc2YWUyMWU4MzlhYmU/D1AACD5A-7CED-4550-89FB-232E91AA5F3E.jpg,https://p1-ofp.static.pub/medias/bWFzdGVyfHJvb3R8NjkzMHxpbWFnZS9qcGVnfGg2ZS9oZTQvMTE2MDEyMDI2NzU3NDIuanBnfDFiZGEwMDg1ZDgyYTcyZTYwNDVmMzA0NmUzODVhZDY2MDAzODUwMjVjNzY5MTE2MTdmZDc2YWUyMWU4MzlhYmU/D1AACD5A-7CED-4550-89FB-232E91AA5F3E.jpg,https://p1-ofp.static.pub/fes/cms/2020/12/25/76apjfkml79bg5qcf172tvt0bw0c8s348607.png,https://p2-ofp.static.pub/fes/cms/2021/07/06/2h8n4ofixc8g8i94vopfat048ld37m944694.svg,https://p3-ofp.static.pub/fes/cms/2021/07/06/efrjjv1rz2xiuvpm0emnwj6y2gmai3506628.svg,https://p2-ofp.static.pub/fes/cms/2021/07/06/wxdfgadg28utnas6ca5d28oot1lcxj806083.svg,WeMo - smart plug - 802.11n,https://www.lenovo.com/us/en/p/accessories-and-software/smart-home-essentials/Smart-Home-Essentials_Smart-Outlets/78015876,78015876,Key Details,"Convenient, compact design",Schedule lights and devices,Protect your home with randomized lights,$24.99,Ships FREE in 1-3 business days,$0.75,https://www.lenovo.com/us/en/p/accessories-and-software/smart-home-essentials/Smart-Home-Essentials_Smart-Outlets/78015876,[object Object],4.8,(33),"Convenient, compact design",Schedule lights and devices,Protect your home with randomized lights,Hands-free voice control,Hands-free voice control,,,,,
https://p1-ofp.static.pub/medias/bWFzdGVyfHJvb3R8ODU2MHxpbWFnZS9qcGVnfGgyZS9oNzMvMTE3MjQwNjE0MDkzMTAuanBnfGU2MDM3MThhMDQ2ZDZlNDk0MjVmZjU1YWNlYzg1YWZhYmVmOGY4NGZlZmQ4NWZmNzZiOTM3YjNhYTIzZjkwYzk/68F4D368-3F09-42F9-9873-EF6264708AEC.jpg,https://p1-ofp.static.pub/medias/bWFzdGVyfHJvb3R8ODU2MHxpbWFnZS9qcGVnfGgyZS9oNzMvMTE3MjQwNjE0MDkzMTAuanBnfGU2MDM3MThhMDQ2ZDZlNDk0MjVmZjU1YWNlYzg1YWZhYmVmOGY4NGZlZmQ4NWZmNzZiOTM3YjNhYTIzZjkwYzk/68F4D368-3F09-42F9-9873-EF6264708AEC.jpg,https://p1-ofp.static.pub/fes/cms/2020/12/25/76apjfkml79bg5qcf172tvt0bw0c8s348607.png,https://p2-ofp.static.pub/fes/cms/2021/07/06/2h8n4ofixc8g8i94vopfat048ld37m944694.svg,https://p3-ofp.static.pub/fes/cms/2021/07/06/efrjjv1rz2xiuvpm0emnwj6y2gmai3506628.svg,https://p2-ofp.static.pub/fes/cms/2021/07/06/wxdfgadg28utnas6ca5d28oot1lcxj806083.svg,"Tile Mate (2020) - 1 Pack, Bluetooth Tracker",https://www.lenovo.com/us/en/p/accessories-and-software/smart-home-essentials/Smart-Home-Essentials_Trackers/78017412,78017412,Key Details,Includes 1 Bluetooth tracker,"Attach to keys, bags and everyday items",Use the free Tile app to find your things,$24.99,Ships FREE in 1-3 business days,$0.75,https://www.lenovo.com/us/en/p/accessories-and-software/smart-home-essentials/Smart-Home-Essentials_Trackers/78017412,[object Object],4.2,(653),Includes 1 Bluetooth tracker,"Attach to keys, bags and everyday items",Use the free Tile app to find your things,"Find your phone, even on silent","Find your phone, even on silent",Water resistant with 1-year replaceable battery,,,Water resistant with 1-year replaceable battery,
https://p1-ofp.static.pub/medias/bWFzdGVyfHJvb3R8NDM1MnxpbWFnZS9qcGVnfGgyNS9oNWIvMTE2ODg2NDY5MDE3OTAuanBnfDUwODlhMzYzMDRmYzQ2YThkODIyZmE1MTY1MzU2OTc4OTUxY2M1MzZmY2IwYzYzY2E3YTVjZTllMzQzMGY4MTI/82C92824-D8BF-4249-9844-2F3F80F4E499.jpg,https://p1-ofp.static.pub/medias/bWFzdGVyfHJvb3R8NDM1MnxpbWFnZS9qcGVnfGgyNS9oNWIvMTE2ODg2NDY5MDE3OTAuanBnfDUwODlhMzYzMDRmYzQ2YThkODIyZmE1MTY1MzU2OTc4OTUxY2M1MzZmY2IwYzYzY2E3YTVjZTllMzQzMGY4MTI/82C92824-D8BF-4249-9844-2F3F80F4E499.jpg,https://p1-ofp.static.pub/fes/cms/2020/12/25/76apjfkml79bg5qcf172tvt0bw0c8s348607.png,https://p2-ofp.static.pub/fes/cms/2021/07/06/2h8n4ofixc8g8i94vopfat048ld37m944694.svg,https://p3-ofp.static.pub/fes/cms/2021/07/06/efrjjv1rz2xiuvpm0emnwj6y2gmai3506628.svg,https://p2-ofp.static.pub/fes/cms/2021/07/06/wxdfgadg28utnas6ca5d28oot1lcxj806083.svg,Philips Hue White and Color Ambiance Lightstrip Plus - light strip extension - LED - 11.5 W - 16 million colors - 2200-6500 K - white,https://www.lenovo.com/us/en/p/accessories-and-software/smart-home-essentials/Smart-Home-Essentials_Smart-Lighting/78015969,78015969,Key Details,"Ultimate flexibility: shape, bend and extend",Extendible up to 10 meters,High light output: 1600 lumen,$24.99,Ships FREE in 1-3 business days,$0.75,https://www.lenovo.com/us/en/p/accessories-and-software/smart-home-essentials/Smart-Home-Essentials_Smart-Lighting/78015969,[object Object],3.1,(26),"Ultimate flexibility: shape, bend and extend",Extendible up to 10 meters,High light output: 1600 lumen,Requires a Philips Hue bridge,Requires a Philips Hue bridge,Be creative with 16 million colors,Sync lights with music and films,Light up your gaming,Be creative with 16 million colors,Sync lights with music and films
https://p1-ofp.static.pub/medias/bWFzdGVyfHJvb3R8MTE4MDV8aW1hZ2UvanBlZ3xoMzYvaDRkLzExNzIzNDE5MzIwMzUwLmpwZ3w3NGU4MGM2NjJkNTE3Yjc0Y2U0Y2FhMTFiMDc4Yjg4ZmU4MzIxYWM1M2RlYjAxMjI0MDgwN2RhZGUxNWMwZGVl/ECD447F5-318D-4A06-B3C4-30C466DF8C0F.jpg,https://p1-ofp.static.pub/medias/bWFzdGVyfHJvb3R8MTE4MDV8aW1hZ2UvanBlZ3xoMzYvaDRkLzExNzIzNDE5MzIwMzUwLmpwZ3w3NGU4MGM2NjJkNTE3Yjc0Y2U0Y2FhMTFiMDc4Yjg4ZmU4MzIxYWM1M2RlYjAxMjI0MDgwN2RhZGUxNWMwZGVl/ECD447F5-318D-4A06-B3C4-30C466DF8C0F.jpg,https://p1-ofp.static.pub/fes/cms/2020/12/25/76apjfkml79bg5qcf172tvt0bw0c8s348607.png,https://p2-ofp.static.pub/fes/cms/2021/07/06/2h8n4ofixc8g8i94vopfat048ld37m944694.svg,https://p3-ofp.static.pub/fes/cms/2021/07/06/efrjjv1rz2xiuvpm0emnwj6y2gmai3506628.svg,https://p2-ofp.static.pub/fes/cms/2021/07/06/wxdfgadg28utnas6ca5d28oot1lcxj806083.svg,Philips Hue White - LED light bulb - shape: ST19 - E26 - 7 W - 2100 K,https://www.lenovo.com/us/en/p/accessories-and-software/smart-home-essentials/Smart-Home-Essentials_Smart-Lighting/78015984,78015984,Key Details,Smart retro-style LED bulbs,Get hands-free control of your lights and use your voice instead,Create timers and routines to automate your entire smart home lighting setup,$27.99,Ships FREE in 1-3 business days,$0.84,https://www.lenovo.com/us/en/p/accessories-and-software/smart-home-essentials/Smart-Home-Essentials_Smart-Lighting/78015984,[object Object],4.3,(22),Smart retro-style LED bulbs,Get hands-free control of your lights and use your voice instead,Create timers and routines to automate your entire smart home lighting setup,,,,,,,
https://p4-ofp.static.pub/fes/cms/2021/07/28/lzqee6iyky9hcpid5ctk4850maqq6k219283.png,https://p4-ofp.static.pub/fes/cms/2021/07/28/6l13l2a9gop57cl2zknqlevxe3oou6660153.png,https://p1-ofp.static.pub/fes/cms/2020/12/25/76apjfkml79bg5qcf172tvt0bw0c8s348607.png,https://p2-ofp.static.pub/fes/cms/2021/07/06/2h8n4ofixc8g8i94vopfat048ld37m944694.svg,https://p3-ofp.static.pub/fes/cms/2021/07/06/efrjjv1rz2xiuvpm0emnwj6y2gmai3506628.svg,https://p2-ofp.static.pub/fes/cms/2021/07/06/wxdfgadg28utnas6ca5d28oot1lcxj806083.svg,Lenovo Smart White Bulb - 2 Pack,https://www.lenovo.com/us/en/p/accessories-and-software/smart-home-essentials/Smart-Home-Essentials_Smart-Lighting/ZG38C03148,ZG38C03148,Key Details,"Lenovo Smart Home Essentials are your one-stop shop to a smarter home. They are easy to setup,plug & play smart products, controlled by a single Lenovo Link Pro app. Use your voice to control them using the Google Assistant and/or Amazon Alexa. Set up automation to create unique behaviors to make your home smart.","Lenovo Smart Home Essentials are your one-stop shop to a smarter home. They are easy to setup,plug & play smart products, controlled by a single Lenovo Link Pro app. Use your voice to control them using the Google Assistant and/or Amazon Alexa. Set up automation to create unique behaviors to make your home smart.",,$29.99,"Ships FREE by Thu, Oct 14",$0.90,https://www.lenovo.com/us/en/p/accessories-and-software/smart-home-essentials/Smart-Home-Essentials_Smart-Lighting/ZG38C03148,[object Object],4.1,(47),,,,,,,,,,
https://p1-ofp.static.pub/medias/bWFzdGVyfHJvb3R8NTIzMnxpbWFnZS9qcGVnfGg5Zi9oM2MvMTE2MDE1NzI3MjQ3NjYuanBnfDE0MWNkYWRlZWVjOGFkNjVlNmQxMDQ1NTgzNmY1MmY0NDg3YjA2YzQ0MmU3NWQ0MGI2ZWE4MTQ0MjliMzg5ZTI/620327C5-3C17-4629-8575-7C0D61B29862.jpg,https://p1-ofp.static.pub/medias/bWFzdGVyfHJvb3R8NTIzMnxpbWFnZS9qcGVnfGg5Zi9oM2MvMTE2MDE1NzI3MjQ3NjYuanBnfDE0MWNkYWRlZWVjOGFkNjVlNmQxMDQ1NTgzNmY1MmY0NDg3YjA2YzQ0MmU3NWQ0MGI2ZWE4MTQ0MjliMzg5ZTI/620327C5-3C17-4629-8575-7C0D61B29862.jpg,https://p1-ofp.static.pub/fes/cms/2020/12/25/76apjfkml79bg5qcf172tvt0bw0c8s348607.png,https://p2-ofp.static.pub/fes/cms/2021/07/06/2h8n4ofixc8g8i94vopfat048ld37m944694.svg,https://p3-ofp.static.pub/fes/cms/2021/07/06/efrjjv1rz2xiuvpm0emnwj6y2gmai3506628.svg,https://p2-ofp.static.pub/fes/cms/2021/07/06/wxdfgadg28utnas6ca5d28oot1lcxj806083.svg,WeMo Smart Light Switch 2nd Generation - light switch - white,https://www.lenovo.com/us/en/p/accessories-and-software/smart-home-essentials/Smart-Home-Essentials_Smart-Lighting/78015167,78015167,Key Details,Control your lights from anywhere,Voice recognition for hands-free control,Put your lights on a schedule and make life truly comfortable,$29.99,Ships FREE in 1-3 business days,$0.90,https://www.lenovo.com/us/en/p/accessories-and-software/smart-home-essentials/Smart-Home-Essentials_Smart-Lighting/78015167,[object Object],4.3,(88),Control your lights from anywhere,Voice recognition for hands-free control,Put your lights on a schedule and make life truly comfortable,,,,,,,
https://p1-ofp.static.pub/medias/bWFzdGVyfHJvb3R8NDQ0NHxpbWFnZS9qcGVnfGgyNS9oZGMvMTE3MjM3NzYxOTY2MzguanBnfGQ3NWEyYjczN2ZkOTUxODk5MmI2NDI4MjFjYzY5MTIyMjg0Y2JhNzAzN2RmNjZhMzRhNzBmOTA4NjA3MmFiMDQ/4DAAA6A9-30E9-474E-8186-14AA9CB729A6.jpg,https://p1-ofp.static.pub/medias/bWFzdGVyfHJvb3R8NDQ0NHxpbWFnZS9qcGVnfGgyNS9oZGMvMTE3MjM3NzYxOTY2MzguanBnfGQ3NWEyYjczN2ZkOTUxODk5MmI2NDI4MjFjYzY5MTIyMjg0Y2JhNzAzN2RmNjZhMzRhNzBmOTA4NjA3MmFiMDQ/4DAAA6A9-30E9-474E-8186-14AA9CB729A6.jpg,https://p1-ofp.static.pub/fes/cms/2020/12/25/76apjfkml79bg5qcf172tvt0bw0c8s348607.png,https://p2-ofp.static.pub/fes/cms/2021/07/06/2h8n4ofixc8g8i94vopfat048ld37m944694.svg,https://p3-ofp.static.pub/fes/cms/2021/07/06/efrjjv1rz2xiuvpm0emnwj6y2gmai3506628.svg,https://p2-ofp.static.pub/fes/cms/2021/07/06/wxdfgadg28utnas6ca5d28oot1lcxj806083.svg,Philips Hue White - LED light bulb - shape: T20 - E12 - 5.5 W - soft white light - 2700 K - white (pack of 2),https://www.lenovo.com/us/en/p/accessories-and-software/smart-home-essentials/Smart-Home-Essentials_Smart-Lighting/78015979,78015979,Key Details,Control up to 10 lights with the Bluetooth app,Control lights with your voice,Easy 2-step installation,$29.99,Ships FREE in 1-3 business days,$0.90,,,,,Control up to 10 lights with the Bluetooth app,Control lights with your voice,Easy 2-step installation,Unlock full set of smart light features with Hue Bridge,Unlock full set of smart light features with Hue Bridge,,,,,
https://p1-ofp.static.pub/medias/bWFzdGVyfHJvb3R8OTk5MHxpbWFnZS9qcGVnfGg0Ny9oMjkvMTE3MjM0Mzg1ODc5MzQuanBnfGIyOTE3ZDNjMDQ0ZjdiNGVmNjcwZWMyZTE4ODM3NGViNWYwZWI3MTkwZmQ2Zjg2ZGZjZjMyZGU0MjE4MmYwMjQ/8B64AEF2-55F7-4633-A35F-D0ABDC69354C.jpg,https://p1-ofp.static.pub/medias/bWFzdGVyfHJvb3R8OTk5MHxpbWFnZS9qcGVnfGg0Ny9oMjkvMTE3MjM0Mzg1ODc5MzQuanBnfGIyOTE3ZDNjMDQ0ZjdiNGVmNjcwZWMyZTE4ODM3NGViNWYwZWI3MTkwZmQ2Zjg2ZGZjZjMyZGU0MjE4MmYwMjQ/8B64AEF2-55F7-4633-A35F-D0ABDC69354C.jpg,https://p1-ofp.static.pub/fes/cms/2020/12/25/76apjfkml79bg5qcf172tvt0bw0c8s348607.png,https://p2-ofp.static.pub/fes/cms/2021/07/06/2h8n4ofixc8g8i94vopfat048ld37m944694.svg,https://p3-ofp.static.pub/fes/cms/2021/07/06/efrjjv1rz2xiuvpm0emnwj6y2gmai3506628.svg,https://p2-ofp.static.pub/fes/cms/2021/07/06/wxdfgadg28utnas6ca5d28oot1lcxj806083.svg,Philips Hue White ambiance 5/6 inch - recessed lamp - LED - 9 W - cool white light - white,https://www.lenovo.com/us/en/p/accessories-and-software/smart-home-essentials/Smart-Home-Essentials_Smart-Lighting/78015989,78015989,Key Details,Set the right mood with warm to cool white light,Get the perfect light recipes for your daily activities,,$34.99,Ships FREE in 1-3 business days,$1,,,,,Set the right mood with warm to cool white light,Get the perfect light recipes for your daily activities,,,,,,,,
https://p1-ofp.static.pub/medias/bWFzdGVyfHJvb3R8OTkwNHxpbWFnZS9qcGVnfGhlNS9oZjcvMTE3MjQxMTA5NTQ1MjYuanBnfDRhNDc0MWI4YTNhYzlhZTViNWQyYTQ0NGU0NDY3ZTY1MGFhNWIwYTMyMzhlMDJmZjRmMzkyNTBkMTFlMzI4YmQ/C6F24A27-D8C8-49FF-8E8C-E6208F534213.jpg,https://p1-ofp.static.pub/medias/bWFzdGVyfHJvb3R8OTkwNHxpbWFnZS9qcGVnfGhlNS9oZjcvMTE3MjQxMTA5NTQ1MjYuanBnfDRhNDc0MWI4YTNhYzlhZTViNWQyYTQ0NGU0NDY3ZTY1MGFhNWIwYTMyMzhlMDJmZjRmMzkyNTBkMTFlMzI4YmQ/C6F24A27-D8C8-49FF-8E8C-E6208F534213.jpg,https://p1-ofp.static.pub/fes/cms/2020/12/25/76apjfkml79bg5qcf172tvt0bw0c8s348607.png,https://p2-ofp.static.pub/fes/cms/2021/07/06/2h8n4ofixc8g8i94vopfat048ld37m944694.svg,https://p3-ofp.static.pub/fes/cms/2021/07/06/efrjjv1rz2xiuvpm0emnwj6y2gmai3506628.svg,https://p2-ofp.static.pub/fes/cms/2021/07/06/wxdfgadg28utnas6ca5d28oot1lcxj806083.svg,"Tile Pro (2020) - 1 Pack, Bluetooth Tracker",https://www.lenovo.com/us/en/p/accessories-and-software/smart-home-essentials/Smart-Home-Essentials_Trackers/78017416,78017416,Key Details,Includes 1 Bluetooth tracker,"Attach to keys, luggage and things you value",Use the free Tile app to find your things,$34.99,Ships FREE in 1-3 business days,$1,https://www.lenovo.com/us/en/p/accessories-and-software/smart-home-essentials/Smart-Home-Essentials_Trackers/78017416,[object Object],4.3,(928),Includes 1 Bluetooth tracker,"Attach to keys, luggage and things you value",Use the free Tile app to find your things,"Find your phone, even on silent","Find your phone, even on silent",Water resistant with 1-year replaceable battery,,,Water resistant with 1-year replaceable battery,
https://p1-ofp.static.pub/medias/bWFzdGVyfHJvb3R8NzM4M3xpbWFnZS9qcGVnfGg4Ny9oYjIvMTE2NDgzMjQ1MzQzMDIuanBnfDQ1NDQ5MTI1MzY0Yjc4Zjg0ZGU3ODBlZGM0NGNmZmFiOTViMzQzZmQxNzEwYTZkNTdiZjA5MmYxMzUyNmUwNTA/A6C7F34D-45EB-458A-BAD5-A97F9BCFACA3.jpg,https://p1-ofp.static.pub/medias/bWFzdGVyfHJvb3R8NzM4M3xpbWFnZS9qcGVnfGg4Ny9oYjIvMTE2NDgzMjQ1MzQzMDIuanBnfDQ1NDQ5MTI1MzY0Yjc4Zjg0ZGU3ODBlZGM0NGNmZmFiOTViMzQzZmQxNzEwYTZkNTdiZjA5MmYxMzUyNmUwNTA/A6C7F34D-45EB-458A-BAD5-A97F9BCFACA3.jpg,https://p1-ofp.static.pub/fes/cms/2020/12/25/76apjfkml79bg5qcf172tvt0bw0c8s348607.png,https://p2-ofp.static.pub/fes/cms/2021/07/06/2h8n4ofixc8g8i94vopfat048ld37m944694.svg,https://p3-ofp.static.pub/fes/cms/2021/07/06/efrjjv1rz2xiuvpm0emnwj6y2gmai3506628.svg,https://p2-ofp.static.pub/fes/cms/2021/07/06/wxdfgadg28utnas6ca5d28oot1lcxj806083.svg,TP-Link Kasa Spot KC105 - network surveillance camera,https://www.lenovo.com/us/en/p/accessories-and-software/smart-home-essentials/Smart-Home-Essentials_Smart-Security/78017535,78017535,Key Details,Secure local storage,Real-time alerts,Two-way audio,$34.99,Ships FREE in 1-3 business days,$1,,,,,Activity zones,Live view,Secure local storage,Real-time alerts,Two-way audio,Activity zones,Live view,,,
https://p1-ofp.static.pub/medias/bWFzdGVyfHJvb3R8NjE2NnxpbWFnZS9qcGVnfGgwMy9oOGEvMTE3MjM0NDAxNjA3OTguanBnfDAzYjVmNGU3ZjkzODhiYjc5ZmZmYzlkOTM1NjcyZTQ5N2MxNjI5OGRhZThkMjc0NTcyM2NjMDQwMmEwZGE2MjY/92C1FED4-E178-432F-BE72-C6C8DD5C93F0.jpg,https://p1-ofp.static.pub/medias/bWFzdGVyfHJvb3R8NjE2NnxpbWFnZS9qcGVnfGgwMy9oOGEvMTE3MjM0NDAxNjA3OTguanBnfDAzYjVmNGU3ZjkzODhiYjc5ZmZmYzlkOTM1NjcyZTQ5N2MxNjI5OGRhZThkMjc0NTcyM2NjMDQwMmEwZGE2MjY/92C1FED4-E178-432F-BE72-C6C8DD5C93F0.jpg,https://p1-ofp.static.pub/fes/cms/2020/12/25/76apjfkml79bg5qcf172tvt0bw0c8s348607.png,https://p2-ofp.static.pub/fes/cms/2021/07/06/2h8n4ofixc8g8i94vopfat048ld37m944694.svg,https://p3-ofp.static.pub/fes/cms/2021/07/06/efrjjv1rz2xiuvpm0emnwj6y2gmai3506628.svg,https://p2-ofp.static.pub/fes/cms/2021/07/06/wxdfgadg28utnas6ca5d28oot1lcxj806083.svg,Philips Hue White ambiance 4 inch - ceiling recessed lamp - LED - 8.5 W - warm white to cool daylight - white,https://www.lenovo.com/us/en/p/accessories-and-software/smart-home-essentials/Smart-Home-Essentials_Smart-Lighting/78015988,78015988,Key Details,Control up to 10 lights with the Bluetooth app,Control lights with your voice,Set the right mood with warm to cool white light,$34.99,Ships FREE in 1-3 business days,$1,https://www.lenovo.com/us/en/p/accessories-and-software/smart-home-essentials/Smart-Home-Essentials_Smart-Lighting/78015988,[object Object],4.3,(3),Control up to 10 lights with the Bluetooth app,Control lights with your voice,Set the right mood with warm to cool white light,Get the perfect light recipes for your daily activities,Get the perfect light recipes for your daily activities,,,,,
https://p1-ofp.static.pub/medias/bWFzdGVyfHJvb3R8NDQ3N3xpbWFnZS9qcGVnfGg0Yy9oY2UvMTE2MDEzMjQ1NzI3MDIuanBnfGIxMDU3Yzk5M2E5OWNjNjcxOGQ0M2EyNWI5OWE0NTQzYmNhMWE2ZThmODI5ZWY0NDViMmEzNDQ2ZTJkYzRhZWI/196EBE3E-A789-48BD-B11A-5C44C1B60C00.jpg,https://p1-ofp.static.pub/medias/bWFzdGVyfHJvb3R8NDQ3N3xpbWFnZS9qcGVnfGg0Yy9oY2UvMTE2MDEzMjQ1NzI3MDIuanBnfGIxMDU3Yzk5M2E5OWNjNjcxOGQ0M2EyNWI5OWE0NTQzYmNhMWE2ZThmODI5ZWY0NDViMmEzNDQ2ZTJkYzRhZWI/196EBE3E-A789-48BD-B11A-5C44C1B60C00.jpg,https://p1-ofp.static.pub/fes/cms/2020/12/25/76apjfkml79bg5qcf172tvt0bw0c8s348607.png,https://p2-ofp.static.pub/fes/cms/2021/07/06/2h8n4ofixc8g8i94vopfat048ld37m944694.svg,https://p3-ofp.static.pub/fes/cms/2021/07/06/efrjjv1rz2xiuvpm0emnwj6y2gmai3506628.svg,https://p2-ofp.static.pub/fes/cms/2021/07/06/wxdfgadg28utnas6ca5d28oot1lcxj806083.svg,Google Nest - temperature sensor - Bluetooth 4.0 - white,https://www.lenovo.com/us/en/p/accessories-and-software/smart-home-essentials/Smart-Home-Essentials_Smart-Thermostat/78011999,78011999,Key Details,"Most homes aren't the same temperature in every room. With the Nest Temperature Sensor, you can let your Nest thermostat know which room should be a certain temperature at a certain time of day. Just place it on a wall or shelf and get the right temperature, right where you want it.Helps make sure a certain room is the exact temperature you want it to be. Put temperature sensors in different rooms. And choose which room to prioritize when. Place it on a wall or shelf. Then forget it's even there","Most homes aren't the same temperature in every room. With the Nest Temperature Sensor, you can let your Nest thermostat know which room should be a certain temperature at a certain time of day. Just place it on a wall or shelf and get the right temperature, right where you want it.Helps make sure a certain room is the exact temperature you want it to be. Put temperature sensors in different rooms. And choose which room to prioritize when. Place it on a wall or shelf. Then forget it's even there",,$39.00,Ships FREE in 1-3 business days,$1,,,,,,,,,,,,,,
https://p1-ofp.static.pub/medias/bWFzdGVyfHJvb3R8ODYyNHxpbWFnZS9qcGVnfGgxYS9oNmYvMTE3MjM2NDQzMzgyMDYuanBnfDhmYWU4ZjkxMzE0MTdkNTBlNmZlOTk2NjFmZjUyNzUzM2I5OWQ1YzliNWYwOWFjYTI5ZjQ2MmZkNjc3NmYxNGM/AC1899B5-47FA-4227-BDB1-31EC6AAF5F04.jpg,https://p1-ofp.static.pub/medias/bWFzdGVyfHJvb3R8ODYyNHxpbWFnZS9qcGVnfGgxYS9oNmYvMTE3MjM2NDQzMzgyMDYuanBnfDhmYWU4ZjkxMzE0MTdkNTBlNmZlOTk2NjFmZjUyNzUzM2I5OWQ1YzliNWYwOWFjYTI5ZjQ2MmZkNjc3NmYxNGM/AC1899B5-47FA-4227-BDB1-31EC6AAF5F04.jpg,https://p1-ofp.static.pub/fes/cms/2020/12/25/76apjfkml79bg5qcf172tvt0bw0c8s348607.png,https://p2-ofp.static.pub/fes/cms/2021/07/06/2h8n4ofixc8g8i94vopfat048ld37m944694.svg,https://p3-ofp.static.pub/fes/cms/2021/07/06/efrjjv1rz2xiuvpm0emnwj6y2gmai3506628.svg,https://p2-ofp.static.pub/fes/cms/2021/07/06/wxdfgadg28utnas6ca5d28oot1lcxj806083.svg,Philips Hue - ambient light sensor / motion sensor,https://www.lenovo.com/us/en/p/accessories-and-software/smart-home-essentials/Smart-Home-Essentials_Smart-Lighting/78015967,78015967,Key Details,Turn your Hue lights on and off automatically,Day and night setting,Integrated daylight sensor,$39.95,Ships FREE in 1-3 business days,$1,https://www.lenovo.com/us/en/p/accessories-and-software/smart-home-essentials/Smart-Home-Essentials_Smart-Lighting/78015967,[object Object],3.8,(42),Turn your Hue lights on and off automatically,Day and night setting,Integrated daylight sensor,Place it where it matters,Place it where it matters,,,,,
https://p2-ofp.static.pub/fes/cms/2021/07/28/cw8z75zwwqzwnd6y64b5sr1y0vtt7h076369.png,https://p4-ofp.static.pub/fes/cms/2021/07/28/es8p33ftuyej3uyxmjqz8cyau6jtkq521846.png,https://p1-ofp.static.pub/fes/cms/2020/12/25/76apjfkml79bg5qcf172tvt0bw0c8s348607.png,https://p2-ofp.static.pub/fes/cms/2021/07/06/2h8n4ofixc8g8i94vopfat048ld37m944694.svg,https://p3-ofp.static.pub/fes/cms/2021/07/06/efrjjv1rz2xiuvpm0emnwj6y2gmai3506628.svg,https://p2-ofp.static.pub/fes/cms/2021/07/06/wxdfgadg28utnas6ca5d28oot1lcxj806083.svg,Lenovo Smart Color Bulb - 2 Pack,https://www.lenovo.com/us/en/p/accessories-and-software/smart-home-essentials/Smart-Home-Essentials_Smart-Lighting/ZG38C03145,ZG38C03145,Key Details,"Lenovo Smart Home Essentials are your one-stop shop to a smarter home. They are easy to setup,plug & play smart products, controlled by a single Lenovo Link Pro app. Use your voice to control them using the Google Assistant and/or Amazon Alexa. Set up automation to create unique behaviors to make your home smart.","Lenovo Smart Home Essentials are your one-stop shop to a smarter home. They are easy to setup,plug & play smart products, controlled by a single Lenovo Link Pro app. Use your voice to control them using the Google Assistant and/or Amazon Alexa. Set up automation to create unique behaviors to make your home smart.",,$39.99,"Ships FREE by Thu, Oct 14",$1,https://www.lenovo.com/us/en/p/accessories-and-software/smart-home-essentials/Smart-Home-Essentials_Smart-Lighting/ZG38C03145,[object Object],4.1,(47),,,,,,,,,,
https://p1-ofp.static.pub/medias/bWFzdGVyfHJvb3R8NTY3N3xpbWFnZS9qcGVnfGhmYi9oNDYvMTI2MjczNDMwNDg3MzQuanBnfDU2OWM2NjZmYTljOGExMGIzMWZiZmQxYWYzYjZkZTdhYmJhNjFjNGY4NDAxMmY4YjcyZTIwNmYwZmU2MzgyYzI/2FE84367-5563-4DE3-B87A-99ED31F70C2D.jpg,https://p1-ofp.static.pub/medias/bWFzdGVyfHJvb3R8NTY3N3xpbWFnZS9qcGVnfGhmYi9oNDYvMTI2MjczNDMwNDg3MzQuanBnfDU2OWM2NjZmYTljOGExMGIzMWZiZmQxYWYzYjZkZTdhYmJhNjFjNGY4NDAxMmY4YjcyZTIwNmYwZmU2MzgyYzI/2FE84367-5563-4DE3-B87A-99ED31F70C2D.jpg,https://p1-ofp.static.pub/fes/cms/2020/12/25/76apjfkml79bg5qcf172tvt0bw0c8s348607.png,https://p2-ofp.static.pub/fes/cms/2021/07/06/2h8n4ofixc8g8i94vopfat048ld37m944694.svg,https://p3-ofp.static.pub/fes/cms/2021/07/06/efrjjv1rz2xiuvpm0emnwj6y2gmai3506628.svg,https://p2-ofp.static.pub/fes/cms/2021/07/06/wxdfgadg28utnas6ca5d28oot1lcxj806083.svg,WeMo Smart Dimmer - switch / dimmer - 802.11n,https://www.lenovo.com/us/en/p/accessories-and-software/smart-home-essentials/Smart-Home-Essentials_Smart-Lighting/78019402,78019402,Key Details,Prevent bright-light blinding with night mode,Set worry-free schedules for your lights,Optimize your light control,$39.99,Ships FREE in 1-3 business days,$1,,,,,Prevent bright-light blinding with night mode,Set worry-free schedules for your lights,Optimize your light control,,,,,,,
https://p1-ofp.static.pub/medias/bWFzdGVyfHJvb3R8NTgwMnxpbWFnZS9qcGVnfGhmNi9oZTcvMTE3MjQyMzMxNDYzOTguanBnfGY5ZGFkZDQyMjg2NTRmYmI3NGIwNWY2M2Y1MmMwZmRjNDg0MDAzZTQ5Y2IzZmM1NzhlNmI3MzE1NDI4YTc4YTU/349FCB82-3E54-4DF5-A2D7-FECFC8544A5B.jpg,https://p1-ofp.static.pub/medias/bWFzdGVyfHJvb3R8NTgwMnxpbWFnZS9qcGVnfGhmNi9oZTcvMTE3MjQyMzMxNDYzOTguanBnfGY5ZGFkZDQyMjg2NTRmYmI3NGIwNWY2M2Y1MmMwZmRjNDg0MDAzZTQ5Y2IzZmM1NzhlNmI3MzE1NDI4YTc4YTU/349FCB82-3E54-4DF5-A2D7-FECFC8544A5B.jpg,https://p1-ofp.static.pub/fes/cms/2020/12/25/76apjfkml79bg5qcf172tvt0bw0c8s348607.png,https://p2-ofp.static.pub/fes/cms/2021/07/06/2h8n4ofixc8g8i94vopfat048ld37m944694.svg,https://p3-ofp.static.pub/fes/cms/2021/07/06/efrjjv1rz2xiuvpm0emnwj6y2gmai3506628.svg,https://p2-ofp.static.pub/fes/cms/2021/07/06/wxdfgadg28utnas6ca5d28oot1lcxj806083.svg,Philips Hue White and Color Ambiance - LED light bulb - shape: A19 - E26 - 9.5 W - 16 million colors - 2200-6500 K - white,https://www.lenovo.com/us/en/p/accessories-and-software/smart-home-essentials/Smart-Home-Essentials_Smart-Lighting/78015959,78015959,Key Details,Control up to 10 lights with the Bluetooth app,Control lights with your voice,Easy 2-step installation,$44.99,Ships FREE in 1-3 business days,$1,,,,,Control up to 10 lights with the Bluetooth app,Control lights with your voice,Easy 2-step installation,Create a personalized experience with colorful smart light,Create a personalized experience with colorful smart light,,,,,
https://p1-ofp.static.pub/medias/bWFzdGVyfHJvb3R8NTM4M3xpbWFnZS9qcGVnfGgzMS9oNjgvMTE2MDE1NzM5MDQ0MTQuanBnfGFlN2FjMzU2YzRmNmYyZjVhZjlkZDc4Y2Y0MWI2OWZiZmQ2YzQ0MDdmZjMyNTZlMmUyN2ZkNjc1YjFlZTc3ZjI/716BC175-F798-41B4-9C7D-CEFDB7CD355E.jpg,https://p1-ofp.static.pub/medias/bWFzdGVyfHJvb3R8NTM4M3xpbWFnZS9qcGVnfGgzMS9oNjgvMTE2MDE1NzM5MDQ0MTQuanBnfGFlN2FjMzU2YzRmNmYyZjVhZjlkZDc4Y2Y0MWI2OWZiZmQ2YzQ0MDdmZjMyNTZlMmUyN2ZkNjc1YjFlZTc3ZjI/716BC175-F798-41B4-9C7D-CEFDB7CD355E.jpg,https://p1-ofp.static.pub/fes/cms/2020/12/25/76apjfkml79bg5qcf172tvt0bw0c8s348607.png,https://p2-ofp.static.pub/fes/cms/2021/07/06/2h8n4ofixc8g8i94vopfat048ld37m944694.svg,https://p3-ofp.static.pub/fes/cms/2021/07/06/efrjjv1rz2xiuvpm0emnwj6y2gmai3506628.svg,https://p2-ofp.static.pub/fes/cms/2021/07/06/wxdfgadg28utnas6ca5d28oot1lcxj806083.svg,WeMo Smart Light Switch - light switch - 802.11n - white,https://www.lenovo.com/us/en/p/accessories-and-software/smart-home-essentials/Smart-Home-Essentials_Smart-Lighting/78015168,78015168,Key Details,Set worry-free schedules for your lights,Protect your home with randomized lights,,$44.99,Ships FREE in 1-3 business days,$1,https://www.lenovo.com/us/en/p/accessories-and-software/smart-home-essentials/Smart-Home-Essentials_Smart-Lighting/78015168,[object Object],4.1,(110),Set worry-free schedules for your lights,Protect your home with randomized lights,,,,,,,,
https://p1-ofp.static.pub/medias/bWFzdGVyfHJvb3R8OTE5NHxpbWFnZS9qcGVnfGgzMi9oNDYvMTE2MDEzMjgyNDI3MTguanBnfDJiNjQwNzcxNDhmZDVhMDkxYjlhYWJjNmMxYTQ0OWZiYWY4NzY3ZmMwMDZmNmZkZGIwMGRiNjU3MzI4NDhiMmM/C52654FF-0F9E-4E04-A818-03D8A975387A.jpg,https://p1-ofp.static.pub/medias/bWFzdGVyfHJvb3R8OTE5NHxpbWFnZS9qcGVnfGgzMi9oNDYvMTE2MDEzMjgyNDI3MTguanBnfDJiNjQwNzcxNDhmZDVhMDkxYjlhYWJjNmMxYTQ0OWZiYWY4NzY3ZmMwMDZmNmZkZGIwMGRiNjU3MzI4NDhiMmM/C52654FF-0F9E-4E04-A818-03D8A975387A.jpg,https://p1-ofp.static.pub/fes/cms/2020/12/25/76apjfkml79bg5qcf172tvt0bw0c8s348607.png,https://p2-ofp.static.pub/fes/cms/2021/07/06/2h8n4ofixc8g8i94vopfat048ld37m944694.svg,https://p3-ofp.static.pub/fes/cms/2021/07/06/efrjjv1rz2xiuvpm0emnwj6y2gmai3506628.svg,https://p2-ofp.static.pub/fes/cms/2021/07/06/wxdfgadg28utnas6ca5d28oot1lcxj806083.svg,EZVIZ C3Wn - network surveillance camera,https://www.lenovo.com/us/en/p/accessories-and-software/smart-home-essentials/Smart-Home-Essentials_Smart-Security/78012498,78012498,Key Details,Full HD 1080p resolution,Strong Wi-Fi connection using two antennas,IP66 dust and water protection,$49.99,Ships FREE in 1-3 business days,$1,https://www.lenovo.com/us/en/p/accessories-and-software/smart-home-essentials/Smart-Home-Essentials_Smart-Security/78012498,[object Object],4.6,(50),Full HD 1080p resolution,Strong Wi-Fi connection using two antennas,IP66 dust and water protection,Audio reception,Audio reception,Supports 2.4GHz Wi-Fi,Supports MicroSD card (up to 256 GB),Night vision (up to 30 meters),Supports 2.4GHz Wi-Fi,Supports MicroSD card (up to 256 GB)
https://p1-ofp.static.pub/medias/bWFzdGVyfHJvb3R8NjcwMnxpbWFnZS9qcGVnfGg4NC9oMTkvMTI1NDkyMjU2MTEyOTQuanBnfDkzNGI2NTcyZjAzNTE0OTY5YmQ5MDg2YWVlYTNlNzUwZTYyMTllMjJkY2NiOWMwMTM5NThhN2E2MGQyNDJiYzc/83979217-6079-4B37-B36A-246255EF1A6E.jpg,https://p1-ofp.static.pub/medias/bWFzdGVyfHJvb3R8NjcwMnxpbWFnZS9qcGVnfGg4NC9oMTkvMTI1NDkyMjU2MTEyOTQuanBnfDkzNGI2NTcyZjAzNTE0OTY5YmQ5MDg2YWVlYTNlNzUwZTYyMTllMjJkY2NiOWMwMTM5NThhN2E2MGQyNDJiYzc/83979217-6079-4B37-B36A-246255EF1A6E.jpg,https://p1-ofp.static.pub/fes/cms/2020/12/25/76apjfkml79bg5qcf172tvt0bw0c8s348607.png,https://p2-ofp.static.pub/fes/cms/2021/07/06/2h8n4ofixc8g8i94vopfat048ld37m944694.svg,https://p3-ofp.static.pub/fes/cms/2021/07/06/efrjjv1rz2xiuvpm0emnwj6y2gmai3506628.svg,https://p2-ofp.static.pub/fes/cms/2021/07/06/wxdfgadg28utnas6ca5d28oot1lcxj806083.svg,WeMo Mini - smart plug - 802.11n (pack of 3),https://www.lenovo.com/us/en/p/accessories-and-software/smart-home-essentials/Smart-Home-Essentials_Smart-Outlets/78073347,78073347,Key Details,"Control lights and devices from the app, or your voice*","Works with Apple HomeKit, Amazon Alexa, and Hey Google for hands-free voice control",Set schedules and timers for your lights and devices,$49.99,Ships FREE in 1-3 business days,$1,,,,,Randomize lights for added home security-it'll look like you're home even when you're not,Space-saving design (45% smaller than Mini) won't cover the whole outlet,"Control lights and devices from the app, or your voice*","Works with Apple HomeKit, Amazon Alexa, and Hey Google for hands-free voice control",Set schedules and timers for your lights and devices,Randomize lights for added home security-it'll look like you're home even when you're not,Space-saving design (45% smaller than Mini) won't cover the whole outlet,,,
https://p1-ofp.static.pub/fes/cms/2021/07/28/4gwgcff9t7b4rexqnut8u956fyt0lv058742.png,https://p3-ofp.static.pub/fes/cms/2021/07/28/1pjl5rbkqgnwpl1sn248t8xan9jv95609975.png,https://p1-ofp.static.pub/fes/cms/2020/12/25/76apjfkml79bg5qcf172tvt0bw0c8s348607.png,https://p2-ofp.static.pub/fes/cms/2021/07/06/2h8n4ofixc8g8i94vopfat048ld37m944694.svg,https://p3-ofp.static.pub/fes/cms/2021/07/06/efrjjv1rz2xiuvpm0emnwj6y2gmai3506628.svg,https://p2-ofp.static.pub/fes/cms/2021/07/06/wxdfgadg28utnas6ca5d28oot1lcxj806083.svg,Lenovo Smart White Bulb  - 4 Pack,https://www.lenovo.com/us/en/p/accessories-and-software/smart-home-essentials/Smart-Home-Essentials_Smart-Lighting/ZG38C03149,ZG38C03149,Key Details,"Lenovo Smart Home Essentials are your one-stop shop to a smarter home. They are easy to setup,plug & play smart products, controlled by a single Lenovo Link Pro app. Use your voice to control them using the Google Assistant and/or Amazon Alexa. Set up automation to create unique behaviors to make your home smart.","Lenovo Smart Home Essentials are your one-stop shop to a smarter home. They are easy to setup,plug & play smart products, controlled by a single Lenovo Link Pro app. Use your voice to control them using the Google Assistant and/or Amazon Alexa. Set up automation to create unique behaviors to make your home smart.",,$59.99,"Ships FREE by Thu, Oct 14",$1,https://www.lenovo.com/us/en/p/accessories-and-software/smart-home-essentials/Smart-Home-Essentials_Smart-Lighting/ZG38C03149,[object Object],4.1,(47),,,,,,,,,,
https://p1-ofp.static.pub/medias/bWFzdGVyfHJvb3R8OTk0M3xpbWFnZS9qcGVnfGg5ZC9oMjgvMTE2MDcyMzgyNzkxOTguanBnfDI5Mzg0NGRiODA3YWExYjEwYmQ0N2Q0YTQyYjIwYTg3ZjdhNDIzMDkyM2FhN2M5ODE4YWNjMmIyNzEzMGFhMjY/7FF13759-A473-4256-A96B-666E53BA9E99.jpg,https://p1-ofp.static.pub/medias/bWFzdGVyfHJvb3R8OTk0M3xpbWFnZS9qcGVnfGg5ZC9oMjgvMTE2MDcyMzgyNzkxOTguanBnfDI5Mzg0NGRiODA3YWExYjEwYmQ0N2Q0YTQyYjIwYTg3ZjdhNDIzMDkyM2FhN2M5ODE4YWNjMmIyNzEzMGFhMjY/7FF13759-A473-4256-A96B-666E53BA9E99.jpg,https://p1-ofp.static.pub/fes/cms/2020/12/25/76apjfkml79bg5qcf172tvt0bw0c8s348607.png,https://p2-ofp.static.pub/fes/cms/2021/07/06/2h8n4ofixc8g8i94vopfat048ld37m944694.svg,https://p3-ofp.static.pub/fes/cms/2021/07/06/efrjjv1rz2xiuvpm0emnwj6y2gmai3506628.svg,https://p2-ofp.static.pub/fes/cms/2021/07/06/wxdfgadg28utnas6ca5d28oot1lcxj806083.svg,SMART KEYPAD DARK GRAY,https://www.lenovo.com/us/en/p/accessories-and-software/smart-home-essentials/Smart-Home-Essentials_Smart-Locks-&-Doorbells/78011419,78011419,,,,,$59.99,Ships FREE in 1-3 business days,$1,,,,,,,,,,,,,,
https://p1-ofp.static.pub/medias/bWFzdGVyfHJvb3R8NjE4NHxpbWFnZS9qcGVnfGg1ZC9oMTAvMTE3MjM2MzUxNjMxNjYuanBnfDkyYzExZTBiZDc2YmFlY2ZmYThlYmE5YTJiY2QzMjRjMmI1YWRhNjI2OTEzNjhlM2Y0ZTBlYTkzNzc3NzliOWQ/183DD153-0B5D-40C6-8452-9B5A88787339.jpg,https://p1-ofp.static.pub/medias/bWFzdGVyfHJvb3R8NjE4NHxpbWFnZS9qcGVnfGg1ZC9oMTAvMTE3MjM2MzUxNjMxNjYuanBnfDkyYzExZTBiZDc2YmFlY2ZmYThlYmE5YTJiY2QzMjRjMmI1YWRhNjI2OTEzNjhlM2Y0ZTBlYTkzNzc3NzliOWQ/183DD153-0B5D-40C6-8452-9B5A88787339.jpg,https://p1-ofp.static.pub/fes/cms/2020/12/25/76apjfkml79bg5qcf172tvt0bw0c8s348607.png,https://p2-ofp.static.pub/fes/cms/2021/07/06/2h8n4ofixc8g8i94vopfat048ld37m944694.svg,https://p3-ofp.static.pub/fes/cms/2021/07/06/efrjjv1rz2xiuvpm0emnwj6y2gmai3506628.svg,https://p2-ofp.static.pub/fes/cms/2021/07/06/wxdfgadg28utnas6ca5d28oot1lcxj806083.svg,Philips Hue Bridge - central controller - ZigBee,https://www.lenovo.com/us/en/p/accessories-and-software/smart-home-essentials/Smart-Home-Essentials_Smart-Lighting/78015965,78015965,Key Details,Smart home automation hub: Hue Bridge,Connect up to 50 smart lights,"Add smart switches, sensors, and more",$59.99,Ships FREE in 1-3 business days,$1,https://www.lenovo.com/us/en/p/accessories-and-software/smart-home-essentials/Smart-Home-Essentials_Smart-Lighting/78015965,[object Object],3.7,(157),Smart home automation hub: Hue Bridge,Connect up to 50 smart lights,"Add smart switches, sensors, and more",Away-from-home smart light control,Away-from-home smart light control,Control lights with your voice,,,Control lights with your voice,
https://p1-ofp.static.pub/medias/bWFzdGVyfHJvb3R8MTg3ODd8aW1hZ2UvanBlZ3xoYjkvaDZkLzExNzI0MDcwNzgwOTU4LmpwZ3w4NDMxZmYxMDVmMTVjMjk4NjJjNjcyNTE4MzhhYzE4Y2IwMTg1ZDI1YTE4ODI2MDY1Y2Q2YTRlMzJhYWY0N2Uz/6D282BD8-FA0E-42DB-8E82-B526597717CC.jpg,https://p1-ofp.static.pub/medias/bWFzdGVyfHJvb3R8MTg3ODd8aW1hZ2UvanBlZ3xoYjkvaDZkLzExNzI0MDcwNzgwOTU4LmpwZ3w4NDMxZmYxMDVmMTVjMjk4NjJjNjcyNTE4MzhhYzE4Y2IwMTg1ZDI1YTE4ODI2MDY1Y2Q2YTRlMzJhYWY0N2Uz/6D282BD8-FA0E-42DB-8E82-B526597717CC.jpg,https://p1-ofp.static.pub/fes/cms/2020/12/25/76apjfkml79bg5qcf172tvt0bw0c8s348607.png,https://p2-ofp.static.pub/fes/cms/2021/07/06/2h8n4ofixc8g8i94vopfat048ld37m944694.svg,https://p3-ofp.static.pub/fes/cms/2021/07/06/efrjjv1rz2xiuvpm0emnwj6y2gmai3506628.svg,https://p2-ofp.static.pub/fes/cms/2021/07/06/wxdfgadg28utnas6ca5d28oot1lcxj806083.svg,"Tile Pro (2020) - 2 Pack, Bluetooth Tracker",https://www.lenovo.com/us/en/p/accessories-and-software/smart-home-essentials/Smart-Home-Essentials_Trackers/78017414,78017414,Key Details,Includes 2 Bluetooth trackers,"Attach to keys, luggage and things you value",Use the free Tile app to find your things,$59.99,Ships FREE in 1-3 business days,$1,https://www.lenovo.com/us/en/p/accessories-and-software/smart-home-essentials/Smart-Home-Essentials_Trackers/78017414,[object Object],4.3,(928),Includes 2 Bluetooth trackers,"Attach to keys, luggage and things you value",Use the free Tile app to find your things,"Find your phone, even on silent","Find your phone, even on silent",Water resistant with 1-year replaceable battery,,,Water resistant with 1-year replaceable battery,
https://p1-ofp.static.pub/medias/bWFzdGVyfHJvb3R8Njg3NXxpbWFnZS9qcGVnfGg4Ny9oN2MvMTE3MjM3MDUwMjQ1NDIuanBnfGU2ZDc0NDJhYzBkMjhhNmJkN2VhY2U3OGE2MmQ4MTM2NzVhNDZiNzg4OTdkMzk1OGVmM2I0YWIyZGUyYzViMDM/4D654B8E-D19E-4D7D-8E58-9D4BB2B6474F.jpg,https://p1-ofp.static.pub/medias/bWFzdGVyfHJvb3R8Njg3NXxpbWFnZS9qcGVnfGg4Ny9oN2MvMTE3MjM3MDUwMjQ1NDIuanBnfGU2ZDc0NDJhYzBkMjhhNmJkN2VhY2U3OGE2MmQ4MTM2NzVhNDZiNzg4OTdkMzk1OGVmM2I0YWIyZGUyYzViMDM/4D654B8E-D19E-4D7D-8E58-9D4BB2B6474F.jpg,https://p1-ofp.static.pub/fes/cms/2020/12/25/76apjfkml79bg5qcf172tvt0bw0c8s348607.png,https://p2-ofp.static.pub/fes/cms/2021/07/06/2h8n4ofixc8g8i94vopfat048ld37m944694.svg,https://p3-ofp.static.pub/fes/cms/2021/07/06/efrjjv1rz2xiuvpm0emnwj6y2gmai3506628.svg,https://p2-ofp.static.pub/fes/cms/2021/07/06/wxdfgadg28utnas6ca5d28oot1lcxj806083.svg,Philips Hue White and Color Ambiance Extension Pack - light bar - LED - 16 million colors - black,https://www.lenovo.com/us/en/p/accessories-and-software/smart-home-essentials/Smart-Home-Essentials_Smart-Lighting/78015977,78015977,Key Details,Decorate with ambient smart lights,Amp your entertainment with smart lighting,Display Hue Play your way,$69.99,Ships FREE in 1-3 business days,$2,https://www.lenovo.com/us/en/p/accessories-and-software/smart-home-essentials/Smart-Home-Essentials_Smart-Lighting/78015977,[object Object],4.7,(10),Decorate with ambient smart lights,Amp your entertainment with smart lighting,Display Hue Play your way,Mount behind your TV,Mount behind your TV,Connect 3 Hue Play light bars with 1 plug,Connect to your Hue Bridge for full smart lighting control,,Connect 3 Hue Play light bars with 1 plug,Connect to your Hue Bridge for full smart lighting control
https://p1-ofp.static.pub/medias/bWFzdGVyfHJvb3R8MTYyNzh8aW1hZ2UvanBlZ3xoZTAvaDNlLzExNjAwMTM1ODQ3OTY2LmpwZ3w1OWNhYzRhNDRkMDVjODNlMmIxNTA5ZjAzMmI1Yzc5M2ExOTM0MDg0YTUxZjM3OWQwOGRiOTJjNGVlNzIxMTA0/B6BE58DB-53EA-4C95-8405-1E81F3CA2C79.jpg,https://p1-ofp.static.pub/medias/bWFzdGVyfHJvb3R8MTYyNzh8aW1hZ2UvanBlZ3xoZTAvaDNlLzExNjAwMTM1ODQ3OTY2LmpwZ3w1OWNhYzRhNDRkMDVjODNlMmIxNTA5ZjAzMmI1Yzc5M2ExOTM0MDg0YTUxZjM3OWQwOGRiOTJjNGVlNzIxMTA0/B6BE58DB-53EA-4C95-8405-1E81F3CA2C79.jpg,https://p1-ofp.static.pub/fes/cms/2020/12/25/76apjfkml79bg5qcf172tvt0bw0c8s348607.png,https://p2-ofp.static.pub/fes/cms/2021/07/06/2h8n4ofixc8g8i94vopfat048ld37m944694.svg,https://p3-ofp.static.pub/fes/cms/2021/07/06/efrjjv1rz2xiuvpm0emnwj6y2gmai3506628.svg,https://p2-ofp.static.pub/fes/cms/2021/07/06/wxdfgadg28utnas6ca5d28oot1lcxj806083.svg,EZVIZ C3N - network surveillance camera,https://www.lenovo.com/us/en/p/accessories-and-software/smart-home-essentials/Smart-Home-Essentials_Smart-Security/78015322,78015322,Key Details,Vivid night imaging,Three night vision modes,AI-powered person detection,$69.99,Ships FREE in 1-3 business days,$2,https://www.lenovo.com/us/en/p/accessories-and-software/smart-home-essentials/Smart-Home-Essentials_Smart-Security/78015322,[object Object],4.8,(50),Vivid night imaging,Three night vision modes,AI-powered person detection,More details of people captured,More details of people captured,Proactive protection,Hear what's happening,Enhanced Wi-Fi connection,Proactive protection,Hear what's happening
https://p4-ofp.static.pub/fes/cms/2021/07/28/ckwn09fkeowi7va2jgy1ekv9xkrgar615176.png,https://p4-ofp.static.pub/fes/cms/2021/07/28/t5j047ccb98ie7q58rnwtietsgy91h843001.png,https://p1-ofp.static.pub/fes/cms/2020/12/25/76apjfkml79bg5qcf172tvt0bw0c8s348607.png,https://p2-ofp.static.pub/fes/cms/2021/07/06/2h8n4ofixc8g8i94vopfat048ld37m944694.svg,https://p3-ofp.static.pub/fes/cms/2021/07/06/efrjjv1rz2xiuvpm0emnwj6y2gmai3506628.svg,https://p2-ofp.static.pub/fes/cms/2021/07/06/wxdfgadg28utnas6ca5d28oot1lcxj806083.svg,Lenovo Smart Color Bulb - 4 Pack,https://www.lenovo.com/us/en/p/accessories-and-software/smart-home-essentials/Smart-Home-Essentials_Smart-Lighting/ZG38C03146,ZG38C03146,Key Details,"Lenovo Smart Home Essentials are your one-stop shop to a smarter home. They are easy to setup,plug & play smart products, controlled by a single Lenovo Link Pro app. Use your voice to control them using the Google Assistant and/or Amazon Alexa. Set up automation to create unique behaviors to make your home smart.","Lenovo Smart Home Essentials are your one-stop shop to a smarter home. They are easy to setup,plug & play smart products, controlled by a single Lenovo Link Pro app. Use your voice to control them using the Google Assistant and/or Amazon Alexa. Set up automation to create unique behaviors to make your home smart.",,$79.99,"Ships FREE by Thu, Oct 14",$2,https://www.lenovo.com/us/en/p/accessories-and-software/smart-home-essentials/Smart-Home-Essentials_Smart-Lighting/ZG38C03146,[object Object],4.1,(47),,,,,,,,,,
https://p1-ofp.static.pub/medias/bWFzdGVyfHJvb3R8Njg1MTZ8aW1hZ2UvcG5nfGgyNS9oYzAvMTE2Mjk2NDI2MTI3NjYucG5nfGU4OTQwZGE0OGIwNGUyN2MyZjEwOTMyMTc1NDU3OGJiMTNlODVkNzdlYTI0Mzg3YzRlNWZlM2ZhMmFkMDYyYzc/ZG38C03143-500x400-01.png,,,,,,Lenovo Smart Plug: 4 Pack,https://www.lenovo.com/us/en/p/accessories-and-software/smart-home-essentials/Smart-Home-Essentials_Smart-Outlets/ZG38C03143,ZG38C03143,Key Details,"Lenovo Smart Home Essentials are your one-stop shop to a smarter home. They are easy to setup,plug & play smart products, controlled by a single Lenovo Link Pro app. Use your voice to control them using the Google Assistant and/or Amazon Alexa. Set up automation to create unique behaviors to make your home smart.","Lenovo Smart Home Essentials are your one-stop shop to a smarter home. They are easy to setup,plug & play smart products, controlled by a single Lenovo Link Pro app. Use your voice to control them using the Google Assistant and/or Amazon Alexa. Set up automation to create unique behaviors to make your home smart.",,$79.99,"Ships FREE by Thu, Oct 14",$2,https://www.lenovo.com/us/en/p/accessories-and-software/smart-home-essentials/Smart-Home-Essentials_Smart-Outlets/ZG38C03143,[object Object],4.1,(59),,,,,,,,,,
https://p1-ofp.static.pub/medias/bWFzdGVyfHJvb3R8NjYzMXxpbWFnZS9qcGVnfGg3MC9oMmUvMTE2MDE1NzMzMTQ1OTAuanBnfGYzYzljNTJkMTQxMGNmMDE5OTllMzA5Njk3NTk1ZGJkZTIzNWVlMGQyOTU2MjBkMDQzMmU3OGQxMjYyYjBhY2U/FFB94711-44B3-4633-9EB3-99C7C362FCFA.jpg,https://p1-ofp.static.pub/medias/bWFzdGVyfHJvb3R8NjYzMXxpbWFnZS9qcGVnfGg3MC9oMmUvMTE2MDE1NzMzMTQ1OTAuanBnfGYzYzljNTJkMTQxMGNmMDE5OTllMzA5Njk3NTk1ZGJkZTIzNWVlMGQyOTU2MjBkMDQzMmU3OGQxMjYyYjBhY2U/FFB94711-44B3-4633-9EB3-99C7C362FCFA.jpg,https://p1-ofp.static.pub/fes/cms/2020/12/25/76apjfkml79bg5qcf172tvt0bw0c8s348607.png,https://p2-ofp.static.pub/fes/cms/2021/07/06/2h8n4ofixc8g8i94vopfat048ld37m944694.svg,https://p3-ofp.static.pub/fes/cms/2021/07/06/efrjjv1rz2xiuvpm0emnwj6y2gmai3506628.svg,https://p2-ofp.static.pub/fes/cms/2021/07/06/wxdfgadg28utnas6ca5d28oot1lcxj806083.svg,WeMo Smart Light Switch - light switch - white (pack of 2),https://www.lenovo.com/us/en/p/accessories-and-software/smart-home-essentials/Smart-Home-Essentials_Smart-Lighting/78015169,78015169,Key Details,Set worry-free schedules for your lights,Protect your home with randomized lights,,$79.99,Ships FREE in 1-3 business days,$2,https://www.lenovo.com/us/en/p/accessories-and-software/smart-home-essentials/Smart-Home-Essentials_Smart-Lighting/78015169,[object Object],4.1,(142),Set worry-free schedules for your lights,Protect your home with randomized lights,,,,,,,,
https://p2-ofp.static.pub/fes/cms/2021/09/03/qdkkk4qpygf217ohpu5w6h3jbtn1v4058781.png,https://p2-ofp.static.pub/fes/cms/2021/09/03/fqklt1rmnhh1hxkfbb66f76hwj98kf264433.png,https://p1-ofp.static.pub/fes/cms/2020/12/25/76apjfkml79bg5qcf172tvt0bw0c8s348607.png,https://p2-ofp.static.pub/fes/cms/2021/07/06/2h8n4ofixc8g8i94vopfat048ld37m944694.svg,https://p3-ofp.static.pub/fes/cms/2021/07/06/efrjjv1rz2xiuvpm0emnwj6y2gmai3506628.svg,https://p2-ofp.static.pub/fes/cms/2021/07/06/wxdfgadg28utnas6ca5d28oot1lcxj806083.svg,TP-Link Kasa HS300 - smart power strip - 1875 Watt,https://www.lenovo.com/us/en/p/accessories-and-software/smart-home-essentials/Smart-Home-Essentials_Smart-Outlets/78010781,78010781,Key Details,6 smart outlets,Surge protection,Energy monitoring,$79.99,Ships FREE in 1-3 business days,$2,,,,,6 smart outlets,Surge protection,Energy monitoring,Voice control,Voice control,Grouping,,,Grouping,
https://p1-ofp.static.pub/medias/bWFzdGVyfHJvb3R8MTMyOTh8aW1hZ2UvanBlZ3xoZTIvaDZlLzExNzIzNDE0MjA4NTQyLmpwZ3wwM2EzMjJiOTg3ZmExNDliODhkMDdkY2MxYTUwZDFiYzcwMGU0ZjU4NTllY2ZhOGRhZjgxNzNiY2VlNjUwODBm/58A14096-FB9E-4623-80A5-B4CE057AF38C.jpg,https://p1-ofp.static.pub/medias/bWFzdGVyfHJvb3R8MTMyOTh8aW1hZ2UvanBlZ3xoZTIvaDZlLzExNzIzNDE0MjA4NTQyLmpwZ3wwM2EzMjJiOTg3ZmExNDliODhkMDdkY2MxYTUwZDFiYzcwMGU0ZjU4NTllY2ZhOGRhZjgxNzNiY2VlNjUwODBm/58A14096-FB9E-4623-80A5-B4CE057AF38C.jpg,https://p1-ofp.static.pub/fes/cms/2020/12/25/76apjfkml79bg5qcf172tvt0bw0c8s348607.png,https://p2-ofp.static.pub/fes/cms/2021/07/06/2h8n4ofixc8g8i94vopfat048ld37m944694.svg,https://p3-ofp.static.pub/fes/cms/2021/07/06/efrjjv1rz2xiuvpm0emnwj6y2gmai3506628.svg,https://p2-ofp.static.pub/fes/cms/2021/07/06/wxdfgadg28utnas6ca5d28oot1lcxj806083.svg,Philips Hue White and Color Ambiance Lightstrip Plus - light strip - LED - 20 W - 16 million colors - 2200-6500 K - white,https://www.lenovo.com/us/en/p/accessories-and-software/smart-home-essentials/Smart-Home-Essentials_Smart-Lighting/78015985,78015985,Key Details,"Ultimate flexibility: shape, bend and extend",Extendible up to 10 meters,High light output: 1600 lumen,$79.99,Ships FREE in 1-3 business days,$2,https://www.lenovo.com/us/en/p/accessories-and-software/smart-home-essentials/Smart-Home-Essentials_Smart-Lighting/78015985,[object Object],3.7,(90),"Ultimate flexibility: shape, bend and extend",Extendible up to 10 meters,High light output: 1600 lumen,Requires a Philips Hue bridge,Requires a Philips Hue bridge,Be creative with 16 million colors,Sync lights with music and films,Light up your gaming,Be creative with 16 million colors,Sync lights with music and films
https://p1-ofp.static.pub/medias/bWFzdGVyfHJvb3R8MTQ0OTZ8aW1hZ2UvcG5nfGhkOS9oZTYvMTEzNTYxNDMwOTE3NDIucG5nfDY3YWY5N2ViNDg5YTU4Y2Y1MDc3YTEzNzNkMWJkNGRjZGI1ZTVlMDVhOWQ0N2M0NjM3Y2QwZGVhYTExZTlkNmQ/78015983_list.png,https://p1-ofp.static.pub/medias/bWFzdGVyfHJvb3R8Nzg1N3xpbWFnZS9qcGVnfGhjMy9oYTYvMTE3MjM0MDg5MDAxMjYuanBnfDhhMzZmNjkwNTA3NjExZTk1ZWJkYzc4ZmE2NTY4YjQ3ZGZlZWM2N2Q4ZGJhYmM4ODA0N2JiMzcxMTQ3ZTNhNDY/54708E9A-5D4E-4394-BC43-B59DA6A0383F.jpg,https://p1-ofp.static.pub/fes/cms/2020/12/25/76apjfkml79bg5qcf172tvt0bw0c8s348607.png,https://p2-ofp.static.pub/fes/cms/2021/07/06/2h8n4ofixc8g8i94vopfat048ld37m944694.svg,https://p3-ofp.static.pub/fes/cms/2021/07/06/efrjjv1rz2xiuvpm0emnwj6y2gmai3506628.svg,https://p2-ofp.static.pub/fes/cms/2021/07/06/wxdfgadg28utnas6ca5d28oot1lcxj806083.svg,Philips Hue White and Color Ambiance - LED light bulb - shape: A19 - E26 - 9.5 W - 16 million colors - 2200-6500 K - white (pack of 2),https://www.lenovo.com/us/en/p/accessories-and-software/smart-home-essentials/Smart-Home-Essentials_Smart-Lighting/78015983,78015983,Key Details,Control lights with your voice,Easy 2-step installation,Create a personalized experience with colorful smart light,$79.99,Ships FREE in 1-3 business days,$2,https://www.lenovo.com/us/en/p/accessories-and-software/smart-home-essentials/Smart-Home-Essentials_Smart-Lighting/78015983,[object Object],4.4,(41),Control lights with your voice,Easy 2-step installation,Create a personalized experience with colorful smart light,Smart home lighting setup,Smart home lighting setup,,,,,
https://p1-ofp.static.pub/medias/bWFzdGVyfHJvb3R8OTE3MXxpbWFnZS9qcGVnfGgwOS9oYmEvMTE2NTM3Njc4NTYxNTguanBnfGVmYWRlMWViYjI0MDMxMmYyNTc2YTdjYWJlYWUxMDAxZjdhOWQ1YzA5OTFlZGIyNDQzYzk1NjQ0NzVhODQ5YWM/C96DEF21-3926-4EFA-9F35-5DA70A29FCC2.jpg,https://p1-ofp.static.pub/medias/bWFzdGVyfHJvb3R8OTE3MXxpbWFnZS9qcGVnfGgwOS9oYmEvMTE2NTM3Njc4NTYxNTguanBnfGVmYWRlMWViYjI0MDMxMmYyNTc2YTdjYWJlYWUxMDAxZjdhOWQ1YzA5OTFlZGIyNDQzYzk1NjQ0NzVhODQ5YWM/C96DEF21-3926-4EFA-9F35-5DA70A29FCC2.jpg,https://p1-ofp.static.pub/fes/cms/2020/12/25/76apjfkml79bg5qcf172tvt0bw0c8s348607.png,https://p2-ofp.static.pub/fes/cms/2021/07/06/2h8n4ofixc8g8i94vopfat048ld37m944694.svg,https://p3-ofp.static.pub/fes/cms/2021/07/06/efrjjv1rz2xiuvpm0emnwj6y2gmai3506628.svg,https://p2-ofp.static.pub/fes/cms/2021/07/06/wxdfgadg28utnas6ca5d28oot1lcxj806083.svg,EZVIZ C6W - network surveillance camera,https://www.lenovo.com/us/en/p/accessories-and-software/smart-home-essentials/Smart-Home-Essentials_Smart-Security/78017494,78017494,Key Details,Records every corner in 2K resolution,"Auto-zoom motion tracking, especially for human movements",Whole-room coverage is a breeze,$89.99,Ships FREE in 1-3 business days,$2,,,,,Records every corner in 2K resolution,"Auto-zoom motion tracking, especially for human movements",Whole-room coverage is a breeze,True-WDR for truly clear images,True-WDR for truly clear images,Two-way talk,"See clearer, even in the dark",H.265 Video Compression,Two-way talk,"See clearer, even in the dark"
https://p1-ofp.static.pub/medias/bWFzdGVyfHJvb3R8MTE3NzF8aW1hZ2UvanBlZ3xoZjAvaGUwLzExNjUxNjAxNTMwOTEwLmpwZ3w1MjJkY2FhMGYyN2E0MjI0ZjAzMmM0OGIzMmM3Mzc4YzIzYjAzNmYxYmUwNDViMDYyMjNjZDMxOWI3MzY1ZjU0/18A45887-69B0-4B96-9198-C6E7BEEAC3E0.jpg,https://p1-ofp.static.pub/medias/bWFzdGVyfHJvb3R8MTE3NzF8aW1hZ2UvanBlZ3xoZjAvaGUwLzExNjUxNjAxNTMwOTEwLmpwZ3w1MjJkY2FhMGYyN2E0MjI0ZjAzMmM0OGIzMmM3Mzc4YzIzYjAzNmYxYmUwNDViMDYyMjNjZDMxOWI3MzY1ZjU0/18A45887-69B0-4B96-9198-C6E7BEEAC3E0.jpg,https://p1-ofp.static.pub/fes/cms/2020/12/25/76apjfkml79bg5qcf172tvt0bw0c8s348607.png,https://p2-ofp.static.pub/fes/cms/2021/07/06/2h8n4ofixc8g8i94vopfat048ld37m944694.svg,https://p3-ofp.static.pub/fes/cms/2021/07/06/efrjjv1rz2xiuvpm0emnwj6y2gmai3506628.svg,https://p2-ofp.static.pub/fes/cms/2021/07/06/wxdfgadg28utnas6ca5d28oot1lcxj806083.svg,EZVIZ C3W Pro - network surveillance camera - bullet,https://www.lenovo.com/us/en/p/accessories-and-software/smart-home-essentials/Smart-Home-Essentials_Smart-Security/78017493,78017493,Key Details,4MP streaming,AI-powered person detection,Two-way talk,$89.99,Ships FREE in 1-3 business days,$2,,,,,4MP streaming,AI-powered person detection,Two-way talk,Customizable voice alerts,Customizable voice alerts,IP67 dust and water protection,,,IP67 dust and water protection,
https://p1-ofp.static.pub/medias/bWFzdGVyfHJvb3R8MTIwNTd8aW1hZ2UvanBlZ3xoZmQvaDM1LzExNzIzNDMzNjcyNzM0LmpwZ3w2MjNjZjFlZmQwZjFiZGFkYTNhYjJjZGJlM2ZkODI1YTMxMGJhYTlkN2EzMDA4MTNkNzQxYWIwODEzYTI2Y2Jl/6D367526-1BB8-4B6D-93BF-CC3B834B4345.jpg,https://p1-ofp.static.pub/medias/bWFzdGVyfHJvb3R8MTIwNTd8aW1hZ2UvanBlZ3xoZmQvaDM1LzExNzIzNDMzNjcyNzM0LmpwZ3w2MjNjZjFlZmQwZjFiZGFkYTNhYjJjZGJlM2ZkODI1YTMxMGJhYTlkN2EzMDA4MTNkNzQxYWIwODEzYTI2Y2Jl/6D367526-1BB8-4B6D-93BF-CC3B834B4345.jpg,https://p1-ofp.static.pub/fes/cms/2020/12/25/76apjfkml79bg5qcf172tvt0bw0c8s348607.png,https://p2-ofp.static.pub/fes/cms/2021/07/06/2h8n4ofixc8g8i94vopfat048ld37m944694.svg,https://p3-ofp.static.pub/fes/cms/2021/07/06/efrjjv1rz2xiuvpm0emnwj6y2gmai3506628.svg,https://p2-ofp.static.pub/fes/cms/2021/07/06/wxdfgadg28utnas6ca5d28oot1lcxj806083.svg,Philips Hue White and Color Ambiance - light strip kit - LED - 19 W - multicolor light - 2000-6500 K - white,https://www.lenovo.com/us/en/p/accessories-and-software/smart-home-essentials/Smart-Home-Essentials_Smart-Lighting/78015986,78015986,Key Details,Beautify your backyard with outdoor lighting,Smart color lights for outdoor occasions,Flexible light strip to shape and bend,$99.99,Ships FREE in 1-3 business days,$3,https://www.lenovo.com/us/en/p/accessories-and-software/smart-home-essentials/Smart-Home-Essentials_Smart-Lighting/78015986,[object Object],4.1,(9),Beautify your backyard with outdoor lighting,Smart color lights for outdoor occasions,Flexible light strip to shape and bend,Weatherproof light strip,Weatherproof light strip,"Perfectly uniform, diffused strip lighting",Power supply and plug,Connect to your Hue Bridge for full smart lighting control,"Perfectly uniform, diffused strip lighting",Power supply and plug
https://p1-ofp.static.pub/medias/bWFzdGVyfHJvb3R8NjIyMXxpbWFnZS9qcGVnfGg2MS9oN2QvMTE2Mzg1NzMzMDE3OTAuanBnfDhmMmMzYmRiNjdmZTcyMjM0MGYzYzM0Mjc1ODNlYzAzZWVjMzg2OGM4MGNmN2UyYmJkYWI3MmJhZjBkNmFhOTk/6BE2E8FC-7D80-4EDF-BD00-6C9D150B34DF.jpg,https://p1-ofp.static.pub/medias/bWFzdGVyfHJvb3R8NjIyMXxpbWFnZS9qcGVnfGg2MS9oN2QvMTE2Mzg1NzMzMDE3OTAuanBnfDhmMmMzYmRiNjdmZTcyMjM0MGYzYzM0Mjc1ODNlYzAzZWVjMzg2OGM4MGNmN2UyYmJkYWI3MmJhZjBkNmFhOTk/6BE2E8FC-7D80-4EDF-BD00-6C9D150B34DF.jpg,https://p1-ofp.static.pub/fes/cms/2020/12/25/76apjfkml79bg5qcf172tvt0bw0c8s348607.png,https://p2-ofp.static.pub/fes/cms/2021/07/06/2h8n4ofixc8g8i94vopfat048ld37m944694.svg,https://p3-ofp.static.pub/fes/cms/2021/07/06/efrjjv1rz2xiuvpm0emnwj6y2gmai3506628.svg,https://p2-ofp.static.pub/fes/cms/2021/07/06/wxdfgadg28utnas6ca5d28oot1lcxj806083.svg,EZVIZ DB1C - IP intercom station - 802.11a/b/g/n,https://www.lenovo.com/us/en/p/accessories-and-software/smart-home-essentials/Smart-Home-Essentials_Smart-Locks-&-Doorbells/78017469,78017469,Key Details,See every detail you need to see with 1080p video,Person-detection enabled,"Covers every inch, from head to toe with a 170-degree vertical view",$99.99,Ships FREE in 1-3 business days,$3,,,,,See every detail you need to see with 1080p video,Person-detection enabled,"Covers every inch, from head to toe with a 170-degree vertical view",Two-way talk,Two-way talk,Dual-band Wi-Fi connectivity,Fearless in any weather with IP65 protection,Multiple storage solutions,Dual-band Wi-Fi connectivity,Fearless in any weather with IP65 protection
https://p1-ofp.static.pub/medias/bWFzdGVyfHJvb3R8ODU1MXxpbWFnZS9qcGVnfGhkOS9oOTQvMTE2MDAxMzE5MTU4MDYuanBnfDgwNmMwMTA5YmE1NjU2MDIxZTdjNGQ5NDYzYzUxOWY3YTIzNjBjMDQxMjJhNTI4ODBkYmQzMGUzYWU4Yzk4OGU/2E6DEA81-D84F-4138-B778-C4A2D3F0A65C.jpg,https://p1-ofp.static.pub/medias/bWFzdGVyfHJvb3R8ODU1MXxpbWFnZS9qcGVnfGhkOS9oOTQvMTE2MDAxMzE5MTU4MDYuanBnfDgwNmMwMTA5YmE1NjU2MDIxZTdjNGQ5NDYzYzUxOWY3YTIzNjBjMDQxMjJhNTI4ODBkYmQzMGUzYWU4Yzk4OGU/2E6DEA81-D84F-4138-B778-C4A2D3F0A65C.jpg,https://p1-ofp.static.pub/fes/cms/2020/12/25/76apjfkml79bg5qcf172tvt0bw0c8s348607.png,https://p2-ofp.static.pub/fes/cms/2021/07/06/2h8n4ofixc8g8i94vopfat048ld37m944694.svg,https://p3-ofp.static.pub/fes/cms/2021/07/06/efrjjv1rz2xiuvpm0emnwj6y2gmai3506628.svg,https://p2-ofp.static.pub/fes/cms/2021/07/06/wxdfgadg28utnas6ca5d28oot1lcxj806083.svg,EZVIZ LC1C - network surveillance camera,https://www.lenovo.com/us/en/p/accessories-and-software/smart-home-essentials/Smart-Home-Essentials_Smart-Security/78015323,78015323,Key Details,"Dual lights, 2000-lumen brightness",1080p FHD resolution,Starlight standard sensor,$149.99,Ships FREE in 1-3 business days,$4,https://www.lenovo.com/us/en/p/accessories-and-software/smart-home-essentials/Smart-Home-Essentials_Smart-Security/78015323,[object Object],4.2,(21),"Dual lights, 2000-lumen brightness",1080p FHD resolution,Starlight standard sensor,Infrared night vision up to 25m / 82 ft.,Infrared night vision up to 25m / 82 ft.,H.265 video compression,PIR motion-activated floodlights,Built-in siren,H.265 video compression,PIR motion-activated floodlights