normal_image src,lazy_href,lazy_href href,part_number 2,key_details,ellip,morelink,morelink href,final-price,text 3,key_details 2,key_details 3,key_details 4,key_details 5,key_details 7
https://p1-ofp.static.pub/medias/bWFzdGVyfHJvb3R8MTE3MjZ8aW1hZ2UvanBlZ3xoNWQvaDdiLzExNjAyODEyOTkzNTY2LmpwZ3w2MzZiYmI1MjYyMjlmM2MwODlmODU0ZDY5N2Q2ODg0YjAxNDlkZDRkYzNiN2RmMTU0MWIwYTAzZTcxODBlOGM0/649E7F0C-F167-4398-91E2-472F3C30637B.jpg,Microsoft Xbox Live - Gift Card,https://www.lenovo.com/us/en/p/accessories-and-software/subscriptions/Subscriptions_Gift-Cards/78011654,78011654,"What do more than two million gamers in 24 countries have that you don't? Xbox Live, baby! Xbox Live is the Ultimate Gaming Arena. It's a place where something is always going on. You can find people to play with and talk to 24 hours a day, 365 days a year. It's a place where you have a single, persistent identity - your gamer tag - across all games. A place where you can download new stuff for your games any time you feel like it. Most importantly, it's a place where gaming is king.The original",...,See More Details,https://www.lenovo.com/us/en/p/accessories-and-software/subscriptions/Subscriptions_Gift-Cards/78011654,$15.00,$0.45,"What do more than two million gamers in 24 countries have that you don't? Xbox Live, baby! Xbox Live is the Ultimate Gaming Arena. It's a place where something is always going on. You can find people to play with and talk to 24 hours a day, 365 days a year. It's a place where you have a single, persistent identity - your gamer tag - across all games. A place where you can download new stuff for your games any time you feel like it. Most importantly, it's a place where gaming is king.The original",,,,
https://p1-ofp.static.pub/medias/bWFzdGVyfHJvb3R8ODg1NnxpbWFnZS9qcGVnfGhkNS9oMTMvMTE2MDI4MjYzNjI5MTAuanBnfDhiZTA1YzMyZTM0ZDYzZDVlYTNkODA2MDIxMjRmOWJmZWJjMWJhODM4Y2JmMzEwMWViMjg4MzUyODdkNTI0NmU/0FDA7EF9-FD56-4895-956E-2572A5A68C40.jpg,Microsoft Xbox Live - Gift Card,https://www.lenovo.com/us/en/p/accessories-and-software/subscriptions/Subscriptions_Gift-Cards/78011640,78011640,"What do more than two million gamers in 24 countries have that you don't? Xbox Live, baby! Xbox Live is the Ultimate Gaming Arena. It's a place where something is always going on. You can find people to play with and talk to 24 hours a day, 365 days a year. It's a place where you have a single, persistent identity - your gamer tag - across all games. A place where you can download new stuff for your games any time you feel like it. Most importantly, it's a place where gaming is king.The original",...,See More Details,https://www.lenovo.com/us/en/p/accessories-and-software/subscriptions/Subscriptions_Gift-Cards/78011640,$50.00,$1,"What do more than two million gamers in 24 countries have that you don't? Xbox Live, baby! Xbox Live is the Ultimate Gaming Arena. It's a place where something is always going on. You can find people to play with and talk to 24 hours a day, 365 days a year. It's a place where you have a single, persistent identity - your gamer tag - across all games. A place where you can download new stuff for your games any time you feel like it. Most importantly, it's a place where gaming is king.The original",,,,
https://p1-ofp.static.pub/medias/bWFzdGVyfHJvb3R8MTE4NjR8aW1hZ2UvanBlZ3xoOTYvaGUzLzExNjAyODEzNzc5OTk4LmpwZ3xhMzFkNWQ1NzZhOGY4ZDQxN2Q1ZmY0NzgyZGZhZDQ4YzcxZjVkNjYxMjVmMzM1ZWM4OWNjY2Y5ODg4ZmRhMTQy/F2F6FA0C-5D46-421C-B714-168268586C37.jpg,Microsoft Xbox Live - Gift Card,https://www.lenovo.com/us/en/p/accessories-and-software/subscriptions/Subscriptions_Gift-Cards/78011595,78011595,"What do more than two million gamers in 24 countries have that you don't? Xbox Live, baby! Xbox Live is the Ultimate Gaming Arena. It's a place where something is always going on. You can find people to play with and talk to 24 hours a day, 365 days a year. It's a place where you have a single, persistent identity - your gamer tag - across all games. A place where you can download new stuff for your games any time you feel like it. Most importantly, it's a place where gaming is king.The original",...,See More Details,https://www.lenovo.com/us/en/p/accessories-and-software/subscriptions/Subscriptions_Gift-Cards/78011595,$100.00,$3,"What do more than two million gamers in 24 countries have that you don't? Xbox Live, baby! Xbox Live is the Ultimate Gaming Arena. It's a place where something is always going on. You can find people to play with and talk to 24 hours a day, 365 days a year. It's a place where you have a single, persistent identity - your gamer tag - across all games. A place where you can download new stuff for your games any time you feel like it. Most importantly, it's a place where gaming is king.The original",,,,
https://p1-ofp.static.pub/medias/bWFzdGVyfHJvb3R8ODg1NnxpbWFnZS9qcGVnfGg3Yy9oZDAvMTE2MDcyNDEwMzE3MTAuanBnfDlmNzBmZWI1MzE1MDkxZmUwNGZmMzY1ZGQ1NzNlOTQ4NTU3MmJhNjc1MDhjZGZmMjQzMzYxOWQwMjM4YmE1ZmU/0FDA7EF9-FD56-4895-956E-2572A5A68C40.jpg,Microsoft Xbox Live - Gift Card,https://www.lenovo.com/us/en/p/accessories-and-software/subscriptions/Subscriptions_Gift-Cards/78011639,78011639,"What do more than two million gamers in 24 countries have that you don't? Xbox Live, baby! Xbox Live is the Ultimate Gaming Arena. It's a place where something is always going on. You can find people to play with and talk to 24 hours a day, 365 days a year. It's a place where you have a single, persistent identity - your gamer tag - across all games. A place where you can download new stuff for your games any time you feel like it. Most importantly, it's a place where gaming is king.The original",...,See More Details,https://www.lenovo.com/us/en/p/accessories-and-software/subscriptions/Subscriptions_Gift-Cards/78011639,$25.00,$0.75,"What do more than two million gamers in 24 countries have that you don't? Xbox Live, baby! Xbox Live is the Ultimate Gaming Arena. It's a place where something is always going on. You can find people to play with and talk to 24 hours a day, 365 days a year. It's a place where you have a single, persistent identity - your gamer tag - across all games. A place where you can download new stuff for your games any time you feel like it. Most importantly, it's a place where gaming is king.The original",,,,
https://p1-ofp.static.pub/medias/bWFzdGVyfHJvb3R8Nzk3OHxpbWFnZS9qcGVnfGg0Ny9oMGIvMTE2MDgxNTMxOTQ1MjYuanBnfGM5MDY1ZGE4NmQ2MDIzNDhjMTZmMzQyNTg3NTNjNzEyNjczMzQwNWM0NWI2MTVjYTIyZDA4NzFkMGI2YWJkYTk/BAB7732C-A6C8-4259-8F2D-87CC9126E0FD.jpg,"Microsoft Xbox Game Pass Ultimate - Microsoft Xbox One, Windows - subscription license (3 months) - 1 license",https://www.lenovo.com/us/en/p/accessories-and-software/subscriptions/Subscriptions_Game-Pass/78011882,78011882,Includes all the benefits of Xbox Live Gold,,,,$44.99,$1,Access to over 100 high-quality games,Exclusive member deals and discounts,Includes all the benefits of Xbox Live Gold,Access to over 100 high-quality games,
https://p1-ofp.static.pub/medias/bWFzdGVyfHJvb3R8ODg1NnxpbWFnZS9qcGVnfGg3MC9oMzgvMTE2MDgzMTM5MjE1NjYuanBnfGUyNjI3MTA3ZjQ3YjliZjEzOTE3YmQ1ZjQzYzllNDc5OTNmMzZjYTNmZDMwZmQzN2M3NGUyYzIwZDgxZWY0MWQ/0FDA7EF9-FD56-4895-956E-2572A5A68C40.jpg,"Microsoft Xbox Live Gold Membership - Microsoft Xbox 360, Microsoft Xbox One - subscription card (1 year) - 1 license",https://www.lenovo.com/us/en/p/accessories-and-software/subscriptions/Subscriptions_Game-Pass/78011645,78011645,Unlimited online multiplayer gaming,,,,$59.99,$1,Weekly Gold-Exclusive discounts,"Early access to content, including Free Game Demos",Unlimited online multiplayer gaming,Weekly Gold-Exclusive discounts,Access to world class entertainment partners
https://p1-ofp.static.pub/medias/bWFzdGVyfHJvb3R8Nzk3OHxpbWFnZS9qcGVnfGhjMy9oYjcvMTE2MDgyMzgwMzA4NzguanBnfDFkNzQ5MmM2ZmI1ODE0OGJlNmEwMWMzNTc0NTc2ZjllZTFmM2NiZGYzYTk3M2YwOTZmMGVhZWMzZjUzNDMxN2E/BAB7732C-A6C8-4259-8F2D-87CC9126E0FD.jpg,"Microsoft Xbox Game Pass Ultimate - Microsoft Xbox One, Windows - subscription license (1 month) - 1 license",https://www.lenovo.com/us/en/p/accessories-and-software/subscriptions/Subscriptions_Game-Pass/78011641,78011641,Includes all the benefits of Xbox Live Gold,,,,$14.99,$0.45,Access to over 100 high-quality games,Exclusive member deals and discounts,Includes all the benefits of Xbox Live Gold,Access to over 100 high-quality games,
https://p1-ofp.static.pub/medias/bWFzdGVyfHJvb3R8Nzk3OHxpbWFnZS9qcGVnfGhiMy9oOTcvMTE2MDgyMzI5MTkwNzAuanBnfGYwYjhjODQzNzdmNDQ0M2ZiMWU3MDRkMTdkMWZhNjRmZDFjZjY4MmU4ZWM1NzQ1NzhhMmVmMTAzNDczNTc3NjI/BAB7732C-A6C8-4259-8F2D-87CC9126E0FD.jpg,"Microsoft Xbox Game Pass - Microsoft Xbox 360, Microsoft Xbox One - Gift Card (3 months)",https://www.lenovo.com/us/en/p/accessories-and-software/subscriptions/Subscriptions_Game-Pass/78011638,78011638,One low monthly price,,,,$29.99,$0.90,Always something to play,Download and play in full-fidelity,One low monthly price,Always something to play,
https://p1-ofp.static.pub/medias/bWFzdGVyfHJvb3R8ODg1NnxpbWFnZS9qcGVnfGg2Yi9oMWQvMTE3MjUwOTIwMjg0NDYuanBnfGMzZjU3ODhjOGQ2YjUxNWYzNDYxMzVjNTcxMDUyNTBkNGIzZWIzYmU1YjdmNDk2ZDc5YjdkYzczYjgwNmUyMWY/0FDA7EF9-FD56-4895-956E-2572A5A68C40.jpg,Microsoft Xbox Live Gold Membership - subscription card (3 months) - 1 license,https://www.lenovo.com/us/en/p/accessories-and-software/subscriptions/Subscriptions_Game-Pass/78011644,78011644,The most advanced multiplayer,,,,$24.99,$0.75,Find the perfect match,Get free games with Xbox Live Gold,The most advanced multiplayer,Find the perfect match,Exclusive member discounts
https://p1-ofp.static.pub/medias/bWFzdGVyfHJvb3R8Nzk3OHxpbWFnZS9qcGVnfGhhYS9oN2MvMTE2MDgzMTE3NTg4NzguanBnfDZjZWM2NWE2OTRiOTJmZDIxZWNlYWFhMDJlMTE4NDQ5NTMzOGYyMmI2ODdhZmMwNDAwMDc0ZjI0M2U0OGM5ZDY/BAB7732C-A6C8-4259-8F2D-87CC9126E0FD.jpg,Microsoft Xbox Game Pass - Microsoft Xbox One - Gift Card (6 months),https://www.lenovo.com/us/en/p/accessories-and-software/subscriptions/Subscriptions_Game-Pass/78011642,78011642,Play Xbox exclusives the day they launch,,,,$59.99,$1,Exclusive Discounts,Available on Xbox One consoles,Play Xbox exclusives the day they launch,Exclusive Discounts,