web-scraper-order,web-scraper-start-url,cat,cat-href,name
1632477177-36,https://www.officedepot.com/cm/brand/workpro-chairs?cm_sp=furniture-_-chairs_WorkPro_-_-brand_workpro_main_5_2_0&promo_name=furniture&promo_id=furniture-chairs-WorkPro&promo_creative=chairs_WorkPro&promo_position=brand_workpro_main_5_2_0,WorkPro 4000 Series,https://www.officedepot.com/a/browse/workpro-4000-series/N=5+1444544/?cm_sp=furniture-_-4000-series_WorkPro_-_-brand_workpro-chairs_main_3_4_0&promo_name=furniture&promo_id=furniture-4000-series-WorkPro&promo_creative=4000-series_WorkPro&promo_position=brand_workpro-chairs_main_3_4_0,WorkPro® 4000 Series Multifunction Ergonomic Mesh/Fabric High-Back Executive Cha...4.5 out of 5 stars. 243 reviews
1632477198-64,https://www.officedepot.com/cm/brand/workpro-chairs?cm_sp=furniture-_-chairs_WorkPro_-_-brand_workpro_main_5_2_0&promo_name=furniture&promo_id=furniture-chairs-WorkPro&promo_creative=chairs_WorkPro&promo_position=brand_workpro_main_5_2_0,WorkPro 9000 Series,https://www.officedepot.com/a/browse/workpro-9000-series/N=5+1444545/?cm_sp=furniture-_-9000-series_WorkPro_-_-brand_workpro-chairs_main_3_3_0&promo_name=furniture&promo_id=furniture-9000-series-WorkPro&promo_creative=9000-series_WorkPro&promo_position=brand_workpro-chairs_main_3_3_0,"WorkPro® Quantum 9000 Series Ergonomic Mesh/Premium Fabric Mid-Back Chair, Black...4.5 out of 5 stars. 1812 reviews"
1632477198-60,https://www.officedepot.com/cm/brand/workpro-chairs?cm_sp=furniture-_-chairs_WorkPro_-_-brand_workpro_main_5_2_0&promo_name=furniture&promo_id=furniture-chairs-WorkPro&promo_creative=chairs_WorkPro&promo_position=brand_workpro_main_5_2_0,WorkPro 9000 Series,https://www.officedepot.com/a/browse/workpro-9000-series/N=5+1444545/?cm_sp=furniture-_-9000-series_WorkPro_-_-brand_workpro-chairs_main_3_3_0&promo_name=furniture&promo_id=furniture-9000-series-WorkPro&promo_creative=9000-series_WorkPro&promo_position=brand_workpro-chairs_main_3_3_0,"WorkPro® Quantum 9000 Series Ergonomic Mesh/Premium Fabric Mid-Back Chair, Black...4.4 out of 5 stars. 7 reviews"
1632477222-73,https://www.officedepot.com/cm/brand/workpro-chairs?cm_sp=furniture-_-chairs_WorkPro_-_-brand_workpro_main_5_2_0&promo_name=furniture&promo_id=furniture-chairs-WorkPro&promo_creative=chairs_WorkPro&promo_position=brand_workpro_main_5_2_0,WorkPro 12000 Series,https://www.officedepot.com/a/browse/workpro-12000-series/N=5+1444543/?cm_sp=furniture-_-12000-series_WorkPro_-_-brand_workpro-chairs_main_3_1_0&promo_name=furniture&promo_id=furniture-12000-series-WorkPro&promo_creative=12000-series_WorkPro&promo_position=brand_workpro-chairs_main_3_1_0,"WorkPro® 12000 Series Ergonomic Mesh/Mesh Mid-Back Chair, Black/Black4.6 out of 5 stars. 19 reviews"
1632477128-23,https://www.officedepot.com/cm/brand/workpro-chairs?cm_sp=furniture-_-chairs_WorkPro_-_-brand_workpro_main_5_2_0&promo_name=furniture&promo_id=furniture-chairs-WorkPro&promo_creative=chairs_WorkPro&promo_position=brand_workpro_main_5_2_0,WorkPro Spectrum Series,https://www.officedepot.com/a/browse/workpro-spectrum-series/N=5+1444547/?cm_sp=furniture-_-spectrum_WorkPro_-_-brand_workpro-chairs_main_3_6_0&promo_name=furniture&promo_id=furniture-spectrum-WorkPro&promo_creative=spectrum_WorkPro&promo_position=brand_workpro-chairs_main_3_6_0,"WorkPro® Spectrum Series Stacking Guest Chair with Antimicrobial Protection, Wit...0.0 out of 5 stars."
1632477128-7,https://www.officedepot.com/cm/brand/workpro-chairs?cm_sp=furniture-_-chairs_WorkPro_-_-brand_workpro_main_5_2_0&promo_name=furniture&promo_id=furniture-chairs-WorkPro&promo_creative=chairs_WorkPro&promo_position=brand_workpro_main_5_2_0,WorkPro Spectrum Series,https://www.officedepot.com/a/browse/workpro-spectrum-series/N=5+1444547/?cm_sp=furniture-_-spectrum_WorkPro_-_-brand_workpro-chairs_main_3_6_0&promo_name=furniture&promo_id=furniture-spectrum-WorkPro&promo_creative=spectrum_WorkPro&promo_position=brand_workpro-chairs_main_3_6_0,"WorkPro® Spectrum Series Stacking Guest Chair with Antimicrobial Protection, Arm...0.0 out of 5 stars."
1632477222-78,https://www.officedepot.com/cm/brand/workpro-chairs?cm_sp=furniture-_-chairs_WorkPro_-_-brand_workpro_main_5_2_0&promo_name=furniture&promo_id=furniture-chairs-WorkPro&promo_creative=chairs_WorkPro&promo_position=brand_workpro_main_5_2_0,WorkPro 12000 Series,https://www.officedepot.com/a/browse/workpro-12000-series/N=5+1444543/?cm_sp=furniture-_-12000-series_WorkPro_-_-brand_workpro-chairs_main_3_1_0&promo_name=furniture&promo_id=furniture-12000-series-WorkPro&promo_creative=12000-series_WorkPro&promo_position=brand_workpro-chairs_main_3_1_0,"WorkPro® 12000 Series Ergonomic Mesh/Premium Fabric Mid-Back Chair, Black/Burgan...4.5 out of 5 stars. 512 reviews"
1632477198-65,https://www.officedepot.com/cm/brand/workpro-chairs?cm_sp=furniture-_-chairs_WorkPro_-_-brand_workpro_main_5_2_0&promo_name=furniture&promo_id=furniture-chairs-WorkPro&promo_creative=chairs_WorkPro&promo_position=brand_workpro_main_5_2_0,WorkPro 9000 Series,https://www.officedepot.com/a/browse/workpro-9000-series/N=5+1444545/?cm_sp=furniture-_-9000-series_WorkPro_-_-brand_workpro-chairs_main_3_3_0&promo_name=furniture&promo_id=furniture-9000-series-WorkPro&promo_creative=9000-series_WorkPro&promo_position=brand_workpro-chairs_main_3_3_0,"WorkPro® Quantum 9000 Series Ergonomic Mesh/Premium Fabric Mid-Back Chair, Black...4.3 out of 5 stars. 3 reviews"
1632477222-75,https://www.officedepot.com/cm/brand/workpro-chairs?cm_sp=furniture-_-chairs_WorkPro_-_-brand_workpro_main_5_2_0&promo_name=furniture&promo_id=furniture-chairs-WorkPro&promo_creative=chairs_WorkPro&promo_position=brand_workpro_main_5_2_0,WorkPro 12000 Series,https://www.officedepot.com/a/browse/workpro-12000-series/N=5+1444543/?cm_sp=furniture-_-12000-series_WorkPro_-_-brand_workpro-chairs_main_3_1_0&promo_name=furniture&promo_id=furniture-12000-series-WorkPro&promo_creative=12000-series_WorkPro&promo_position=brand_workpro-chairs_main_3_1_0,"WorkPro® 12000 Series Ergonomic Mesh/Premium Fabric Mid-Back Chair, Black/Tanger...4.5 out of 5 stars. 512 reviews"
1632477222-71,https://www.officedepot.com/cm/brand/workpro-chairs?cm_sp=furniture-_-chairs_WorkPro_-_-brand_workpro_main_5_2_0&promo_name=furniture&promo_id=furniture-chairs-WorkPro&promo_creative=chairs_WorkPro&promo_position=brand_workpro_main_5_2_0,WorkPro 12000 Series,https://www.officedepot.com/a/browse/workpro-12000-series/N=5+1444543/?cm_sp=furniture-_-12000-series_WorkPro_-_-brand_workpro-chairs_main_3_1_0&promo_name=furniture&promo_id=furniture-12000-series-WorkPro&promo_creative=12000-series_WorkPro&promo_position=brand_workpro-chairs_main_3_1_0,"WorkPro® 12000 Series Ergonomic Mesh/Fabric Mid-Back Chair, Black/Black4.5 out of 5 stars. 512 reviews"
1632477222-72,https://www.officedepot.com/cm/brand/workpro-chairs?cm_sp=furniture-_-chairs_WorkPro_-_-brand_workpro_main_5_2_0&promo_name=furniture&promo_id=furniture-chairs-WorkPro&promo_creative=chairs_WorkPro&promo_position=brand_workpro_main_5_2_0,WorkPro 12000 Series,https://www.officedepot.com/a/browse/workpro-12000-series/N=5+1444543/?cm_sp=furniture-_-12000-series_WorkPro_-_-brand_workpro-chairs_main_3_1_0&promo_name=furniture&promo_id=furniture-12000-series-WorkPro&promo_creative=12000-series_WorkPro&promo_position=brand_workpro-chairs_main_3_1_0,"WorkPro® 12000 Series Ergonomic Mesh High-Back Executive Chair, Black/Chrome4.5 out of 5 stars. 512 reviews"
1632477222-77,https://www.officedepot.com/cm/brand/workpro-chairs?cm_sp=furniture-_-chairs_WorkPro_-_-brand_workpro_main_5_2_0&promo_name=furniture&promo_id=furniture-chairs-WorkPro&promo_creative=chairs_WorkPro&promo_position=brand_workpro_main_5_2_0,WorkPro 12000 Series,https://www.officedepot.com/a/browse/workpro-12000-series/N=5+1444543/?cm_sp=furniture-_-12000-series_WorkPro_-_-brand_workpro-chairs_main_3_1_0&promo_name=furniture&promo_id=furniture-12000-series-WorkPro&promo_creative=12000-series_WorkPro&promo_position=brand_workpro-chairs_main_3_1_0,"WorkPro® 12000 Series Ergonomic Mesh/Premium Fabric Mid-Back Chair, Black/Cherry4.5 out of 5 stars. 512 reviews"
1632477222-80,https://www.officedepot.com/cm/brand/workpro-chairs?cm_sp=furniture-_-chairs_WorkPro_-_-brand_workpro_main_5_2_0&promo_name=furniture&promo_id=furniture-chairs-WorkPro&promo_creative=chairs_WorkPro&promo_position=brand_workpro_main_5_2_0,WorkPro 12000 Series,https://www.officedepot.com/a/browse/workpro-12000-series/N=5+1444543/?cm_sp=furniture-_-12000-series_WorkPro_-_-brand_workpro-chairs_main_3_1_0&promo_name=furniture&promo_id=furniture-12000-series-WorkPro&promo_creative=12000-series_WorkPro&promo_position=brand_workpro-chairs_main_3_1_0,"WorkPro® 12000 Series Ergonomic Mesh/Premium Fabric Mid-Back Chair, Black/Lime4.5 out of 5 stars. 512 reviews"
1632477198-63,https://www.officedepot.com/cm/brand/workpro-chairs?cm_sp=furniture-_-chairs_WorkPro_-_-brand_workpro_main_5_2_0&promo_name=furniture&promo_id=furniture-chairs-WorkPro&promo_creative=chairs_WorkPro&promo_position=brand_workpro_main_5_2_0,WorkPro 9000 Series,https://www.officedepot.com/a/browse/workpro-9000-series/N=5+1444545/?cm_sp=furniture-_-9000-series_WorkPro_-_-brand_workpro-chairs_main_3_3_0&promo_name=furniture&promo_id=furniture-9000-series-WorkPro&promo_creative=9000-series_WorkPro&promo_position=brand_workpro-chairs_main_3_3_0,"WorkPro® Quantum 9000 Series Ergonomic Mesh/Mesh Mid-Back Chair, Gray/Black4.5 out of 5 stars. 1812 reviews"
1632477222-84,https://www.officedepot.com/cm/brand/workpro-chairs?cm_sp=furniture-_-chairs_WorkPro_-_-brand_workpro_main_5_2_0&promo_name=furniture&promo_id=furniture-chairs-WorkPro&promo_creative=chairs_WorkPro&promo_position=brand_workpro_main_5_2_0,WorkPro 12000 Series,https://www.officedepot.com/a/browse/workpro-12000-series/N=5+1444543/?cm_sp=furniture-_-12000-series_WorkPro_-_-brand_workpro-chairs_main_3_1_0&promo_name=furniture&promo_id=furniture-12000-series-WorkPro&promo_creative=12000-series_WorkPro&promo_position=brand_workpro-chairs_main_3_1_0,"WorkPro® 12000 Series Ergonomic Mesh/Premium Fabric Mid-Back Chair, Black/Olive4.5 out of 5 stars. 512 reviews"
1632477198-58,https://www.officedepot.com/cm/brand/workpro-chairs?cm_sp=furniture-_-chairs_WorkPro_-_-brand_workpro_main_5_2_0&promo_name=furniture&promo_id=furniture-chairs-WorkPro&promo_creative=chairs_WorkPro&promo_position=brand_workpro_main_5_2_0,WorkPro 9000 Series,https://www.officedepot.com/a/browse/workpro-9000-series/N=5+1444545/?cm_sp=furniture-_-9000-series_WorkPro_-_-brand_workpro-chairs_main_3_3_0&promo_name=furniture&promo_id=furniture-9000-series-WorkPro&promo_creative=9000-series_WorkPro&promo_position=brand_workpro-chairs_main_3_3_0,"WorkPro® Quantum 9000 Series Ergonomic Mesh/Premium Fabric Mid-Back Chair, Black...4.7 out of 5 stars. 16 reviews"
1632477198-56,https://www.officedepot.com/cm/brand/workpro-chairs?cm_sp=furniture-_-chairs_WorkPro_-_-brand_workpro_main_5_2_0&promo_name=furniture&promo_id=furniture-chairs-WorkPro&promo_creative=chairs_WorkPro&promo_position=brand_workpro_main_5_2_0,WorkPro 9000 Series,https://www.officedepot.com/a/browse/workpro-9000-series/N=5+1444545/?cm_sp=furniture-_-9000-series_WorkPro_-_-brand_workpro-chairs_main_3_3_0&promo_name=furniture&promo_id=furniture-9000-series-WorkPro&promo_creative=9000-series_WorkPro&promo_position=brand_workpro-chairs_main_3_3_0,"WorkPro® Quantum 9000 Series Ergonomic Mesh/Premium Fabric Mid-Back Chair, Black...4.3 out of 5 stars. 47 reviews"
1632477222-74,https://www.officedepot.com/cm/brand/workpro-chairs?cm_sp=furniture-_-chairs_WorkPro_-_-brand_workpro_main_5_2_0&promo_name=furniture&promo_id=furniture-chairs-WorkPro&promo_creative=chairs_WorkPro&promo_position=brand_workpro_main_5_2_0,WorkPro 12000 Series,https://www.officedepot.com/a/browse/workpro-12000-series/N=5+1444543/?cm_sp=furniture-_-12000-series_WorkPro_-_-brand_workpro-chairs_main_3_1_0&promo_name=furniture&promo_id=furniture-12000-series-WorkPro&promo_creative=12000-series_WorkPro&promo_position=brand_workpro-chairs_main_3_1_0,"WorkPro® 12000 Series Ergonomic Mesh/Premium Fabric Mid-Back Chair, Black/Black4.5 out of 5 stars. 512 reviews"
1632477198-68,https://www.officedepot.com/cm/brand/workpro-chairs?cm_sp=furniture-_-chairs_WorkPro_-_-brand_workpro_main_5_2_0&promo_name=furniture&promo_id=furniture-chairs-WorkPro&promo_creative=chairs_WorkPro&promo_position=brand_workpro_main_5_2_0,WorkPro 9000 Series,https://www.officedepot.com/a/browse/workpro-9000-series/N=5+1444545/?cm_sp=furniture-_-9000-series_WorkPro_-_-brand_workpro-chairs_main_3_3_0&promo_name=furniture&promo_id=furniture-9000-series-WorkPro&promo_creative=9000-series_WorkPro&promo_position=brand_workpro-chairs_main_3_3_0,"WorkPro® Quantum 9000 Series Ergonomic Mesh/Mesh Mid-Back Stool, Black/Black4.5 out of 5 stars. 1812 reviews"
1632477222-83,https://www.officedepot.com/cm/brand/workpro-chairs?cm_sp=furniture-_-chairs_WorkPro_-_-brand_workpro_main_5_2_0&promo_name=furniture&promo_id=furniture-chairs-WorkPro&promo_creative=chairs_WorkPro&promo_position=brand_workpro_main_5_2_0,WorkPro 12000 Series,https://www.officedepot.com/a/browse/workpro-12000-series/N=5+1444543/?cm_sp=furniture-_-12000-series_WorkPro_-_-brand_workpro-chairs_main_3_1_0&promo_name=furniture&promo_id=furniture-12000-series-WorkPro&promo_creative=12000-series_WorkPro&promo_position=brand_workpro-chairs_main_3_1_0,"WorkPro® 12000 Series Ergonomic Mesh/Premium Fabric Mid-Back Chair, Black/Beige4.5 out of 5 stars. 512 reviews"
1632477198-57,https://www.officedepot.com/cm/brand/workpro-chairs?cm_sp=furniture-_-chairs_WorkPro_-_-brand_workpro_main_5_2_0&promo_name=furniture&promo_id=furniture-chairs-WorkPro&promo_creative=chairs_WorkPro&promo_position=brand_workpro_main_5_2_0,WorkPro 9000 Series,https://www.officedepot.com/a/browse/workpro-9000-series/N=5+1444545/?cm_sp=furniture-_-9000-series_WorkPro_-_-brand_workpro-chairs_main_3_3_0&promo_name=furniture&promo_id=furniture-9000-series-WorkPro&promo_creative=9000-series_WorkPro&promo_position=brand_workpro-chairs_main_3_3_0,"WorkPro® Quantum 9000 Series Ergonomic Mesh High-Back Executive Chair, Black4.5 out of 5 stars. 1812 reviews"
1632477198-55,https://www.officedepot.com/cm/brand/workpro-chairs?cm_sp=furniture-_-chairs_WorkPro_-_-brand_workpro_main_5_2_0&promo_name=furniture&promo_id=furniture-chairs-WorkPro&promo_creative=chairs_WorkPro&promo_position=brand_workpro_main_5_2_0,WorkPro 9000 Series,https://www.officedepot.com/a/browse/workpro-9000-series/N=5+1444545/?cm_sp=furniture-_-9000-series_WorkPro_-_-brand_workpro-chairs_main_3_3_0&promo_name=furniture&promo_id=furniture-9000-series-WorkPro&promo_creative=9000-series_WorkPro&promo_position=brand_workpro-chairs_main_3_3_0,"WorkPro® Quantum 9000 Series Ergonomic Mesh/Mesh Mid-Back Chair, Black/Black4.5 out of 5 stars. 1858 reviews"
1632477222-81,https://www.officedepot.com/cm/brand/workpro-chairs?cm_sp=furniture-_-chairs_WorkPro_-_-brand_workpro_main_5_2_0&promo_name=furniture&promo_id=furniture-chairs-WorkPro&promo_creative=chairs_WorkPro&promo_position=brand_workpro_main_5_2_0,WorkPro 12000 Series,https://www.officedepot.com/a/browse/workpro-12000-series/N=5+1444543/?cm_sp=furniture-_-12000-series_WorkPro_-_-brand_workpro-chairs_main_3_1_0&promo_name=furniture&promo_id=furniture-12000-series-WorkPro&promo_creative=12000-series_WorkPro&promo_position=brand_workpro-chairs_main_3_1_0,"WorkPro® 12000 Series Ergonomic Mesh/Premium Fabric Mid-Back Chair, Black/Sky4.5 out of 5 stars. 512 reviews"
1632477222-76,https://www.officedepot.com/cm/brand/workpro-chairs?cm_sp=furniture-_-chairs_WorkPro_-_-brand_workpro_main_5_2_0&promo_name=furniture&promo_id=furniture-chairs-WorkPro&promo_creative=chairs_WorkPro&promo_position=brand_workpro_main_5_2_0,WorkPro 12000 Series,https://www.officedepot.com/a/browse/workpro-12000-series/N=5+1444543/?cm_sp=furniture-_-12000-series_WorkPro_-_-brand_workpro-chairs_main_3_1_0&promo_name=furniture&promo_id=furniture-12000-series-WorkPro&promo_creative=12000-series_WorkPro&promo_position=brand_workpro-chairs_main_3_1_0,"WorkPro® 12000 Series Ergonomic Mesh/Premium Fabric Mid-Back Chair, Black/Navy4.5 out of 5 stars. 512 reviews"
1632477222-82,https://www.officedepot.com/cm/brand/workpro-chairs?cm_sp=furniture-_-chairs_WorkPro_-_-brand_workpro_main_5_2_0&promo_name=furniture&promo_id=furniture-chairs-WorkPro&promo_creative=chairs_WorkPro&promo_position=brand_workpro_main_5_2_0,WorkPro 12000 Series,https://www.officedepot.com/a/browse/workpro-12000-series/N=5+1444543/?cm_sp=furniture-_-12000-series_WorkPro_-_-brand_workpro-chairs_main_3_1_0&promo_name=furniture&promo_id=furniture-12000-series-WorkPro&promo_creative=12000-series_WorkPro&promo_position=brand_workpro-chairs_main_3_1_0,"WorkPro® 12000 Series Ergonomic Mesh/Premium Fabric Mid-Back Chair, Black/Gray4.5 out of 5 stars. 512 reviews"
1632477222-79,https://www.officedepot.com/cm/brand/workpro-chairs?cm_sp=furniture-_-chairs_WorkPro_-_-brand_workpro_main_5_2_0&promo_name=furniture&promo_id=furniture-chairs-WorkPro&promo_creative=chairs_WorkPro&promo_position=brand_workpro_main_5_2_0,WorkPro 12000 Series,https://www.officedepot.com/a/browse/workpro-12000-series/N=5+1444543/?cm_sp=furniture-_-12000-series_WorkPro_-_-brand_workpro-chairs_main_3_1_0&promo_name=furniture&promo_id=furniture-12000-series-WorkPro&promo_creative=12000-series_WorkPro&promo_position=brand_workpro-chairs_main_3_1_0,"WorkPro® 12000 Series Ergonomic Mesh/Premium Fabric Mid-Back Chair, Black/Royal4.5 out of 5 stars. 512 reviews"
